H2SH,H2SL,NH3,PIDmV,PIDppm,T1,RH1,T2,RH2,LAT,LONG,ALT,ACC,t
-0.49,-0.29,0.08,26,2.18,21.25,50.94,20.55,55.32,41.3695755005,1.9969770908,145.2344055176,0.0141,17
-0.11,-0.29,0.08,27,2.27,21.25,50.94,20.55,55.32,41.3695755005,1.9969770908,145.2344055176,0.0141,18
-0.4,-0.29,0.1,27,2.27,21.25,50.94,20.55,55.32,41.3695755005,1.9969770908,145.2344055176,0.0141,19
-0.4,-0.29,0.09,26,2.27,21.25,50.94,20.55,55.32,41.3695755005,1.9969770908,145.2344055176,0.0141,20
-0.21,-0.27,0.1,26,2.18,21.25,50.94,20.55,55.32,41.3695755005,1.9969770908,145.2344055176,0.0141,21
-0.21,-0.27,0.1,26,2.18,21.25,50.94,20.55,55.32,41.3695755005,1.9969770908,145.2344055176,0.0141,22
-0.11,-0.23,0.11,28,2.36,21.25,50.94,20.55,55.32,41.3695755005,1.9969770908,145.2344055176,0.0141,23
-0.11,-0.29,0.1,27,2.36,21.25,50.94,20.55,55.32,41.3695755005,1.9969770908,145.2344055176,0.0141,24
-0.11,-0.27,0.11,26,2.27,21.25,50.94,20.55,55.32,41.3695755005,1.9969770908,145.2344055176,0.0141,25
-0.3,-0.27,0.11,26,2.18,21.25,50.94,20.55,55.32,41.3695755005,1.9969770908,145.2344055176,0.0141,26
-0.11,-0.27,0.12,27,2.27,21.25,50.94,20.55,55.32,41.3695755005,1.9969770908,145.2344055176,0.0141,27
-0.11,-0.27,0.12,26,2.18,21.25,50.94,20.55,55.32,41.3695755005,1.9969770908,145.2344055176,0.0141,28
-0.3,-0.31,0.12,26,2.18,21.25,50.94,20.55,55.32,41.3695755005,1.9969770908,145.2344055176,0.0141,29
-0.11,-0.23,0.13,28,2.36,21.25,50.94,20.55,55.32,41.3695755005,1.9969770908,145.2344055176,0.0141,30
-0.01,-0.29,0.13,26,2.27,21.3,51.03,20.56,55.46,41.3695755005,1.99697721,145.2328033447,0.0141,30
0.08,-0.27,0.14,27,2.27,21.3,51.03,20.56,55.46,41.3695755005,1.99697721,145.2328033447,0.0141,30.6666666666667
-0.21,-0.27,0.15,27,2.36,21.3,51.03,20.56,55.46,41.3695755005,1.99697721,145.2328033447,0.0141,31.3333333333333
-0.21,-0.27,0.15,28,2.36,21.3,51.03,20.56,55.46,41.3695755005,1.99697721,145.2328033447,0.0141,32
-0.21,-0.31,0.15,27,2.27,21.3,51.03,20.56,55.46,41.3695755005,1.99697721,145.2328033447,0.0141,32.6666666666667
0.08,-0.27,0.15,27,2.36,21.3,51.03,20.56,55.46,41.3695755005,1.99697721,145.2328033447,0.0141,33.3333333333333
-0.11,-0.29,0.16,26,2.27,21.3,51.03,20.56,55.46,41.3695755005,1.99697721,145.2328033447,0.0141,34
-0.21,-0.31,0.15,27,2.18,21.3,51.03,20.56,55.46,41.3695755005,1.99697721,145.2328033447,0.0141,34.6666666666667
-0.01,-0.31,0.15,28,2.36,21.3,51.03,20.56,55.46,41.3695755005,1.99697721,145.2328033447,0.0141,35.3333333333333
-0.21,-0.31,0.16,26,2.27,21.3,51.03,20.56,55.46,41.3695755005,1.99697721,145.2328033447,0.0141,36
-0.21,-0.27,0.16,28,2.36,21.3,51.03,20.56,55.46,41.3695755005,1.99697721,145.2328033447,0.0141,36.6666666666667
-0.21,-0.29,0.15,26,2.27,21.3,51.03,20.56,55.46,41.3695755005,1.99697721,145.2328033447,0.0141,37.3333333333333
0.08,-0.23,0.16,27,2.27,21.3,51.03,20.56,55.46,41.3695755005,1.99697721,145.2328033447,0.0141,38
0.08,-0.29,0.17,26,2.27,21.3,51.03,20.56,55.46,41.3695755005,1.99697721,145.2328033447,0.0141,38.6666666666667
-0.01,-0.29,0.16,26,2.18,21.3,51.03,20.56,55.46,41.3695755005,1.99697721,145.2328033447,0.0141,39.3333333333333
-0.01,-0.29,0.17,27,2.18,21.31,50.1,20.56,54.78,41.3695755005,1.9969773293,145.2830963135,0.0141,39.3333333333333
-0.11,-0.27,0.16,28,2.27,21.31,50.1,20.56,54.78,41.3695755005,1.9969773293,145.2830963135,0.0141,40.0476190476191
-0.01,-0.27,0.17,26,2.27,21.31,50.1,20.56,54.78,41.3695755005,1.9969773293,145.2830963135,0.0141,40.7619047619048
-0.11,-0.25,0.17,27,2.18,21.31,50.1,20.56,54.78,41.3695755005,1.9969773293,145.2830963135,0.0141,41.4761904761905
-0.01,-0.27,0.17,26,2.18,21.31,50.1,20.56,54.78,41.3695755005,1.9969773293,145.2830963135,0.0141,42.1904761904762
-0.01,-0.29,0.18,27,2.18,21.31,50.1,20.56,54.78,41.3695755005,1.9969773293,145.2830963135,0.0141,42.9047619047619
0.08,-0.27,0.18,26,2.27,21.31,50.1,20.56,54.78,41.3695755005,1.9969773293,145.2830963135,0.0141,43.6190476190476
-0.01,-0.29,0.18,26,2.18,21.31,50.1,20.56,54.78,41.3695755005,1.9969773293,145.2830963135,0.0141,44.3333333333333
-0.21,-0.29,0.17,26,2.27,21.31,50.1,20.56,54.78,41.3695755005,1.9969773293,145.2830963135,0.0141,45.0476190476191
-0.11,-0.35,0.18,27,2.36,21.31,50.1,20.56,54.78,41.3695755005,1.9969773293,145.2830963135,0.0141,45.7619047619048
0.08,-0.19,0.18,29,2.18,21.31,50.1,20.56,54.78,41.3695755005,1.9969773293,145.2830963135,0.0141,46.4761904761905
-0.21,-0.25,0.18,26,2.27,21.31,50.1,20.56,54.78,41.3695755005,1.9969773293,145.2830963135,0.0141,47.1904761904762
-0.01,-0.27,0.18,26,2.18,21.31,50.1,20.56,54.78,41.3695755005,1.9969773293,145.2830963135,0.0141,47.9047619047619
-0.01,-0.27,0.18,26,2.18,21.31,50.1,20.56,54.78,41.3695755005,1.9969773293,145.2830963135,0.0141,48.6190476190476
-0.01,-0.29,0.18,27,2.27,21.31,50.65,20.55,55.13,41.3695755005,1.9969750643,146.1564941406,0.3973,48.6190476190476
-0.11,-0.29,0.18,27,2.36,21.31,50.65,20.55,55.13,41.3695755005,1.9969750643,146.1564941406,0.3973,45.2857142857143
-0.01,-0.25,0.19,26,2.27,21.31,50.65,20.55,55.13,41.3695755005,1.9969750643,146.1564941406,0.3973,41.952380952381
0.08,-0.23,0.19,28,2.27,21.31,50.65,20.55,55.13,41.3695755005,1.9969750643,146.1564941406,0.3973,38.6190476190476
0.18,-0.27,0.19,27,2.27,21.31,50.65,20.55,55.13,41.3695755005,1.9969750643,146.1564941406,0.3973,35.2857142857143
-0.21,-0.27,0.18,27,2.27,21.31,50.65,20.55,55.13,41.3695755005,1.9969750643,146.1564941406,0.3973,31.952380952381
-0.21,-0.27,0.18,27,2.09,21.31,50.65,20.55,55.13,41.3695755005,1.9969750643,146.1564941406,0.3973,28.6190476190476
-0.01,-0.27,0.19,27,2.27,21.31,50.65,20.55,55.13,41.3695755005,1.9969750643,146.1564941406,0.3973,25.2857142857143
-0.11,-0.27,0.18,26,2.09,21.31,50.65,20.55,55.13,41.3695755005,1.9969750643,146.1564941406,0.3973,21.952380952381
0.08,-0.27,0.18,26,2.18,21.31,50.65,20.55,55.13,41.3695755005,1.9969750643,146.1564941406,0.3973,18.6190476190476
-0.01,-0.29,0.18,26,2.27,21.31,50.65,20.55,55.13,41.3695755005,1.9969750643,146.1564941406,0.3973,15.2857142857143
0.08,-0.25,0.19,26,2.18,21.31,50.65,20.55,55.13,41.3695755005,1.9969750643,146.1564941406,0.3973,11.952380952381
0.28,-0.23,0.18,27,2.27,21.31,50.65,20.55,55.13,41.3695755005,1.9969750643,146.1564941406,0.3973,8.61904761904762
-0.11,-0.27,0.19,27,2.27,21.31,50.65,20.55,55.13,41.3695755005,1.9969750643,146.1564941406,0.3973,5.28571428571429
-0.01,-0.27,0.19,26,2.27,21.31,50.65,20.55,55.13,41.3695755005,1.9969750643,146.1564941406,0.3973,1.95238095238095
0.18,-0.23,0.2,26,2.36,21.36,50.71,20.62,55.19,41.3695678711,1.996966958,146.2678985596,0.1047,1.95238095238095
-0.01,-0.29,0.19,27,2.27,21.36,50.71,20.62,55.19,41.3695678711,1.996966958,146.2678985596,0.1047,7.52380952380953
-0.11,-0.29,0.19,27,2.27,21.36,50.71,20.62,55.19,41.3695678711,1.996966958,146.2678985596,0.1047,13.0952380952381
-0.11,-0.33,0.19,27,2.18,21.36,50.71,20.62,55.19,41.3695678711,1.996966958,146.2678985596,0.1047,18.6666666666667
0.18,-0.27,0.19,25,2.18,21.36,50.71,20.62,55.19,41.3695678711,1.996966958,146.2678985596,0.1047,24.2380952380952
-0.21,-0.29,0.19,27,2.27,21.36,50.71,20.62,55.19,41.3695678711,1.996966958,146.2678985596,0.1047,29.8095238095238
-0.11,-0.29,0.19,28,2.36,21.36,50.71,20.62,55.19,41.3695678711,1.996966958,146.2678985596,0.1047,35.3809523809524
-0.01,-0.27,0.19,28,2.36,21.36,50.71,20.62,55.19,41.3695678711,1.996966958,146.2678985596,0.1047,40.9523809523809
0.08,-0.27,0.19,26,2.27,21.36,50.71,20.62,55.19,41.3695678711,1.996966958,146.2678985596,0.1047,46.5238095238095
-0.11,-0.27,0.19,26,2.27,21.36,50.71,20.62,55.19,41.3695678711,1.996966958,146.2678985596,0.1047,52.0952380952381
-0.01,-0.31,0.19,27,2.27,21.36,50.71,20.62,55.19,41.3695678711,1.996966958,146.2678985596,0.1047,57.6666666666667
-0.01,-0.25,0.19,26,2.36,21.36,50.71,20.62,55.19,41.3695678711,1.996966958,146.2678985596,0.1047,63.2380952380952
-0.01,-0.25,0.19,27,2.27,21.36,50.71,20.62,55.19,41.3695678711,1.996966958,146.2678985596,0.1047,68.8095238095238
-0.11,-0.31,0.19,26,2.27,21.36,50.71,20.62,55.19,41.3695678711,1.996966958,146.2678985596,0.1047,74.3809523809524
0.08,-0.29,0.19,27,2.27,21.38,50.21,20.59,54.91,41.3695678711,1.9969664812,146.1692962646,0.0899,74.3809523809524
0.18,-0.29,0.19,26,2.18,21.38,50.21,20.59,54.91,41.3695678711,1.9969664812,146.1692962646,0.0899,75.1501831501832
-0.01,-0.29,0.19,27,2.27,21.38,50.21,20.59,54.91,41.3695678711,1.9969664812,146.1692962646,0.0899,75.9194139194139
0.18,-0.25,0.2,27,2.18,21.38,50.21,20.59,54.91,41.3695678711,1.9969664812,146.1692962646,0.0899,76.6886446886447
0.08,-0.25,0.19,27,2.27,21.38,50.21,20.59,54.91,41.3695678711,1.9969664812,146.1692962646,0.0899,77.4578754578755
0.18,-0.23,0.2,26,2.27,21.38,50.21,20.59,54.91,41.3695678711,1.9969664812,146.1692962646,0.0899,78.2271062271062
-0.01,-0.29,0.19,26,2.36,21.38,50.21,20.59,54.91,41.3695678711,1.9969664812,146.1692962646,0.0899,78.996336996337
-0.01,-0.29,0.19,26,2.27,21.38,50.21,20.59,54.91,41.3695678711,1.9969664812,146.1692962646,0.0899,79.7655677655678
-0.01,-0.29,0.19,26,2.27,21.38,50.21,20.59,54.91,41.3695678711,1.9969664812,146.1692962646,0.0899,80.5347985347985
-0.01,-0.29,0.19,28,2.18,21.38,50.21,20.59,54.91,41.3695678711,1.9969664812,146.1692962646,0.0899,81.3040293040293
-0.11,-0.31,0.19,26,2.18,21.38,50.21,20.59,54.91,41.3695678711,1.9969664812,146.1692962646,0.0899,82.0732600732601
-0.11,-0.29,0.19,27,2.27,21.38,50.21,20.59,54.91,41.3695678711,1.9969664812,146.1692962646,0.0899,82.8424908424908
0.18,-0.21,0.19,26,2.27,21.38,50.21,20.59,54.91,41.3695678711,1.9969664812,146.1692962646,0.0899,83.6117216117216
0.08,-0.27,0.2,27,2.36,21.38,49.38,20.64,54.23,41.3695678711,1.9969667196,146.3388977051,0.1134,83.6117216117216
-0.01,-0.25,0.19,26,2.18,21.38,49.38,20.64,54.23,41.3695678711,1.9969667196,146.3388977051,0.1134,84.1831501831502
0.18,-0.33,0.2,27,2.27,21.38,49.38,20.64,54.23,41.3695678711,1.9969667196,146.3388977051,0.1134,84.7545787545787
0.18,-0.27,0.2,27,2.27,21.38,49.38,20.64,54.23,41.3695678711,1.9969667196,146.3388977051,0.1134,85.3260073260073
0.08,-0.31,0.19,28,2.36,21.38,49.38,20.64,54.23,41.3695678711,1.9969667196,146.3388977051,0.1134,85.8974358974359
0.18,-0.29,0.19,27,2.27,21.38,49.38,20.64,54.23,41.3695678711,1.9969667196,146.3388977051,0.1134,86.4688644688645
0.08,-0.31,0.2,26,2.27,21.38,49.38,20.64,54.23,41.3695678711,1.9969667196,146.3388977051,0.1134,87.040293040293
0.37,-0.25,0.2,28,2.27,21.38,49.38,20.64,54.23,41.3695678711,1.9969667196,146.3388977051,0.1134,87.6117216117216
-0.01,-0.31,0.19,27,2.27,21.38,49.38,20.64,54.23,41.3695678711,1.9969667196,146.3388977051,0.1134,88.1831501831502
0.08,-0.27,0.2,26,2.18,21.38,49.38,20.64,54.23,41.3695678711,1.9969667196,146.3388977051,0.1134,88.7545787545787
-0.01,-0.29,0.2,26,2.18,21.38,49.38,20.64,54.23,41.3695678711,1.9969667196,146.3388977051,0.1134,89.3260073260073
0.18,-0.29,0.19,27,2.27,21.38,49.38,20.64,54.23,41.3695678711,1.9969667196,146.3388977051,0.1134,89.8974358974359
0.18,-0.23,0.2,27,2.27,21.38,49.38,20.64,54.23,41.3695678711,1.9969667196,146.3388977051,0.1134,90.4688644688645
0.08,-0.33,0.19,28,2.27,21.38,49.38,20.64,54.23,41.3695678711,1.9969667196,146.3388977051,0.1134,91.040293040293
-0.21,-0.29,0.19,27,2.27,21.45,49.25,20.66,54.03,41.3695678711,1.9969670773,146.6280975342,0.1025,91.040293040293
0.08,-0.31,0.19,27,2.27,21.45,49.25,20.66,54.03,41.3695678711,1.9969670773,146.6280975342,0.1025,92.3736263736264
-0.01,-0.31,0.19,27,2.36,21.45,49.25,20.66,54.03,41.3695678711,1.9969670773,146.6280975342,0.1025,93.7069597069597
0.18,-0.31,0.19,25,2.18,21.45,49.25,20.66,54.03,41.3695678711,1.9969670773,146.6280975342,0.1025,95.040293040293
-0.21,-0.27,0.19,26,2.18,21.45,49.25,20.66,54.03,41.3695678711,1.9969670773,146.6280975342,0.1025,96.3736263736264
-0.01,-0.29,0.19,27,2.27,21.45,49.25,20.66,54.03,41.3695678711,1.9969670773,146.6280975342,0.1025,97.7069597069597
-0.11,-0.27,0.19,26,2.18,21.45,49.25,20.66,54.03,41.3695678711,1.9969670773,146.6280975342,0.1025,99.040293040293
0.08,-0.23,0.2,27,2.36,21.45,49.25,20.66,54.03,41.3695678711,1.9969670773,146.6280975342,0.1025,100.373626373626
0.08,-0.23,0.2,27,2.36,21.45,49.25,20.66,54.03,41.3695678711,1.9969670773,146.6280975342,0.1025,101.70695970696
0.18,-0.29,0.19,26,2.27,21.45,49.25,20.66,54.03,41.3695678711,1.9969670773,146.6280975342,0.1025,103.040293040293
0.08,-0.29,0.19,26,2.27,21.45,49.25,20.66,54.03,41.3695678711,1.9969670773,146.6280975342,0.1025,104.373626373626
-0.11,-0.29,0.19,27,2.27,21.45,49.25,20.66,54.03,41.3695678711,1.9969670773,146.6280975342,0.1025,105.70695970696
0.28,-0.27,0.2,26,2.27,21.45,49.25,20.66,54.03,41.3695678711,1.9969670773,146.6280975342,0.1025,107.040293040293
0.28,-0.27,0.19,26,2.27,21.45,49.25,20.66,54.03,41.3695678711,1.9969670773,146.6280975342,0.1025,108.373626373626
-0.01,-0.29,0.19,26,2.18,21.45,49.25,20.66,54.03,41.3695678711,1.9969670773,146.6280975342,0.1025,109.70695970696
0.37,-0.23,0.19,26,2.27,21.47,48.8,20.69,53.76,41.3695678711,1.9969658852,146.5330047607,0.1238,109.70695970696
-0.01,-0.29,0.19,26,2.18,21.47,48.8,20.69,53.76,41.3695678711,1.9969658852,146.5330047607,0.1238,110.421245421245
-0.01,-0.31,0.19,28,2.36,21.47,48.8,20.69,53.76,41.3695678711,1.9969658852,146.5330047607,0.1238,111.135531135531
0.08,-0.29,0.19,27,2.27,21.47,48.8,20.69,53.76,41.3695678711,1.9969658852,146.5330047607,0.1238,111.849816849817
-0.01,-0.29,0.19,27,2.27,21.47,48.8,20.69,53.76,41.3695678711,1.9969658852,146.5330047607,0.1238,112.564102564103
-0.01,-0.29,0.19,26,2.18,21.47,48.8,20.69,53.76,41.3695678711,1.9969658852,146.5330047607,0.1238,113.278388278388
-0.01,-0.25,0.19,27,2.27,21.47,48.8,20.69,53.76,41.3695678711,1.9969658852,146.5330047607,0.1238,113.992673992674
0.18,-0.25,0.19,26,2.27,21.47,48.8,20.69,53.76,41.3695678711,1.9969658852,146.5330047607,0.1238,114.70695970696
0.47,-0.21,0.19,27,2.36,21.47,48.8,20.69,53.76,41.3695678711,1.9969658852,146.5330047607,0.1238,115.421245421245
0.08,-0.33,0.19,26,2.27,21.47,48.8,20.69,53.76,41.3695678711,1.9969658852,146.5330047607,0.1238,116.135531135531
0.08,-0.27,0.19,26,2.18,21.47,48.8,20.69,53.76,41.3695678711,1.9969658852,146.5330047607,0.1238,116.849816849817
0.08,-0.23,0.19,26,2.27,21.47,48.8,20.69,53.76,41.3695678711,1.9969658852,146.5330047607,0.1238,117.564102564103
-0.01,-0.29,0.19,26,2.27,21.47,48.8,20.69,53.76,41.3695678711,1.9969658852,146.5330047607,0.1238,118.278388278388
0.08,-0.29,0.19,27,2.27,21.47,48.8,20.69,53.76,41.3695678711,1.9969658852,146.5330047607,0.1238,118.992673992674
0.18,-0.27,0.19,27,2.18,21.48,48.87,20.66,53.77,41.3695678711,1.9969670773,146.5415039063,0.0823,118.992673992674
0.08,-0.27,0.19,26,2.18,21.48,48.87,20.66,53.77,41.3695678711,1.9969670773,146.5415039063,0.0823,119.719946719947
0.08,-0.25,0.18,27,2.27,21.48,48.87,20.66,53.77,41.3695678711,1.9969670773,146.5415039063,0.0823,120.447219447219
0.18,-0.23,0.19,26,2.27,21.48,48.87,20.66,53.77,41.3695678711,1.9969670773,146.5415039063,0.0823,121.174492174492
-0.01,-0.31,0.18,26,2.18,21.48,48.87,20.66,53.77,41.3695678711,1.9969670773,146.5415039063,0.0823,121.901764901765
-0.01,-0.27,0.18,26,2.18,21.48,48.87,20.66,53.77,41.3695678711,1.9969670773,146.5415039063,0.0823,122.629037629038
0.28,-0.23,0.19,26,2.27,21.48,48.87,20.66,53.77,41.3695678711,1.9969670773,146.5415039063,0.0823,123.35631035631
0.08,-0.29,0.19,27,2.27,21.48,48.87,20.66,53.77,41.3695678711,1.9969670773,146.5415039063,0.0823,124.083583083583
0.28,-0.29,0.19,26,2.18,21.48,48.87,20.66,53.77,41.3695678711,1.9969670773,146.5415039063,0.0823,124.810855810856
0.28,-0.25,0.19,26,2.27,21.48,48.87,20.66,53.77,41.3695678711,1.9969670773,146.5415039063,0.0823,125.538128538129
0.28,-0.27,0.19,26,2.27,21.48,48.87,20.66,53.77,41.3695678711,1.9969670773,146.5415039063,0.0823,126.265401265401
0.08,-0.23,0.19,25,2.18,21.5,48.81,20.69,53.74,41.3695678711,1.9969666004,146.7693023682,0.1227,126.265401265401
0.08,-0.31,0.19,26,2.27,21.5,48.81,20.69,53.74,41.3695678711,1.9969666004,146.7693023682,0.1227,127.515401265401
0.28,-0.25,0.19,26,2.27,21.5,48.81,20.69,53.74,41.3695678711,1.9969666004,146.7693023682,0.1227,128.765401265401
0.18,-0.31,0.19,26,2.27,21.5,48.81,20.69,53.74,41.3695678711,1.9969666004,146.7693023682,0.1227,130.015401265401
0.28,-0.29,0.19,27,2.18,21.5,48.81,20.69,53.74,41.3695678711,1.9969666004,146.7693023682,0.1227,131.265401265401
0.37,-0.31,0.19,26,2.27,21.5,48.81,20.69,53.74,41.3695678711,1.9969666004,146.7693023682,0.1227,132.515401265401
0.28,-0.29,0.19,28,2.36,21.5,48.81,20.69,53.74,41.3695678711,1.9969666004,146.7693023682,0.1227,133.765401265401
0.08,-0.25,0.19,26,2.18,21.5,48.81,20.69,53.74,41.3695678711,1.9969666004,146.7693023682,0.1227,135.015401265401
0.08,-0.31,0.19,27,2.27,21.5,48.81,20.69,53.74,41.3695678711,1.9969666004,146.7693023682,0.1227,136.265401265401
0.18,-0.27,0.19,28,2.27,21.5,48.81,20.69,53.74,41.3695678711,1.9969666004,146.7693023682,0.1227,137.515401265401
0.08,-0.29,0.19,26,2.27,21.5,48.81,20.69,53.74,41.3695678711,1.9969666004,146.7693023682,0.1227,138.765401265401
0.08,-0.31,0.18,26,2.18,21.5,48.81,20.69,53.74,41.3695678711,1.9969666004,146.7693023682,0.1227,140.015401265401
-0.01,-0.29,0.19,26,2.18,21.5,48.81,20.69,53.74,41.3695678711,1.9969666004,146.7693023682,0.1227,141.265401265401
-0.01,-0.31,0.19,27,2.36,21.5,48.81,20.69,53.74,41.3695678711,1.9969666004,146.7693023682,0.1227,142.515401265401
0.08,-0.29,0.18,24,2.36,21.5,48.81,20.69,53.74,41.3695678711,1.9969666004,146.7693023682,0.1227,143.765401265401
0.28,-0.27,0.19,27,2.27,21.5,48.81,20.69,53.74,41.3695678711,1.9969666004,146.7693023682,0.1227,145.015401265401
0.08,-0.29,0.19,27,2.18,21.55,49.56,20.69,54.36,41.3695678711,1.9969658852,146.6345977783,0.1051,145.015401265401
0.18,-0.25,0.18,26,2.18,21.55,49.56,20.69,54.36,41.3695678711,1.9969658852,146.6345977783,0.1051,145.640401265401
0.28,-0.29,0.19,26,2.27,21.55,49.56,20.69,54.36,41.3695678711,1.9969658852,146.6345977783,0.1051,146.265401265401
0.08,-0.29,0.19,26,2.18,21.55,49.56,20.69,54.36,41.3695678711,1.9969658852,146.6345977783,0.1051,146.890401265401
-0.01,-0.27,0.19,27,2.27,21.55,49.56,20.69,54.36,41.3695678711,1.9969658852,146.6345977783,0.1051,147.515401265401
0.18,-0.31,0.19,26,2.18,21.55,49.56,20.69,54.36,41.3695678711,1.9969658852,146.6345977783,0.1051,148.140401265401
-0.01,-0.33,0.18,26,2.18,21.55,49.56,20.69,54.36,41.3695678711,1.9969658852,146.6345977783,0.1051,148.765401265401
-0.01,-0.31,0.19,27,2.27,21.55,49.56,20.69,54.36,41.3695678711,1.9969658852,146.6345977783,0.1051,149.390401265401
0.28,-0.29,0.19,26,2.18,21.55,49.56,20.69,54.36,41.3695678711,1.9969658852,146.6345977783,0.1051,150.015401265401
0.08,-0.31,0.19,27,2.27,21.55,49.56,20.69,54.36,41.3695678711,1.9969658852,146.6345977783,0.1051,150.640401265401
0.08,-0.29,0.19,27,2.27,21.55,49.56,20.69,54.36,41.3695678711,1.9969658852,146.6345977783,0.1051,151.265401265401
0.37,-0.31,0.19,27,2.36,21.55,49.56,20.69,54.36,41.3695678711,1.9969658852,146.6345977783,0.1051,151.890401265401
0.08,-0.27,0.19,27,2.27,21.55,49.56,20.69,54.36,41.3695678711,1.9969658852,146.6345977783,0.1051,152.515401265401
0.18,-0.29,0.19,27,2.18,21.55,49.56,20.69,54.36,41.3695678711,1.9969658852,146.6345977783,0.1051,153.140401265401
0.37,-0.29,0.19,26,2.18,21.55,49.56,20.69,54.36,41.3695678711,1.9969658852,146.6345977783,0.1051,153.765401265401
0.47,-0.29,0.2,28,2.36,21.55,49.56,20.69,54.36,41.3695678711,1.9969658852,146.6345977783,0.1051,154.390401265401
0.37,-0.29,0.19,26,2.27,21.55,49.21,20.72,54.17,41.3695678711,1.9969667196,146.6083984375,0.092,154.390401265401
0.08,-0.27,0.19,26,2.27,21.55,49.21,20.72,54.17,41.3695678711,1.9969667196,146.6083984375,0.092,155.015401265401
0.37,-0.31,0.19,28,2.36,21.55,49.21,20.72,54.17,41.3695678711,1.9969667196,146.6083984375,0.092,155.640401265401
0.08,-0.31,0.19,27,2.27,21.55,49.21,20.72,54.17,41.3695678711,1.9969667196,146.6083984375,0.092,156.265401265401
0.08,-0.31,0.19,26,2.36,21.55,49.21,20.72,54.17,41.3695678711,1.9969667196,146.6083984375,0.092,156.890401265401
0.08,-0.29,0.19,27,2.27,21.55,49.21,20.72,54.17,41.3695678711,1.9969667196,146.6083984375,0.092,157.515401265401
0.37,-0.29,0.2,27,2.18,21.55,49.21,20.72,54.17,41.3695678711,1.9969667196,146.6083984375,0.092,158.140401265401
-0.01,-0.31,0.19,26,2.18,21.55,49.21,20.72,54.17,41.3695678711,1.9969667196,146.6083984375,0.092,158.765401265401
0.08,-0.33,0.19,26,2.27,21.55,49.21,20.72,54.17,41.3695678711,1.9969667196,146.6083984375,0.092,159.390401265401
0.18,-0.27,0.19,27,2.27,21.55,49.21,20.72,54.17,41.3695678711,1.9969667196,146.6083984375,0.092,160.015401265401
0.18,-0.27,0.19,26,2.27,21.55,49.21,20.72,54.17,41.3695678711,1.9969667196,146.6083984375,0.092,160.640401265401
0.08,-0.27,0.19,27,2.18,21.55,49.21,20.72,54.17,41.3695678711,1.9969667196,146.6083984375,0.092,161.265401265401
-0.11,-0.27,0.19,27,2.27,21.55,49.21,20.72,54.17,41.3695678711,1.9969667196,146.6083984375,0.092,161.890401265401
-0.01,-0.29,0.19,27,2.27,21.55,49.21,20.72,54.17,41.3695678711,1.9969667196,146.6083984375,0.092,162.515401265401
0.08,-0.31,0.19,27,2.27,21.55,49.21,20.72,54.17,41.3695678711,1.9969667196,146.6083984375,0.092,163.140401265401
0.08,-0.27,0.19,26,2.27,21.55,49.21,20.72,54.17,41.3695678711,1.9969667196,146.6083984375,0.092,163.765401265401
0.08,-0.31,0.19,27,2.27,21.58,48.97,20.73,54.02,41.3695678711,1.9969670773,146.7332000732,0.085,163.765401265401
-0.01,-0.31,0.19,26,2.18,21.58,48.97,20.73,54.02,41.3695678711,1.9969670773,146.7332000732,0.085,164.479686979687
-0.01,-0.29,0.19,26,2.18,21.58,48.97,20.73,54.02,41.3695678711,1.9969670773,146.7332000732,0.085,165.193972693973
0.28,-0.25,0.19,26,2.27,21.58,48.97,20.73,54.02,41.3695678711,1.9969670773,146.7332000732,0.085,165.908258408258
0.08,-0.31,0.19,26,2.27,21.58,48.97,20.73,54.02,41.3695678711,1.9969670773,146.7332000732,0.085,166.622544122544
0.28,-0.33,0.19,26,2.18,21.58,48.97,20.73,54.02,41.3695678711,1.9969670773,146.7332000732,0.085,167.33682983683
0.08,-0.29,0.19,26,2.36,21.58,48.97,20.73,54.02,41.3695678711,1.9969670773,146.7332000732,0.085,168.051115551116
-0.01,-0.31,0.18,27,2.27,21.58,48.97,20.73,54.02,41.3695678711,1.9969670773,146.7332000732,0.085,168.765401265401
0.28,-0.27,0.19,27,2.18,21.58,48.97,20.73,54.02,41.3695678711,1.9969670773,146.7332000732,0.085,169.479686979687
-0.01,-0.31,0.19,26,2.18,21.58,48.97,20.73,54.02,41.3695678711,1.9969670773,146.7332000732,0.085,170.193972693973
0.28,-0.31,0.2,28,2.27,21.58,48.97,20.73,54.02,41.3695678711,1.9969670773,146.7332000732,0.085,170.908258408258
0.37,-0.23,0.2,28,2.27,21.58,48.97,20.73,54.02,41.3695678711,1.9969670773,146.7332000732,0.085,171.622544122544
-0.01,-0.29,0.19,26,2.18,21.58,48.97,20.73,54.02,41.3695678711,1.9969670773,146.7332000732,0.085,172.33682983683
0.28,-0.25,0.2,26,2.27,21.58,48.97,20.73,54.02,41.3695678711,1.9969670773,146.7332000732,0.085,173.051115551116
0.28,-0.31,0.19,26,2.27,21.59,48.54,20.75,53.66,41.3695526123,1.9969574213,146.87550354,0.2411,173.051115551116
0.08,-0.27,0.19,27,2.27,21.59,48.54,20.75,53.66,41.3695526123,1.9969574213,146.87550354,0.2411,173.622544122544
0.37,-0.25,0.19,26,2.27,21.59,48.54,20.75,53.66,41.3695526123,1.9969574213,146.87550354,0.2411,174.193972693973
0.37,-0.33,0.19,26,2.27,21.59,48.54,20.75,53.66,41.3695526123,1.9969574213,146.87550354,0.2411,174.765401265401
0.08,-0.29,0.19,26,2.27,21.59,48.54,20.75,53.66,41.3695526123,1.9969574213,146.87550354,0.2411,175.33682983683
0.08,-0.31,0.19,26,2.27,21.59,48.54,20.75,53.66,41.3695526123,1.9969574213,146.87550354,0.2411,175.908258408258
0.18,-0.29,0.19,27,2.27,21.59,48.54,20.75,53.66,41.3695526123,1.9969574213,146.87550354,0.2411,176.479686979687
0.28,-0.31,0.19,27,2.36,21.59,48.54,20.75,53.66,41.3695526123,1.9969574213,146.87550354,0.2411,177.051115551116
0.37,-0.25,0.19,26,2.36,21.59,48.54,20.75,53.66,41.3695526123,1.9969574213,146.87550354,0.2411,177.622544122544
0.28,-0.29,0.18,27,2.27,21.59,48.54,20.75,53.66,41.3695526123,1.9969574213,146.87550354,0.2411,178.193972693973
0.37,-0.29,0.19,27,2.27,21.59,48.54,20.75,53.66,41.3695526123,1.9969574213,146.87550354,0.2411,178.765401265401
0.28,-0.33,0.19,26,2.27,21.59,48.54,20.75,53.66,41.3695526123,1.9969574213,146.87550354,0.2411,179.33682983683
0.18,-0.33,0.18,26,2.27,21.59,48.54,20.75,53.66,41.3695526123,1.9969574213,146.87550354,0.2411,179.908258408258
0.28,-0.27,0.18,28,2.27,21.59,48.54,20.75,53.66,41.3695526123,1.9969574213,146.87550354,0.2411,180.479686979687
0.18,-0.29,0.18,27,2.27,21.59,48.45,20.8,53.48,41.3695335388,1.9969134331,146.7890930176,1.4515,180.479686979687
0.28,-0.27,0.18,28,2.36,21.59,48.45,20.8,53.48,41.3695335388,1.9969134331,146.7890930176,1.4515,181.01302031302
0.28,-0.27,0.19,26,2.27,21.59,48.45,20.8,53.48,41.3695335388,1.9969134331,146.7890930176,1.4515,181.546353646354
0.28,-0.27,0.18,27,2.36,21.59,48.45,20.8,53.48,41.3695335388,1.9969134331,146.7890930176,1.4515,182.079686979687
0.28,-0.27,0.18,27,2.27,21.59,48.45,20.8,53.48,41.3695335388,1.9969134331,146.7890930176,1.4515,182.61302031302
0.18,-0.31,0.19,26,2.27,21.59,48.45,20.8,53.48,41.3695335388,1.9969134331,146.7890930176,1.4515,183.146353646354
0.18,-0.25,0.18,27,2.27,21.59,48.45,20.8,53.48,41.3695335388,1.9969134331,146.7890930176,1.4515,183.679686979687
0.28,-0.29,0.19,27,2.27,21.59,48.45,20.8,53.48,41.3695335388,1.9969134331,146.7890930176,1.4515,184.21302031302
0.08,-0.29,0.18,26,2.36,21.59,48.45,20.8,53.48,41.3695335388,1.9969134331,146.7890930176,1.4515,184.746353646354
0.28,-0.29,0.19,27,2.27,21.59,48.45,20.8,53.48,41.3695335388,1.9969134331,146.7890930176,1.4515,185.279686979687
0.08,-0.29,0.18,26,2.27,21.59,48.45,20.8,53.48,41.3695335388,1.9969134331,146.7890930176,1.4515,185.81302031302
0.08,-0.29,0.18,27,2.27,21.59,48.45,20.8,53.48,41.3695335388,1.9969134331,146.7890930176,1.4515,186.346353646354
0.18,-0.31,0.19,28,2.27,21.59,48.45,20.8,53.48,41.3695335388,1.9969134331,146.7890930176,1.4515,186.879686979687
0.08,-0.31,0.18,27,2.18,21.59,48.45,20.8,53.48,41.3695335388,1.9969134331,146.7890930176,1.4515,187.41302031302
0.28,-0.29,0.19,26,2.18,21.59,48.45,20.8,53.48,41.3695335388,1.9969134331,146.7890930176,1.4515,187.946353646354
0.18,-0.27,0.19,28,2.36,21.61,49.13,20.83,53.98,41.36951828,1.996820569,128.7344055176,6.1732,187.946353646354
0.18,-0.31,0.19,26,2.36,21.61,49.13,20.83,53.98,41.36951828,1.996820569,128.7344055176,6.1732,201.946353646354
0.28,-0.27,0.19,27,2.36,21.66,49.4,20.86,54.21,41.3695106506,1.9967412949,120.2240982056,6.593,201.946353646354
0.08,-0.29,0.19,26,2.27,21.66,49.4,20.86,54.21,41.3695106506,1.9967412949,120.2240982056,6.593,205.946353646354
0.18,-0.27,0.2,27,2.18,21.66,49.4,20.86,54.21,41.3695106506,1.9967412949,120.2240982056,6.593,209.946353646354
0.47,-0.29,0.19,28,2.27,21.66,49.4,20.86,54.21,41.3695106506,1.9967412949,120.2240982056,6.593,213.946353646354
0.18,-0.31,0.19,26,2.18,21.64,49.59,20.81,54.43,41.3695030212,1.9967303276,113.8187026978,7.3485,213.946353646354
0.08,-0.33,0.19,27,2.27,21.64,49.59,20.81,54.43,41.3695030212,1.9967303276,113.8187026978,7.3485,214.660639360639
0.37,-0.25,0.2,26,2.18,21.64,49.59,20.81,54.43,41.3695030212,1.9967303276,113.8187026978,7.3485,215.374925074925
0.18,-0.29,0.2,28,2.36,21.64,49.59,20.81,54.43,41.3695030212,1.9967303276,113.8187026978,7.3485,216.089210789211
0.28,-0.29,0.19,27,2.18,21.64,49.59,20.81,54.43,41.3695030212,1.9967303276,113.8187026978,7.3485,216.803496503496
0.08,-0.29,0.19,27,2.18,21.64,49.59,20.81,54.43,41.3695030212,1.9967303276,113.8187026978,7.3485,217.517782217782
0.28,-0.29,0.19,26,2.36,21.64,49.59,20.81,54.43,41.3695030212,1.9967303276,113.8187026978,7.3485,218.232067932068
0.28,-0.29,0.2,27,2.27,21.64,49.59,20.81,54.43,41.3695030212,1.9967303276,113.8187026978,7.3485,218.946353646354
0.28,-0.31,0.19,25,2.18,21.64,49.59,20.81,54.43,41.3695030212,1.9967303276,113.8187026978,7.3485,219.660639360639
0.08,-0.31,0.19,27,2.27,21.64,49.59,20.81,54.43,41.3695030212,1.9967303276,113.8187026978,7.3485,220.374925074925
0.28,-0.29,0.2,26,2.27,21.64,49.59,20.81,54.43,41.3695030212,1.9967303276,113.8187026978,7.3485,221.089210789211
0.28,-0.29,0.2,28,2.36,21.64,49.59,20.81,54.43,41.3695030212,1.9967303276,113.8187026978,7.3485,221.803496503496
0.28,-0.29,0.2,26,2.27,21.64,49.59,20.81,54.43,41.3695030212,1.9967303276,113.8187026978,7.3485,222.517782217782
0.28,-0.31,0.2,28,2.27,21.64,49.59,20.81,54.43,41.3695030212,1.9967303276,113.8187026978,7.3485,223.232067932068
-0.01,-0.29,0.2,26,2.27,21.64,48.84,20.84,53.86,41.3694915771,1.9967278242,107.3320007324,7.7765,223.232067932068
-0.01,-0.31,0.19,27,2.18,21.64,48.84,20.84,53.86,41.3694915771,1.9967278242,107.3320007324,7.7765,223.898734598735
0.08,-0.33,0.19,28,2.36,21.64,48.84,20.84,53.86,41.3694915771,1.9967278242,107.3320007324,7.7765,224.565401265401
0.18,-0.29,0.19,26,2.27,21.64,48.84,20.84,53.86,41.3694915771,1.9967278242,107.3320007324,7.7765,225.232067932068
0.28,-0.31,0.19,27,2.36,21.64,48.84,20.84,53.86,41.3694915771,1.9967278242,107.3320007324,7.7765,225.898734598735
0.28,-0.25,0.19,28,2.36,21.64,48.84,20.84,53.86,41.3694915771,1.9967278242,107.3320007324,7.7765,226.565401265401
0.18,-0.31,0.19,26,2.18,21.64,48.84,20.84,53.86,41.3694915771,1.9967278242,107.3320007324,7.7765,227.232067932068
0.28,-0.33,0.19,26,2.18,21.64,48.84,20.84,53.86,41.3694915771,1.9967278242,107.3320007324,7.7765,227.898734598735
0.08,-0.29,0.19,26,2.18,21.64,48.84,20.84,53.86,41.3694915771,1.9967278242,107.3320007324,7.7765,228.565401265401
0.28,-0.23,0.19,27,2.36,21.64,48.84,20.84,53.86,41.3694915771,1.9967278242,107.3320007324,7.7765,229.232067932068
0.18,-0.29,0.19,26,2.27,21.64,48.84,20.84,53.86,41.3694915771,1.9967278242,107.3320007324,7.7765,229.898734598735
0.08,-0.29,0.19,27,2.36,21.64,48.84,20.84,53.86,41.3694915771,1.9967278242,107.3320007324,7.7765,230.565401265401
-0.01,-0.21,0.19,27,2.27,21.64,48.84,20.84,53.86,41.3694915771,1.9967278242,107.3320007324,7.7765,231.232067932068
0.18,-0.29,0.19,26,2.27,21.64,48.84,20.84,53.86,41.3694915771,1.9967278242,107.3320007324,7.7765,231.898734598735
0.18,-0.29,0.19,25,2.18,21.64,48.84,20.84,53.86,41.3694915771,1.9967278242,107.3320007324,7.7765,232.565401265401
0.28,-0.27,0.19,25,2.55,21.66,48.77,20.88,53.71,41.3694839478,1.9967216253,98.9800033569,7.8412,232.565401265401
0.18,-0.21,0.19,27,2.27,21.66,48.77,20.88,53.71,41.3694839478,1.9967216253,98.9800033569,7.8412,233.065401265401
-0.11,-0.29,0.19,26,2.27,21.66,48.77,20.88,53.71,41.3694839478,1.9967216253,98.9800033569,7.8412,233.565401265401
-0.11,-0.29,0.19,26,2.27,21.66,48.77,20.88,53.71,41.3694839478,1.9967216253,98.9800033569,7.8412,234.065401265401
0.18,-0.29,0.19,27,2.27,21.66,48.77,20.88,53.71,41.3694839478,1.9967216253,98.9800033569,7.8412,234.565401265401
0.28,-0.29,0.2,26,2.27,21.66,48.77,20.88,53.71,41.3694839478,1.9967216253,98.9800033569,7.8412,235.065401265401
0.08,-0.29,0.19,26,2.27,21.66,48.77,20.88,53.71,41.3694839478,1.9967216253,98.9800033569,7.8412,235.565401265401
0.28,-0.25,0.19,26,2.27,21.66,48.77,20.88,53.71,41.3694839478,1.9967216253,98.9800033569,7.8412,236.065401265401
-0.01,-0.27,0.2,27,2.27,21.66,48.77,20.88,53.71,41.3694839478,1.9967216253,98.9800033569,7.8412,236.565401265401
0.08,-0.27,0.19,27,2.27,21.66,48.77,20.88,53.71,41.3694839478,1.9967216253,98.9800033569,7.8412,237.065401265401
0.18,-0.21,0.19,26,2.18,21.66,48.77,20.88,53.71,41.3694839478,1.9967216253,98.9800033569,7.8412,237.565401265401
-0.01,-0.29,0.19,27,2.27,21.66,48.77,20.88,53.71,41.3694839478,1.9967216253,98.9800033569,7.8412,238.065401265401
0.18,-0.25,0.19,28,2.36,21.66,48.77,20.88,53.71,41.3694839478,1.9967216253,98.9800033569,7.8412,238.565401265401
0.18,-0.33,0.19,27,2.27,21.66,48.77,20.88,53.71,41.3694839478,1.9967216253,98.9800033569,7.8412,239.065401265401
0.18,-0.27,0.19,26,2.18,21.66,48.77,20.88,53.71,41.3694839478,1.9967216253,98.9800033569,7.8412,239.565401265401
0.18,-0.31,0.19,27,2.36,21.66,48.77,20.88,53.71,41.3694839478,1.9967216253,98.9800033569,7.8412,240.065401265401
0.18,-0.31,0.19,27,2.36,21.67,48.96,20.89,53.85,41.3695068359,1.9966984987,93.9400024414,7.8442,240.065401265401
0.18,-0.23,0.19,27,2.36,21.67,48.96,20.89,53.85,41.3695068359,1.9966984987,93.9400024414,7.8442,240.565401265401
0.08,-0.31,0.19,26,2.18,21.67,48.96,20.89,53.85,41.3695068359,1.9966984987,93.9400024414,7.8442,241.065401265401
-0.11,-0.31,0.19,26,2.27,21.67,48.96,20.89,53.85,41.3695068359,1.9966984987,93.9400024414,7.8442,241.565401265401
0.08,-0.33,0.19,26,2.27,21.67,48.96,20.89,53.85,41.3695068359,1.9966984987,93.9400024414,7.8442,242.065401265401
0.08,-0.31,0.19,26,2.18,21.67,48.96,20.89,53.85,41.3695068359,1.9966984987,93.9400024414,7.8442,242.565401265401
0.08,-0.33,0.19,26,2.18,21.67,48.96,20.89,53.85,41.3695068359,1.9966984987,93.9400024414,7.8442,243.065401265401
0.18,-0.37,0.19,26,2.27,21.67,48.96,20.89,53.85,41.3695068359,1.9966984987,93.9400024414,7.8442,243.565401265401
-0.01,-0.31,0.19,26,2.18,21.67,48.96,20.89,53.85,41.3695068359,1.9966984987,93.9400024414,7.8442,244.065401265401
0.28,-0.31,0.19,26,2.27,21.67,48.96,20.89,53.85,41.3695068359,1.9966984987,93.9400024414,7.8442,244.565401265401
0.28,-0.31,0.19,26,2.36,21.67,48.96,20.89,53.85,41.3695068359,1.9966984987,93.9400024414,7.8442,245.065401265401
0.18,-0.27,0.19,27,2.27,21.67,48.96,20.89,53.85,41.3695068359,1.9966984987,93.9400024414,7.8442,245.565401265401
0.18,-0.31,0.19,25,2.18,21.67,48.96,20.89,53.85,41.3695068359,1.9966984987,93.9400024414,7.8442,246.065401265401
0.37,-0.23,0.19,27,2.27,21.67,48.96,20.89,53.85,41.3695068359,1.9966984987,93.9400024414,7.8442,246.565401265401
0.28,-0.29,0.19,27,2.36,21.67,48.96,20.89,53.85,41.3695068359,1.9966984987,93.9400024414,7.8442,247.065401265401
0.08,-0.31,0.19,27,2.27,21.67,48.96,20.89,53.85,41.3695068359,1.9966984987,93.9400024414,7.8442,247.565401265401
0.08,-0.29,0.19,28,2.27,21.69,49.16,20.89,54.02,41.3695220947,1.9966877699,89.5511016846,7.8154,247.565401265401
0.08,-0.31,0.19,26,2.27,21.69,49.16,20.89,54.02,41.3695220947,1.9966877699,89.5511016846,7.8154,248.065401265401
0.18,-0.29,0.19,27,2.18,21.69,49.16,20.89,54.02,41.3695220947,1.9966877699,89.5511016846,7.8154,248.565401265401
0.37,-0.27,0.19,26,2.18,21.69,49.16,20.89,54.02,41.3695220947,1.9966877699,89.5511016846,7.8154,249.065401265401
0.37,-0.29,0.2,27,2.36,21.69,49.16,20.89,54.02,41.3695220947,1.9966877699,89.5511016846,7.8154,249.565401265401
0.18,-0.29,0.2,27,2.27,21.69,49.16,20.89,54.02,41.3695220947,1.9966877699,89.5511016846,7.8154,250.065401265401
-0.01,-0.29,0.19,27,2.27,21.69,49.16,20.89,54.02,41.3695220947,1.9966877699,89.5511016846,7.8154,250.565401265401
0.08,-0.31,0.19,27,2.18,21.69,49.16,20.89,54.02,41.3695220947,1.9966877699,89.5511016846,7.8154,251.065401265401
0.28,-0.25,0.19,27,2.36,21.69,49.16,20.89,54.02,41.3695220947,1.9966877699,89.5511016846,7.8154,251.565401265401
0.18,-0.31,0.19,27,2.27,21.69,49.16,20.89,54.02,41.3695220947,1.9966877699,89.5511016846,7.8154,252.065401265401
0.08,-0.31,0.19,26,2.36,21.69,49.16,20.89,54.02,41.3695220947,1.9966877699,89.5511016846,7.8154,252.565401265401
0.18,-0.29,0.2,27,2.27,21.69,49.16,20.89,54.02,41.3695220947,1.9966877699,89.5511016846,7.8154,253.065401265401
0.18,-0.23,0.19,26,2.18,21.69,49.16,20.89,54.02,41.3695220947,1.9966877699,89.5511016846,7.8154,253.565401265401
0.28,-0.25,0.19,26,2.18,21.69,49.16,20.89,54.02,41.3695220947,1.9966877699,89.5511016846,7.8154,254.065401265401
0.18,-0.23,0.19,27,2.18,21.69,49.16,20.89,54.02,41.3695220947,1.9966877699,89.5511016846,7.8154,254.565401265401
0.18,-0.27,0.19,28,2.45,21.69,49.16,20.89,54.02,41.3695220947,1.9966877699,89.5511016846,7.8154,255.065401265401
0.18,-0.31,0.19,27,2.27,21.67,48.86,20.91,53.75,41.36951828,1.9966775179,88.7740020752,7.177,255.065401265401
0.28,-0.27,0.19,27,2.18,21.67,48.86,20.91,53.75,41.36951828,1.9966775179,88.7740020752,7.177,257.351115551116
0.18,-0.27,0.19,26,2.18,21.67,48.86,20.91,53.75,41.36951828,1.9966775179,88.7740020752,7.177,259.63682983683
0.37,-0.27,0.2,26,2.18,21.67,48.86,20.91,53.75,41.36951828,1.9966775179,88.7740020752,7.177,261.922544122544
0.47,-0.27,0.19,27,2.27,21.67,48.86,20.91,53.75,41.36951828,1.9966775179,88.7740020752,7.177,264.208258408258
0.18,-0.29,0.19,27,2.18,21.67,48.86,20.91,53.75,41.36951828,1.9966775179,88.7740020752,7.177,266.493972693973
0.28,-0.27,0.2,26,2.27,21.67,48.86,20.91,53.75,41.36951828,1.9966775179,88.7740020752,7.177,268.779686979687
-0.01,-0.29,0.19,27,2.27,21.72,48.41,20.91,53.38,41.36951828,1.9966845512,86.5335998535,6.7356,268.779686979687
0.08,-0.29,0.19,26,2.27,21.72,48.41,20.91,53.38,41.36951828,1.9966845512,86.5335998535,6.7356,270.379686979687
0.18,-0.25,0.19,26,2.18,21.72,48.41,20.91,53.38,41.36951828,1.9966845512,86.5335998535,6.7356,271.979686979687
-0.01,-0.29,0.19,26,2.27,21.72,48.41,20.91,53.38,41.36951828,1.9966845512,86.5335998535,6.7356,273.579686979687
0.28,-0.29,0.2,27,2.27,21.72,48.41,20.91,53.38,41.36951828,1.9966845512,86.5335998535,6.7356,275.179686979687
0.08,-0.31,0.19,26,2.18,21.72,48.41,20.91,53.38,41.36951828,1.9966845512,86.5335998535,6.7356,276.779686979687
-0.01,-0.29,0.19,26,2.27,21.72,48.41,20.91,53.38,41.36951828,1.9966845512,86.5335998535,6.7356,278.379686979687
0.37,-0.29,0.19,27,2.27,21.72,48.41,20.91,53.38,41.36951828,1.9966845512,86.5335998535,6.7356,279.979686979687
-0.01,-0.27,0.18,27,2.27,21.72,48.41,20.91,53.38,41.36951828,1.9966845512,86.5335998535,6.7356,281.579686979687
0.18,-0.29,0.19,28,2.27,21.72,48.41,20.91,53.38,41.36951828,1.9966845512,86.5335998535,6.7356,283.179686979687
0.18,-0.23,0.2,27,2.27,21.7,49,20.95,53.93,41.3695144653,1.9967082739,83.0000991821,6.8019,283.179686979687
0.18,-0.25,0.2,26,2.27,21.7,49,20.95,53.93,41.3695144653,1.9967082739,83.0000991821,6.8019,284.564302364302
-0.01,-0.27,0.19,26,2.27,21.7,49,20.95,53.93,41.3695144653,1.9967082739,83.0000991821,6.8019,285.948917748918
0.08,-0.27,0.19,27,2.27,21.7,49,20.95,53.93,41.3695144653,1.9967082739,83.0000991821,6.8019,287.333533133533
0.28,-0.27,0.19,27,2.27,21.7,49,20.95,53.93,41.3695144653,1.9967082739,83.0000991821,6.8019,288.718148518148
-0.01,-0.27,0.18,27,2.27,21.7,49,20.95,53.93,41.3695144653,1.9967082739,83.0000991821,6.8019,290.102763902764
0.18,-0.23,0.2,27,2.27,21.7,49,20.95,53.93,41.3695144653,1.9967082739,83.0000991821,6.8019,291.487379287379
0.28,-0.21,0.19,27,2.36,21.7,49,20.95,53.93,41.3695144653,1.9967082739,83.0000991821,6.8019,292.871994671995
0.18,-0.27,0.19,26,2.18,21.7,49,20.95,53.93,41.3695144653,1.9967082739,83.0000991821,6.8019,294.25661005661
0.28,-0.29,0.19,26,2.27,21.7,49,20.95,53.93,41.3695144653,1.9967082739,83.0000991821,6.8019,295.641225441225
0.18,-0.29,0.19,26,2.18,21.7,49,20.95,53.93,41.3695144653,1.9967082739,83.0000991821,6.8019,297.025840825841
0.18,-0.31,0.19,25,2.18,21.7,49,20.95,53.93,41.3695144653,1.9967082739,83.0000991821,6.8019,298.410456210456
-0.01,-0.33,0.19,26,2.27,21.7,49,20.95,53.93,41.3695144653,1.9967082739,83.0000991821,6.8019,299.795071595072
0.08,-0.29,0.19,31,2.45,21.75,49.03,20.97,53.86,41.3694953918,1.9966636896,84.8673019409,6.1075,299.795071595072
0.08,-0.31,0.2,26,2.18,21.75,49.03,20.97,53.86,41.3694953918,1.9966636896,84.8673019409,6.1075,301.509357309357
0.08,-0.29,0.19,27,2.27,21.75,49.03,20.97,53.86,41.3694953918,1.9966636896,84.8673019409,6.1075,303.223643023643
-0.01,-0.27,0.19,26,2.18,21.75,49.03,20.97,53.86,41.3694953918,1.9966636896,84.8673019409,6.1075,304.937928737929
-0.01,-0.29,0.19,26,2.27,21.75,49.03,20.97,53.86,41.3694953918,1.9966636896,84.8673019409,6.1075,306.652214452214
-0.01,-0.31,0.19,27,2.18,21.75,49.03,20.97,53.86,41.3694953918,1.9966636896,84.8673019409,6.1075,308.3665001665
-0.01,-0.27,0.19,27,2.18,21.75,49.03,20.97,53.86,41.3694953918,1.9966636896,84.8673019409,6.1075,310.080785880786
0.08,-0.29,0.19,24,2,21.75,49.03,20.97,53.86,41.3694953918,1.9966636896,84.8673019409,6.1075,311.795071595072
-0.11,-0.27,0.19,27,2.27,21.75,49.03,20.97,53.86,41.3694953918,1.9966636896,84.8673019409,6.1075,313.509357309357
0.28,-0.21,0.2,27,2.18,21.75,49.03,20.97,53.86,41.3694953918,1.9966636896,84.8673019409,6.1075,315.223643023643
-0.11,-0.31,0.19,27,2.27,21.75,49.03,20.97,53.86,41.3694953918,1.9966636896,84.8673019409,6.1075,316.937928737929
-0.01,-0.29,0.19,26,2.27,21.75,49.03,20.97,53.86,41.3694953918,1.9966636896,84.8673019409,6.1075,318.652214452214
0.18,-0.25,0.2,26,2.27,21.75,49.03,20.97,53.86,41.3694953918,1.9966636896,84.8673019409,6.1075,320.3665001665
0.28,-0.23,0.2,27,2.27,21.75,49.03,20.97,53.86,41.3694953918,1.9966636896,84.8673019409,6.1075,322.080785880786
0.08,-0.27,0.19,28,2.36,21.75,48.4,20.97,53.43,41.3694763184,1.9966130257,113.2545013428,5.0147,322.080785880786
0.18,-0.27,0.19,25,2.18,21.75,48.4,20.97,53.43,41.3694763184,1.9966130257,113.2545013428,5.0147,322.652214452214
0.18,-0.25,0.19,26,2.27,21.75,48.4,20.97,53.43,41.3694763184,1.9966130257,113.2545013428,5.0147,323.223643023643
-0.01,-0.23,0.19,27,2.27,21.75,48.4,20.97,53.43,41.3694763184,1.9966130257,113.2545013428,5.0147,323.795071595072
0.37,-0.25,0.2,27,2.27,21.75,48.4,20.97,53.43,41.3694763184,1.9966130257,113.2545013428,5.0147,324.3665001665
-0.11,-0.29,0.19,27,2.27,21.75,48.4,20.97,53.43,41.3694763184,1.9966130257,113.2545013428,5.0147,324.937928737929
-0.01,-0.27,0.19,25,2.18,21.75,48.4,20.97,53.43,41.3694763184,1.9966130257,113.2545013428,5.0147,325.509357309357
-0.01,-0.29,0.19,26,2.18,21.75,48.4,20.97,53.43,41.3694763184,1.9966130257,113.2545013428,5.0147,326.080785880786
-0.21,-0.27,0.19,27,2.36,21.75,48.4,20.97,53.43,41.3694763184,1.9966130257,113.2545013428,5.0147,326.652214452214
0.47,-0.25,0.2,25,2.18,21.75,48.4,20.97,53.43,41.3694763184,1.9966130257,113.2545013428,5.0147,327.223643023643
0.08,-0.33,0.19,27,2.36,21.75,48.4,20.97,53.43,41.3694763184,1.9966130257,113.2545013428,5.0147,327.795071595072
0.08,-0.33,0.19,27,2.18,21.75,48.4,20.97,53.43,41.3694763184,1.9966130257,113.2545013428,5.0147,328.3665001665
0.18,-0.33,0.18,27,2.36,21.75,48.4,20.97,53.43,41.3694763184,1.9966130257,113.2545013428,5.0147,328.937928737929
0.08,-0.25,0.19,26,2.27,21.75,48.4,20.97,53.43,41.3694763184,1.9966130257,113.2545013428,5.0147,329.509357309357
0.08,-0.31,0.19,26,2.27,21.73,48.29,20.98,53.31,41.3694915771,1.9965404272,110.9152984619,4.2871,329.509357309357
0.08,-0.29,0.19,28,2.36,21.73,48.29,20.98,53.31,41.3694915771,1.9965404272,110.9152984619,4.2871,330.223643023643
0.08,-0.25,0.19,26,2.27,21.73,48.29,20.98,53.31,41.3694915771,1.9965404272,110.9152984619,4.2871,330.937928737929
-0.01,-0.29,0.19,26,2.27,21.73,48.29,20.98,53.31,41.3694915771,1.9965404272,110.9152984619,4.2871,331.652214452214
0.28,-0.29,0.19,27,2.27,21.73,48.29,20.98,53.31,41.3694915771,1.9965404272,110.9152984619,4.2871,332.3665001665
0.37,-0.29,0.2,27,2.36,21.73,48.29,20.98,53.31,41.3694915771,1.9965404272,110.9152984619,4.2871,333.080785880786
0.37,-0.29,0.2,26,2.18,21.73,48.29,20.98,53.31,41.3694915771,1.9965404272,110.9152984619,4.2871,333.795071595072
0.28,-0.27,0.19,27,2.27,21.73,48.29,20.98,53.31,41.3694915771,1.9965404272,110.9152984619,4.2871,334.509357309357
0.08,-0.29,0.19,26,2.27,21.73,48.29,20.98,53.31,41.3694915771,1.9965404272,110.9152984619,4.2871,335.223643023643
0.18,-0.25,0.2,27,2.18,21.73,48.29,20.98,53.31,41.3694915771,1.9965404272,110.9152984619,4.2871,335.937928737929
0.28,-0.29,0.19,26,2.27,21.73,48.29,20.98,53.31,41.3694915771,1.9965404272,110.9152984619,4.2871,336.652214452214
0.08,-0.29,0.19,26,2.27,21.73,48.29,20.98,53.31,41.3694915771,1.9965404272,110.9152984619,4.2871,337.3665001665
-0.01,-0.31,0.19,26,2.18,21.73,48.29,20.98,53.31,41.3694915771,1.9965404272,110.9152984619,4.2871,338.080785880786
0.08,-0.27,0.19,26,2.18,21.73,48.29,20.98,53.31,41.3694915771,1.9965404272,110.9152984619,4.2871,338.795071595072
-0.01,-0.33,0.19,27,2.36,21.78,48.31,20.98,53.31,41.3694992065,1.9965225458,104.4598007202,4.1792,338.795071595072
0.18,-0.31,0.2,27,2.27,21.78,48.31,20.98,53.31,41.3694992065,1.9965225458,104.4598007202,4.1792,339.461738261738
-0.01,-0.31,0.2,26,2.27,21.78,48.31,20.98,53.31,41.3694992065,1.9965225458,104.4598007202,4.1792,340.128404928405
0.18,-0.29,0.19,26,2.18,21.78,48.31,20.98,53.31,41.3694992065,1.9965225458,104.4598007202,4.1792,340.795071595072
0.08,-0.29,0.19,26,2.27,21.78,48.31,20.98,53.31,41.3694992065,1.9965225458,104.4598007202,4.1792,341.461738261738
0.08,-0.25,0.19,26,2.18,21.78,48.31,20.98,53.31,41.3694992065,1.9965225458,104.4598007202,4.1792,342.128404928405
0.18,-0.29,0.19,26,2.18,21.78,48.31,20.98,53.31,41.3694992065,1.9965225458,104.4598007202,4.1792,342.795071595072
0.08,-0.35,0.19,27,2.18,21.78,48.31,20.98,53.31,41.3694992065,1.9965225458,104.4598007202,4.1792,343.461738261738
0.18,-0.29,0.19,27,2.18,21.78,48.31,20.98,53.31,41.3694992065,1.9965225458,104.4598007202,4.1792,344.128404928405
0.28,-0.31,0.2,26,2.27,21.78,48.31,20.98,53.31,41.3694992065,1.9965225458,104.4598007202,4.1792,344.795071595072
0.28,-0.31,0.19,27,2.27,21.78,48.31,20.98,53.31,41.3694992065,1.9965225458,104.4598007202,4.1792,345.461738261738
0.28,-0.31,0.2,27,2.27,21.78,48.31,20.98,53.31,41.3694992065,1.9965225458,104.4598007202,4.1792,346.128404928405
0.28,-0.29,0.2,25,2.27,21.78,48.31,20.98,53.31,41.3694992065,1.9965225458,104.4598007202,4.1792,346.795071595072
0.28,-0.25,0.2,26,2.27,21.78,48.31,20.98,53.31,41.3694992065,1.9965225458,104.4598007202,4.1792,347.461738261738
0.18,-0.31,0.19,26,2.27,21.78,48.31,20.98,53.31,41.3694992065,1.9965225458,104.4598007202,4.1792,348.128404928405
0.37,-0.25,0.19,26,2.27,21.75,48.29,21,53.27,41.3695068359,1.9965151548,102.4067993164,4.0517,348.128404928405
0.28,-0.29,0.19,26,2.27,21.75,48.29,21,53.27,41.3695068359,1.9965151548,102.4067993164,4.0517,348.589943389943
0.28,-0.27,0.2,26,2.18,21.75,48.29,21,53.27,41.3695068359,1.9965151548,102.4067993164,4.0517,349.051481851482
0.28,-0.27,0.19,27,2.27,21.75,48.29,21,53.27,41.3695068359,1.9965151548,102.4067993164,4.0517,349.51302031302
0.08,-0.27,0.19,26,2.18,21.75,48.29,21,53.27,41.3695068359,1.9965151548,102.4067993164,4.0517,349.974558774559
0.08,-0.25,0.19,26,2.18,21.75,48.29,21,53.27,41.3695068359,1.9965151548,102.4067993164,4.0517,350.436097236097
0.08,-0.29,0.19,25,2.27,21.75,48.29,21,53.27,41.3695068359,1.9965151548,102.4067993164,4.0517,350.897635697636
0.18,-0.31,0.2,26,2.36,21.75,48.29,21,53.27,41.3695068359,1.9965151548,102.4067993164,4.0517,351.359174159174
0.18,-0.27,0.19,0,2.18,21.75,48.29,21,53.27,41.3695068359,1.9965151548,102.4067993164,4.0517,351.820712620713
0.08,-0.27,0.19,27,2.27,21.75,48.29,21,53.27,41.3695068359,1.9965151548,102.4067993164,4.0517,352.282251082251
0.18,-0.27,0.19,28,2.27,21.75,48.29,21,53.27,41.3695068359,1.9965151548,102.4067993164,4.0517,352.74378954379
0.18,-0.27,0.2,27,2.27,21.75,48.29,21,53.27,41.3695068359,1.9965151548,102.4067993164,4.0517,353.205328005328
0.08,-0.31,0.19,26,2.27,21.75,48.29,21,53.27,41.3695068359,1.9965151548,102.4067993164,4.0517,353.666866466866
-0.01,-0.27,0.19,26,2.18,21.78,48.66,21.02,53.48,41.3695106506,1.9965037107,101.981300354,4.1532,353.666866466866
0.08,-0.33,0.19,26,2.18,21.78,48.66,21.02,53.48,41.3695106506,1.9965037107,101.981300354,4.1532,354.666866466866
0.18,-0.29,0.19,26,2.27,21.78,48.66,21.02,53.48,41.3695106506,1.9965037107,101.981300354,4.1532,355.666866466866
0.08,-0.31,0.19,27,2.27,21.78,48.66,21.02,53.48,41.3695106506,1.9965037107,101.981300354,4.1532,356.666866466866
-0.01,-0.29,0.19,26,2.27,21.78,48.66,21.02,53.48,41.3695106506,1.9965037107,101.981300354,4.1532,357.666866466866
-0.01,-0.29,0.19,27,2.18,21.78,48.66,21.02,53.48,41.3695106506,1.9965037107,101.981300354,4.1532,358.666866466866
0.18,-0.27,0.19,26,2.27,21.78,48.66,21.02,53.48,41.3695106506,1.9965037107,101.981300354,4.1532,359.666866466866
0.28,-0.29,0.2,26,2.27,21.78,48.66,21.02,53.48,41.3695106506,1.9965037107,101.981300354,4.1532,360.666866466866
0.18,-0.29,0.19,27,2.36,21.78,49.19,21.02,54.05,41.3695678711,1.996538043,105.790397644,4.6244,360.666866466866
0.18,-0.27,0.2,27,2.36,21.78,49.19,21.02,54.05,41.3695678711,1.996538043,105.790397644,4.6244,363.6001998002
-0.01,-0.29,0.19,27,2.36,21.78,49.19,21.02,54.05,41.3695678711,1.996538043,105.790397644,4.6244,366.533533133533
-0.01,-0.29,0.19,27,2.18,21.78,49.19,21.02,54.05,41.3695678711,1.996538043,105.790397644,4.6244,369.466866466866
0.28,-0.33,0.2,26,2.27,21.78,49.19,21.02,54.05,41.3695678711,1.996538043,105.790397644,4.6244,372.4001998002
0.28,-0.25,0.2,27,2.36,21.78,49.19,21.02,54.05,41.3695678711,1.996538043,105.790397644,4.6244,375.333533133533
0.08,-0.31,0.19,27,2.27,21.78,49.19,21.02,54.05,41.3695678711,1.996538043,105.790397644,4.6244,378.266866466866
0.18,-0.27,0.2,26,2.27,21.78,49.19,21.02,54.05,41.3695678711,1.996538043,105.790397644,4.6244,381.2001998002
0.08,-0.31,0.19,26,2.27,21.78,49.19,21.02,54.05,41.3695678711,1.996538043,105.790397644,4.6244,384.133533133533
0.18,-0.27,0.2,26,2.27,21.78,49.19,21.02,54.05,41.3695678711,1.996538043,105.790397644,4.6244,387.066866466866
0.28,-0.29,0.21,27,2.36,21.78,49.19,21.02,54.05,41.3695678711,1.996538043,105.790397644,4.6244,390.0001998002
0.18,-0.29,0.2,27,2.36,21.78,49.19,21.02,54.05,41.3695678711,1.996538043,105.790397644,4.6244,392.933533133533
0.08,-0.29,0.19,25,2.18,21.78,49.19,21.02,54.05,41.3695678711,1.996538043,105.790397644,4.6244,395.866866466866
-0.11,-0.29,0.19,27,2.36,21.78,49.19,21.02,54.05,41.3695678711,1.996538043,105.790397644,4.6244,398.8001998002
0.28,-0.29,0.21,27,2.27,21.78,49.19,21.02,54.05,41.3695678711,1.996538043,105.790397644,4.6244,401.733533133533
0.08,-0.27,0.19,26,2.27,21.81,48.63,21.06,53.56,41.3695716858,1.9965445995,104.239402771,4.8248,401.733533133533
-0.01,-0.29,0.19,27,2.18,21.81,48.63,21.06,53.56,41.3695716858,1.9965445995,104.239402771,4.8248,402.358533133533
0.08,-0.29,0.19,26,2.27,21.81,48.63,21.06,53.56,41.3695716858,1.9965445995,104.239402771,4.8248,402.983533133533
-0.01,-0.29,0.19,26,2.27,21.81,48.63,21.06,53.56,41.3695716858,1.9965445995,104.239402771,4.8248,403.608533133533
0.08,-0.27,0.19,26,2.36,21.81,48.63,21.06,53.56,41.3695716858,1.9965445995,104.239402771,4.8248,404.233533133533
0.08,-0.27,0.19,26,2.27,21.81,48.63,21.06,53.56,41.3695716858,1.9965445995,104.239402771,4.8248,404.858533133533
0.08,-0.29,0.19,26,2.27,21.81,48.63,21.06,53.56,41.3695716858,1.9965445995,104.239402771,4.8248,405.483533133533
0.18,-0.27,0.2,27,2.18,21.81,48.63,21.06,53.56,41.3695716858,1.9965445995,104.239402771,4.8248,406.108533133533
0.28,-0.31,0.21,27,2.27,21.81,48.63,21.06,53.56,41.3695716858,1.9965445995,104.239402771,4.8248,406.733533133533
-0.01,-0.31,0.19,26,2.27,21.81,48.63,21.06,53.56,41.3695716858,1.9965445995,104.239402771,4.8248,407.358533133533
-0.01,-0.31,0.19,26,2.18,21.81,48.63,21.06,53.56,41.3695716858,1.9965445995,104.239402771,4.8248,407.983533133533
0.08,-0.29,0.2,27,2.36,21.81,48.63,21.06,53.56,41.3695716858,1.9965445995,104.239402771,4.8248,408.608533133533
-0.01,-0.31,0.19,26,2.27,21.81,48.63,21.06,53.56,41.3695716858,1.9965445995,104.239402771,4.8248,409.233533133533
-0.01,-0.27,0.19,27,2.36,21.81,48.63,21.06,53.56,41.3695716858,1.9965445995,104.239402771,4.8248,409.858533133533
0.18,-0.23,0.19,27,2.36,21.81,48.63,21.06,53.56,41.3695716858,1.9965445995,104.239402771,4.8248,410.483533133533
-0.01,-0.29,0.19,26,2.27,21.81,48.63,21.06,53.56,41.3695716858,1.9965445995,104.239402771,4.8248,411.108533133533
-0.11,-0.29,0.19,27,2.27,21.83,48.35,21.08,53.35,41.3695678711,1.9965432882,105.1258010864,5.0185,411.108533133533
-0.11,-0.29,0.19,26,2.27,21.83,48.35,21.08,53.35,41.3695678711,1.9965432882,105.1258010864,5.0185,411.483533133533
-0.01,-0.31,0.19,26,2.18,21.83,48.35,21.08,53.35,41.3695678711,1.9965432882,105.1258010864,5.0185,411.858533133533
0.18,-0.31,0.19,26,2.27,21.83,48.35,21.08,53.35,41.3695678711,1.9965432882,105.1258010864,5.0185,412.233533133533
0.18,-0.21,0.19,26,2.27,21.83,48.35,21.08,53.35,41.3695678711,1.9965432882,105.1258010864,5.0185,412.608533133533
-0.01,-0.33,0.19,27,2.27,21.83,48.35,21.08,53.35,41.3695678711,1.9965432882,105.1258010864,5.0185,412.983533133533
-0.01,-0.33,0.19,27,2.18,21.83,48.35,21.08,53.35,41.3695678711,1.9965432882,105.1258010864,5.0185,413.358533133533
0.18,-0.29,0.19,26,2.18,21.83,48.35,21.08,53.35,41.3695678711,1.9965432882,105.1258010864,5.0185,413.733533133533
-0.21,-0.31,0.19,26,2.18,21.83,48.35,21.08,53.35,41.3695678711,1.9965432882,105.1258010864,5.0185,414.108533133533
0.18,-0.31,0.19,26,2.18,21.83,48.35,21.08,53.35,41.3695678711,1.9965432882,105.1258010864,5.0185,414.483533133533
-0.01,-0.23,0.19,26,2.27,21.83,48.35,21.08,53.35,41.3695678711,1.9965432882,105.1258010864,5.0185,414.858533133533
0.08,-0.25,0.19,27,2.27,21.83,48.35,21.08,53.35,41.3695678711,1.9965432882,105.1258010864,5.0185,415.233533133533
0.08,-0.25,0.19,26,2.18,21.83,48.35,21.08,53.35,41.3695678711,1.9965432882,105.1258010864,5.0185,415.608533133533
0.08,-0.27,0.19,27,2.18,21.83,48.35,21.08,53.35,41.3695678711,1.9965432882,105.1258010864,5.0185,415.983533133533
0.08,-0.27,0.19,27,2.36,21.83,48.35,21.08,53.35,41.3695678711,1.9965432882,105.1258010864,5.0185,416.358533133533
0.37,-0.29,0.19,27,2.18,21.83,48.35,21.08,53.35,41.3695678711,1.9965432882,105.1258010864,5.0185,416.733533133533
0.08,-0.29,0.19,27,2.27,21.88,48.46,21.11,53.37,41.3695144653,1.9965322018,105.7593002319,4.3629,416.733533133533
0.18,-0.29,0.19,26,2.27,21.88,48.46,21.11,53.37,41.3695144653,1.9965322018,105.7593002319,4.3629,417.358533133533
0.18,-0.29,0.19,27,2.27,21.88,48.46,21.11,53.37,41.3695144653,1.9965322018,105.7593002319,4.3629,417.983533133533
0.47,-0.31,0.19,26,2.27,21.88,48.46,21.11,53.37,41.3695144653,1.9965322018,105.7593002319,4.3629,418.608533133533
0.18,-0.27,0.19,27,2.27,21.88,48.46,21.11,53.37,41.3695144653,1.9965322018,105.7593002319,4.3629,419.233533133533
0.47,-0.29,0.19,26,2.18,21.88,48.46,21.11,53.37,41.3695144653,1.9965322018,105.7593002319,4.3629,419.858533133533
0.18,-0.29,0.19,26,2.18,21.88,48.46,21.11,53.37,41.3695144653,1.9965322018,105.7593002319,4.3629,420.483533133533
0.37,-0.29,0.19,26,2.27,21.88,48.46,21.11,53.37,41.3695144653,1.9965322018,105.7593002319,4.3629,421.108533133533
0.37,-0.33,0.19,26,2.27,21.88,48.46,21.11,53.37,41.3695144653,1.9965322018,105.7593002319,4.3629,421.733533133533
0.18,-0.27,0.19,26,2.27,21.88,48.46,21.11,53.37,41.3695144653,1.9965322018,105.7593002319,4.3629,422.358533133533
0.37,-0.29,0.19,26,2.27,21.88,48.46,21.11,53.37,41.3695144653,1.9965322018,105.7593002319,4.3629,422.983533133533
0.56,-0.25,0.19,27,2.27,21.88,48.46,21.11,53.37,41.3695144653,1.9965322018,105.7593002319,4.3629,423.608533133533
0.47,-0.29,0.19,27,2.27,21.88,48.46,21.11,53.37,41.3695144653,1.9965322018,105.7593002319,4.3629,424.233533133533
0.18,-0.31,0.19,27,2.27,21.88,48.46,21.11,53.37,41.3695144653,1.9965322018,105.7593002319,4.3629,424.858533133533
0.18,-0.31,0.19,28,2.27,21.88,48.46,21.11,53.37,41.3695144653,1.9965322018,105.7593002319,4.3629,425.483533133533
0.18,-0.29,0.19,28,2.27,21.88,48.46,21.11,53.37,41.3695144653,1.9965322018,105.7593002319,4.3629,426.108533133533
-0.01,-0.29,0.19,26,2.27,21.94,49.08,21.11,53.91,41.3694763184,1.9965260029,102.3467025757,4.9308,426.108533133533
-0.01,-0.29,0.19,27,2.27,21.94,49.08,21.11,53.91,41.3694763184,1.9965260029,102.3467025757,4.9308,426.822818847819
0.28,-0.25,0.19,28,2.36,21.94,49.08,21.11,53.91,41.3694763184,1.9965260029,102.3467025757,4.9308,427.537104562105
0.37,-0.25,0.19,26,2.18,21.94,49.08,21.11,53.91,41.3694763184,1.9965260029,102.3467025757,4.9308,428.25139027639
0.18,-0.29,0.19,27,2.18,21.94,49.08,21.11,53.91,41.3694763184,1.9965260029,102.3467025757,4.9308,428.965675990676
0.47,-0.21,0.19,26,2.27,21.94,49.08,21.11,53.91,41.3694763184,1.9965260029,102.3467025757,4.9308,429.679961704962
0.28,-0.27,0.2,27,2.18,21.94,49.08,21.11,53.91,41.3694763184,1.9965260029,102.3467025757,4.9308,430.394247419247
0.18,-0.27,0.19,27,2.27,21.94,49.08,21.11,53.91,41.3694763184,1.9965260029,102.3467025757,4.9308,431.108533133533
0.18,-0.29,0.19,26,2.27,21.94,49.08,21.11,53.91,41.3694763184,1.9965260029,102.3467025757,4.9308,431.822818847819
0.08,-0.29,0.19,26,2.27,21.94,49.08,21.11,53.91,41.3694763184,1.9965260029,102.3467025757,4.9308,432.537104562105
-0.01,-0.27,0.19,26,2.27,21.94,49.08,21.11,53.91,41.3694763184,1.9965260029,102.3467025757,4.9308,433.25139027639
-0.01,-0.29,0.19,26,2.18,21.94,49.08,21.11,53.91,41.3694763184,1.9965260029,102.3467025757,4.9308,433.965675990676
0.08,-0.29,0.19,27,2.27,21.94,49.08,21.11,53.91,41.3694763184,1.9965260029,102.3467025757,4.9308,434.679961704962
0.28,-0.27,0.19,26,2.18,21.94,49.08,21.11,53.91,41.3694763184,1.9965260029,102.3467025757,4.9308,435.394247419247
-0.11,-0.25,0.19,26,2.27,21.95,50.02,21.14,54.69,41.3694458008,1.9965389967,100.0832977295,5.0733,435.394247419247
-0.01,-0.31,0.19,29,2.36,21.95,50.02,21.14,54.69,41.3694458008,1.9965389967,100.0832977295,5.0733,435.822818847819
-0.01,-0.29,0.2,26,2.18,21.95,50.02,21.14,54.69,41.3694458008,1.9965389967,100.0832977295,5.0733,436.25139027639
-0.21,-0.27,0.19,27,2.27,21.95,50.02,21.14,54.69,41.3694458008,1.9965389967,100.0832977295,5.0733,436.679961704962
-0.11,-0.27,0.19,26,2.18,21.95,50.02,21.14,54.69,41.3694458008,1.9965389967,100.0832977295,5.0733,437.108533133533
-0.01,-0.27,0.19,28,2.27,21.95,50.02,21.14,54.69,41.3694458008,1.9965389967,100.0832977295,5.0733,437.537104562105
-0.11,-0.31,0.19,26,2.27,21.95,50.02,21.14,54.69,41.3694458008,1.9965389967,100.0832977295,5.0733,437.965675990676
0.18,-0.27,0.19,26,2.27,21.95,50.02,21.14,54.69,41.3694458008,1.9965389967,100.0832977295,5.0733,438.394247419247
0.18,-0.27,0.2,26,2.27,21.95,50.02,21.14,54.69,41.3694458008,1.9965389967,100.0832977295,5.0733,438.822818847819
-0.01,-0.29,0.19,26,2.27,21.95,50.02,21.14,54.69,41.3694458008,1.9965389967,100.0832977295,5.0733,439.25139027639
-0.01,-0.29,0.19,28,2.36,21.95,50.02,21.14,54.69,41.3694458008,1.9965389967,100.0832977295,5.0733,439.679961704962
0.18,-0.29,0.19,27,2.36,21.95,50.02,21.14,54.69,41.3694458008,1.9965389967,100.0832977295,5.0733,440.108533133533
-0.11,-0.31,0.19,26,2.27,21.95,50.02,21.14,54.69,41.3694458008,1.9965389967,100.0832977295,5.0733,440.537104562105
0.08,-0.27,0.19,27,2.36,21.95,50.02,21.14,54.69,41.3694458008,1.9965389967,100.0832977295,5.0733,440.965675990676
0.08,-0.27,0.19,27,2.27,22.03,49.92,21.16,54.82,41.3693847656,1.9965959787,94.1957015991,4.8804,440.965675990676
0.18,-0.29,0.19,28,2.36,22.03,49.92,21.16,54.82,41.3693847656,1.9965959787,94.1957015991,4.8804,441.632342657343
0.08,-0.23,0.2,25,2.27,22.03,49.92,21.16,54.82,41.3693847656,1.9965959787,94.1957015991,4.8804,442.299009324009
0.08,-0.29,0.2,27,2.27,22.03,49.92,21.16,54.82,41.3693847656,1.9965959787,94.1957015991,4.8804,442.965675990676
-0.01,-0.29,0.19,26,2.27,22.03,49.92,21.16,54.82,41.3693847656,1.9965959787,94.1957015991,4.8804,443.632342657343
-0.11,-0.29,0.19,27,2.27,22.03,49.92,21.16,54.82,41.3693847656,1.9965959787,94.1957015991,4.8804,444.299009324009
-0.11,-0.27,0.19,25,2.27,22.03,49.92,21.16,54.82,41.3693847656,1.9965959787,94.1957015991,4.8804,444.965675990676
0.08,-0.31,0.19,26,2.18,22.03,49.92,21.16,54.82,41.3693847656,1.9965959787,94.1957015991,4.8804,445.632342657343
-0.21,-0.27,0.19,27,2.27,22.03,49.92,21.16,54.82,41.3693847656,1.9965959787,94.1957015991,4.8804,446.299009324009
-0.01,-0.29,0.19,27,2.27,22.03,49.92,21.16,54.82,41.3693847656,1.9965959787,94.1957015991,4.8804,446.965675990676
-0.01,-0.29,0.2,26,2.27,22.03,49.92,21.16,54.82,41.3693847656,1.9965959787,94.1957015991,4.8804,447.632342657343
-0.11,-0.29,0.19,27,2.27,22.03,49.92,21.16,54.82,41.3693847656,1.9965959787,94.1957015991,4.8804,448.299009324009
0.18,-0.27,0.2,27,2.36,22.03,49.92,21.16,54.82,41.3693847656,1.9965959787,94.1957015991,4.8804,448.965675990676
0.28,-0.27,0.2,27,2.27,22.03,49.92,21.16,54.82,41.3693847656,1.9965959787,94.1957015991,4.8804,449.632342657343
-0.01,-0.31,0.2,27,2.27,22.03,49.92,21.16,54.82,41.3693847656,1.9965959787,94.1957015991,4.8804,450.299009324009
0.18,-0.29,0.2,26,2.27,22.06,49.53,21.16,54.57,41.3693962097,1.9966411591,93.7959976196,5.322,450.299009324009
-0.01,-0.29,0.19,26,2.18,22.06,49.53,21.16,54.57,41.3693962097,1.9966411591,93.7959976196,5.322,451.013295038295
-0.01,-0.29,0.19,26,2.36,22.06,49.53,21.16,54.57,41.3693962097,1.9966411591,93.7959976196,5.322,451.727580752581
-0.11,-0.25,0.19,27,2.27,22.06,49.53,21.16,54.57,41.3693962097,1.9966411591,93.7959976196,5.322,452.441866466866
0.08,-0.27,0.2,27,2.27,22.06,49.53,21.16,54.57,41.3693962097,1.9966411591,93.7959976196,5.322,453.156152181152
0.18,-0.29,0.19,26,2.27,22.06,49.53,21.16,54.57,41.3693962097,1.9966411591,93.7959976196,5.322,453.870437895438
0.18,-0.25,0.2,27,2.27,22.06,49.53,21.16,54.57,41.3693962097,1.9966411591,93.7959976196,5.322,454.584723609724
-0.01,-0.31,0.19,28,2.27,22.06,49.53,21.16,54.57,41.3693962097,1.9966411591,93.7959976196,5.322,455.299009324009
0.28,-0.27,0.2,28,2.36,22.06,49.53,21.16,54.57,41.3693962097,1.9966411591,93.7959976196,5.322,456.013295038295
0.47,-0.27,0.21,27,2.27,22.06,49.53,21.16,54.57,41.3693962097,1.9966411591,93.7959976196,5.322,456.727580752581
0.08,-0.29,0.19,27,2.18,22.06,49.53,21.16,54.57,41.3693962097,1.9966411591,93.7959976196,5.322,457.441866466866
0.18,-0.31,0.2,26,2.27,22.06,49.53,21.16,54.57,41.3693962097,1.9966411591,93.7959976196,5.322,458.156152181152
0.28,-0.27,0.2,26,2.27,22.06,49.53,21.16,54.57,41.3693962097,1.9966411591,93.7959976196,5.322,458.870437895438
0.08,-0.31,0.19,27,2.27,22.06,49.53,21.16,54.57,41.3693962097,1.9966411591,93.7959976196,5.322,459.584723609724
0.28,-0.29,0.2,28,2.45,22.06,48.21,21.2,53.56,41.3693962097,1.9966979027,94.5012969971,5.6932,459.584723609724
0.18,-0.27,0.2,27,2.36,22.06,48.21,21.2,53.56,41.3693962097,1.9966979027,94.5012969971,5.6932,460.118056943057
0.08,-0.27,0.2,26,2.18,22.06,48.21,21.2,53.56,41.3693962097,1.9966979027,94.5012969971,5.6932,460.65139027639
-0.01,-0.29,0.2,28,2.36,22.06,48.21,21.2,53.56,41.3693962097,1.9966979027,94.5012969971,5.6932,461.184723609724
-0.01,-0.23,0.19,25,2.27,22.06,48.21,21.2,53.56,41.3693962097,1.9966979027,94.5012969971,5.6932,461.718056943057
0.18,-0.29,0.19,27,2.18,22.06,48.21,21.2,53.56,41.3693962097,1.9966979027,94.5012969971,5.6932,462.25139027639
0.08,-0.27,0.19,26,2.27,22.06,48.21,21.2,53.56,41.3693962097,1.9966979027,94.5012969971,5.6932,462.784723609724
0.18,-0.31,0.19,26,2.27,22.06,48.21,21.2,53.56,41.3693962097,1.9966979027,94.5012969971,5.6932,463.318056943057
0.18,-0.33,0.19,26,2.36,22.06,48.21,21.2,53.56,41.3693962097,1.9966979027,94.5012969971,5.6932,463.85139027639
0.28,-0.25,0.19,26,2.27,22.06,48.21,21.2,53.56,41.3693962097,1.9966979027,94.5012969971,5.6932,464.384723609723
0.18,-0.33,0.19,26,2.27,22.06,48.21,21.2,53.56,41.3693962097,1.9966979027,94.5012969971,5.6932,464.918056943057
0.18,-0.33,0.19,27,2.27,22.06,48.21,21.2,53.56,41.3693962097,1.9966979027,94.5012969971,5.6932,465.45139027639
0.28,-0.27,0.2,26,2.27,22.06,48.21,21.2,53.56,41.3693962097,1.9966979027,94.5012969971,5.6932,465.984723609724
-0.01,-0.29,0.19,27,2.36,22.06,48.21,21.2,53.56,41.3693962097,1.9966979027,94.5012969971,5.6932,466.518056943057
0.28,-0.27,0.19,27,2.27,22.06,48.21,21.2,53.56,41.3693962097,1.9966979027,94.5012969971,5.6932,467.05139027639
0.28,-0.29,0.2,28,2.36,22.08,48.1,21.22,53.35,41.3694229126,1.9967637062,95.8973999023,5.6081,467.05139027639
-0.01,-0.31,0.19,26,2.18,22.08,48.1,21.22,53.35,41.3694229126,1.9967637062,95.8973999023,5.6081,467.67639027639
-0.01,-0.31,0.19,26,2.18,22.08,48.1,21.22,53.35,41.3694229126,1.9967637062,95.8973999023,5.6081,468.30139027639
-0.01,-0.29,0.19,27,2.27,22.08,48.1,21.22,53.35,41.3694229126,1.9967637062,95.8973999023,5.6081,468.92639027639
-0.01,-0.33,0.19,27,2.27,22.08,48.1,21.22,53.35,41.3694229126,1.9967637062,95.8973999023,5.6081,469.55139027639
-0.21,-0.31,0.19,26,2.27,22.08,48.1,21.22,53.35,41.3694229126,1.9967637062,95.8973999023,5.6081,470.17639027639
0.08,-0.25,0.19,26,2.18,22.08,48.1,21.22,53.35,41.3694229126,1.9967637062,95.8973999023,5.6081,470.80139027639
0.08,-0.31,0.19,26,2.27,22.08,48.1,21.22,53.35,41.3694229126,1.9967637062,95.8973999023,5.6081,471.42639027639
0.08,-0.33,0.19,27,2.27,22.08,48.1,21.22,53.35,41.3694229126,1.9967637062,95.8973999023,5.6081,472.05139027639
0.08,-0.25,0.19,27,2.27,22.08,48.1,21.22,53.35,41.3694229126,1.9967637062,95.8973999023,5.6081,472.67639027639
0.08,-0.27,0.19,27,2.18,22.08,48.1,21.22,53.35,41.3694229126,1.9967637062,95.8973999023,5.6081,473.30139027639
0.28,-0.29,0.19,26,2.36,22.08,48.1,21.22,53.35,41.3694229126,1.9967637062,95.8973999023,5.6081,473.92639027639
0.08,-0.29,0.19,27,2.36,22.08,48.1,21.22,53.35,41.3694229126,1.9967637062,95.8973999023,5.6081,474.55139027639
0.18,-0.23,0.19,26,2.18,22.08,48.1,21.22,53.35,41.3694229126,1.9967637062,95.8973999023,5.6081,475.17639027639
0.28,-0.25,0.19,26,2.27,22.08,48.1,21.22,53.35,41.3694229126,1.9967637062,95.8973999023,5.6081,475.80139027639
0.08,-0.29,0.19,26,2.18,22.08,48.1,21.22,53.35,41.3694229126,1.9967637062,95.8973999023,5.6081,476.42639027639
0.18,-0.27,0.19,26,2.18,22.09,48.42,21.23,53.53,41.3694534302,1.9968361855,101.894203186,5.4647,476.42639027639
0.18,-0.27,0.19,27,2.27,22.09,48.42,21.23,53.53,41.3694534302,1.9968361855,101.894203186,5.4647,477.093056943057
0.18,-0.31,0.19,27,2.18,22.09,48.42,21.23,53.53,41.3694534302,1.9968361855,101.894203186,5.4647,477.759723609723
0.08,-0.25,0.19,27,2.27,22.09,48.42,21.23,53.53,41.3694534302,1.9968361855,101.894203186,5.4647,478.42639027639
0.18,-0.33,0.19,26,2.27,22.09,48.42,21.23,53.53,41.3694534302,1.9968361855,101.894203186,5.4647,479.093056943057
0.28,-0.27,0.19,26,2.18,22.09,48.42,21.23,53.53,41.3694534302,1.9968361855,101.894203186,5.4647,479.759723609723
0.37,-0.29,0.2,25,2.18,22.09,48.42,21.23,53.53,41.3694534302,1.9968361855,101.894203186,5.4647,480.42639027639
0.08,-0.29,0.19,27,2.27,22.09,48.42,21.23,53.53,41.3694534302,1.9968361855,101.894203186,5.4647,481.093056943057
0.18,-0.29,0.19,26,2.27,22.09,48.42,21.23,53.53,41.3694534302,1.9968361855,101.894203186,5.4647,481.759723609723
0.28,-0.31,0.19,27,2.27,22.09,48.42,21.23,53.53,41.3694534302,1.9968361855,101.894203186,5.4647,482.42639027639
0.18,-0.27,0.19,27,2.18,22.09,48.42,21.23,53.53,41.3694534302,1.9968361855,101.894203186,5.4647,483.093056943057
-0.01,-0.25,0.19,25,2.27,22.09,48.42,21.23,53.53,41.3694534302,1.9968361855,101.894203186,5.4647,483.759723609723
-0.11,-0.29,0.19,27,2.27,22.09,48.42,21.23,53.53,41.3694534302,1.9968361855,101.894203186,5.4647,484.42639027639
0.18,-0.33,0.19,26,2.27,22.09,48.42,21.23,53.53,41.3694534302,1.9968361855,101.894203186,5.4647,485.093056943057
0.28,-0.29,0.19,27,2.36,22.09,48.42,21.23,53.53,41.3694534302,1.9968361855,101.894203186,5.4647,485.759723609723
-0.11,-0.33,0.19,26,2.18,22.11,49.45,21.3,54.36,41.3695793152,1.9968938828,125.3671035767,2.0035,485.759723609723
-0.01,-0.29,0.19,26,2.18,22.11,49.45,21.3,54.36,41.3695793152,1.9968938828,125.3671035767,2.0035,486.42639027639
-0.11,-0.29,0.19,26,2.36,22.11,49.45,21.3,54.36,41.3695793152,1.9968938828,125.3671035767,2.0035,487.093056943057
-0.01,-0.27,0.19,27,2.18,22.11,49.45,21.3,54.36,41.3695793152,1.9968938828,125.3671035767,2.0035,487.759723609723
-0.01,-0.29,0.19,26,2.27,22.11,49.45,21.3,54.36,41.3695793152,1.9968938828,125.3671035767,2.0035,488.42639027639
0.18,-0.29,0.2,27,2.27,22.11,49.45,21.3,54.36,41.3695793152,1.9968938828,125.3671035767,2.0035,489.093056943057
0.18,-0.25,0.19,26,2.27,22.11,49.45,21.3,54.36,41.3695793152,1.9968938828,125.3671035767,2.0035,489.759723609723
0.18,-0.29,0.19,27,2.18,22.11,49.45,21.3,54.36,41.3695793152,1.9968938828,125.3671035767,2.0035,490.42639027639
0.28,-0.27,0.19,28,2.27,22.11,49.45,21.3,54.36,41.3695793152,1.9968938828,125.3671035767,2.0035,491.093056943057
0.28,-0.27,0.19,27,2.27,22.11,49.45,21.3,54.36,41.3695793152,1.9968938828,125.3671035767,2.0035,491.759723609723
0.08,-0.27,0.19,27,2.27,22.11,49.45,21.3,54.36,41.3695793152,1.9968938828,125.3671035767,2.0035,492.42639027639
0.18,-0.27,0.19,27,2.27,22.11,49.45,21.3,54.36,41.3695793152,1.9968938828,125.3671035767,2.0035,493.093056943057
0.08,-0.29,0.19,27,2.27,22.11,49.45,21.3,54.36,41.3695793152,1.9968938828,125.3671035767,2.0035,493.759723609723
0.18,-0.29,0.19,26,2.27,22.11,49.45,21.3,54.36,41.3695793152,1.9968938828,125.3671035767,2.0035,494.42639027639
0.28,-0.29,0.19,27,2.27,22.11,49.45,21.3,54.36,41.3695793152,1.9968938828,125.3671035767,2.0035,495.093056943057
0.37,-0.27,0.19,26,2.27,22.14,49.57,21.28,54.51,41.3695640564,1.9969806671,144.7745056152,0.7176,495.093056943057
0.28,-0.27,0.2,28,2.36,22.14,49.57,21.28,54.51,41.3695640564,1.9969806671,144.7745056152,0.7176,495.664485514485
0.18,-0.27,0.19,26,2.27,22.14,49.57,21.28,54.51,41.3695640564,1.9969806671,144.7745056152,0.7176,496.235914085914
0.18,-0.31,0.19,28,2.27,22.14,49.57,21.28,54.51,41.3695640564,1.9969806671,144.7745056152,0.7176,496.807342657343
0.18,-0.29,0.2,28,2.36,22.14,49.57,21.28,54.51,41.3695640564,1.9969806671,144.7745056152,0.7176,497.378771228771
0.18,-0.23,0.19,26,2.18,22.14,49.57,21.28,54.51,41.3695640564,1.9969806671,144.7745056152,0.7176,497.9501998002
0.37,-0.25,0.2,27,2.18,22.14,49.57,21.28,54.51,41.3695640564,1.9969806671,144.7745056152,0.7176,498.521628371628
0.18,-0.27,0.19,27,2.27,22.14,49.57,21.28,54.51,41.3695640564,1.9969806671,144.7745056152,0.7176,499.093056943057
0.28,-0.33,0.2,26,2.18,22.14,49.57,21.28,54.51,41.3695640564,1.9969806671,144.7745056152,0.7176,499.664485514485
0.18,-0.27,0.2,27,2.27,22.14,49.57,21.28,54.51,41.3695640564,1.9969806671,144.7745056152,0.7176,500.235914085914
0.18,-0.31,0.2,28,2.36,22.14,49.57,21.28,54.51,41.3695640564,1.9969806671,144.7745056152,0.7176,500.807342657343
0.28,-0.29,0.2,27,2.27,22.14,49.57,21.28,54.51,41.3695640564,1.9969806671,144.7745056152,0.7176,501.378771228771
-0.11,-0.27,0.19,27,2.27,22.14,49.57,21.28,54.51,41.3695640564,1.9969806671,144.7745056152,0.7176,501.9501998002
0.08,-0.31,0.19,27,2.27,22.14,49.57,21.28,54.51,41.3695640564,1.9969806671,144.7745056152,0.7176,502.521628371628
0.28,-0.31,0.2,27,2.27,22.19,49.85,21.3,54.72,41.3695640564,1.9969931841,146.7740936279,0.4192,502.521628371628
0.28,-0.31,0.2,26,2.27,22.19,49.85,21.3,54.72,41.3695640564,1.9969931841,146.7740936279,0.4192,503.188295038295
0.37,-0.29,0.2,26,2.27,22.19,49.85,21.3,54.72,41.3695640564,1.9969931841,146.7740936279,0.4192,503.854961704962
-0.01,-0.31,0.19,26,2.27,22.19,49.85,21.3,54.72,41.3695640564,1.9969931841,146.7740936279,0.4192,504.521628371628
0.08,-0.29,0.19,28,2.36,22.19,49.85,21.3,54.72,41.3695640564,1.9969931841,146.7740936279,0.4192,505.188295038295
0.28,-0.29,0.2,26,2.27,22.19,49.85,21.3,54.72,41.3695640564,1.9969931841,146.7740936279,0.4192,505.854961704962
0.18,-0.31,0.2,26,2.27,22.19,49.85,21.3,54.72,41.3695640564,1.9969931841,146.7740936279,0.4192,506.521628371628
0.37,-0.29,0.2,27,2.27,22.19,49.85,21.3,54.72,41.3695640564,1.9969931841,146.7740936279,0.4192,507.188295038295
-0.01,-0.25,0.19,27,2.27,22.19,49.85,21.3,54.72,41.3695640564,1.9969931841,146.7740936279,0.4192,507.854961704962
0.08,-0.25,0.19,27,2.27,22.19,49.85,21.3,54.72,41.3695640564,1.9969931841,146.7740936279,0.4192,508.521628371628
0.08,-0.29,0.19,27,2.36,22.19,49.85,21.3,54.72,41.3695640564,1.9969931841,146.7740936279,0.4192,509.188295038295
-0.01,-0.27,0.19,26,2.18,22.19,49.85,21.3,54.72,41.3695640564,1.9969931841,146.7740936279,0.4192,509.854961704962
0.08,-0.25,0.19,26,2.27,22.19,49.85,21.3,54.72,41.3695640564,1.9969931841,146.7740936279,0.4192,510.521628371628
0.08,-0.29,0.19,28,2.27,22.19,49.85,21.3,54.72,41.3695640564,1.9969931841,146.7740936279,0.4192,511.188295038295
0.28,-0.27,0.19,28,2.45,22.19,49.85,21.3,54.72,41.3695640564,1.9969931841,146.7740936279,0.4192,511.854961704962
