2025-04-23 10:20:32,"MXA#0.02,29.03,13.27,36.85#0.02,29.18,13.29,36.94#0.02,29.21,13.30,37.33#0.02,29.11,13.30,37.36#0.02,29.37,13.34,37.87#0.02,29.30,13.35,38.15#0.02,29.10,13.29,37.80#0.02,29.05,13.31,37.94#TRH#28.12,49.09,28.08,47.79,28.25,46.18,28.12,49.09!","8:20:29, 41.3695755005, 1.9969770908, 145.2478942871, 0.0141"
2025-04-23 10:20:35,"ECS#-0.49,-0.29,0.08,26.00,2.18#-0.11,-0.29,0.08,27.00,2.27#-0.40,-0.29,0.10,27.00,2.27#-0.40,-0.29,0.09,26.00,2.27#-0.21,-0.27,0.10,26.00,2.18#-0.21,-0.27,0.10,26.00,2.18#-0.11,-0.23,0.11,28.00,2.36#-0.11,-0.29,0.10,27.00,2.36#-0.11,-0.27,0.11,26.00,2.27#-0.30,-0.27,0.11,26.00,2.18#-0.11,-0.27,0.12,27.00,2.27#-0.11,-0.27,0.12,26.00,2.18#-0.30,-0.31,0.12,26.00,2.18#-0.11,-0.23,0.13,28.00,2.36#TRH#21.25,50.94,20.55,55.32!","8:20:31, 41.3695755005, 1.9969770908, 145.2344055176, 0.0141"
2025-04-23 10:20:38,,"8:20:33, 41.3695755005, 1.9969770908, 145.2295074463, 0.0141"
2025-04-23 10:20:39,"MXD#47.19,6.04,193.79,164.60,0.00,709.30,119.46,445#46.88,6.04,162.49,174.64,0.00,686.86,119.06,445#46.88,6.03,176.25,161.46,0.00,720.43,120.60,445#47.13,6.04,183.45,164.10,0.00,678.08,120.68,447#47.00,6.03,184.64,161.67,0.00,684.07,106.66,447#47.06,6.03,185.04,171.54,0.00,701.90,115.21,447#47.11,6.03,187.07,173.82,0.00,692.93,112.44,447#47.30,6.02,191.51,170.56,0.00,707.86,113.78,447#47.40,6.02,192.92,165.61,0.00,673.50,116.35,447#47.14,6.02,194.34,164.82,0.00,721.40,107.60,447#TRH#21.19,50.95,21.19,51.07,21.20,50.49,21.22,51.26!","8:20:35, 41.3695755005, 1.9969770908, 145.2308959961, 0.0141"
2025-04-23 10:20:42,,"8:20:37, 41.3695755005, 1.9969772100, 145.2355041504, 0.0141"
2025-04-23 10:20:42,"MXA#0.02,29.23,13.39,38.43#0.02,29.18,13.37,38.45#0.02,28.91,13.34,38.66#0.02,29.12,13.41,38.67#0.02,29.13,13.40,38.62#0.02,29.23,13.42,38.59#0.02,29.04,13.37,38.45#0.02,29.19,13.41,38.91#TRH#28.14,49.13,28.14,48.06,28.31,46.41,28.16,49.13!","8:20:39, 41.3695755005, 1.9969772100, 145.2481994629, 0.0141"
2025-04-23 10:20:45,"ECS#-0.01,-0.29,0.13,26.00,2.27#0.08,-0.27,0.14,27.00,2.27#-0.21,-0.27,0.15,27.00,2.36#-0.21,-0.27,0.15,28.00,2.36#-0.21,-0.31,0.15,27.00,2.27#0.08,-0.27,0.15,27.00,2.36#-0.11,-0.29,0.16,26.00,2.27#-0.21,-0.31,0.15,27.00,2.18#-0.01,-0.31,0.15,28.00,2.36#-0.21,-0.31,0.16,26.00,2.27#-0.21,-0.27,0.16,28.00,2.36#-0.21,-0.29,0.15,26.00,2.27#0.08,-0.23,0.16,27.00,2.27#0.08,-0.29,0.17,26.00,2.27#-0.01,-0.29,0.16,26.00,2.18#TRH#21.30,51.03,20.56,55.46!","8:20:41, 41.3695755005, 1.9969772100, 145.2328033447, 0.0141"
2025-04-23 10:20:48,,"8:20:43, 41.3695755005, 1.9969772100, 145.2120971680, 0.0141"
2025-04-23 10:20:49,"MXD#47.60,6.00,195.35,172.00,0.00,750.54,120.48,449#47.43,6.00,163.26,160.53,0.00,665.12,115.57,449#47.51,6.00,177.16,168.09,0.00,730.25,113.47,449#47.57,6.00,184.24,174.29,0.00,684.77,110.55,449#47.56,5.99,185.44,166.39,0.00,710.98,116.59,452#48.03,5.99,186.66,170.38,0.00,719.45,114.86,452#47.81,5.99,191.51,166.34,0.00,742.71,131.12,452#48.30,5.99,194.01,176.43,0.00,664.22,116.75,452#48.12,5.99,195.90,173.58,0.00,735.95,106.73,448#48.03,5.98,196.24,173.58,0.00,734.96,115.92,448#TRH#21.19,50.02,21.23,49.94,21.20,49.25,21.22,49.90!","8:20:45, 41.3695755005, 1.9969773293, 145.2658996582, 0.0141"
2025-04-23 10:20:52,,"8:20:47, 41.3695755005, 1.9969772100, 145.2440948486, 0.0141"
2025-04-23 10:20:52,"MXA#0.02,29.00,13.38,38.55#0.02,28.93,13.39,38.75#0.02,29.06,13.39,38.69#0.02,29.28,13.47,39.06#0.02,29.10,13.44,39.01#0.02,29.19,13.42,38.79#0.02,29.12,13.42,38.92#0.02,29.37,13.53,38.98#TRH#28.17,48.69,28.17,47.23,28.36,45.47,28.23,48.69!","8:20:49, 41.3695755005, 1.9969772100, 145.2281036377, 0.0141"
2025-04-23 10:20:54,"ECS#-0.01,-0.29,0.17,27.00,2.18#-0.11,-0.27,0.16,28.00,2.27#-0.01,-0.27,0.17,26.00,2.27#-0.11,-0.25,0.17,27.00,2.18#-0.01,-0.27,0.17,26.00,2.18#-0.01,-0.29,0.18,27.00,2.18#0.08,-0.27,0.18,26.00,2.27#-0.01,-0.29,0.18,26.00,2.18#-0.21,-0.29,0.17,26.00,2.27#-0.11,-0.35,0.18,27.00,2.36#0.08,-0.19,0.18,29.00,2.18#-0.21,-0.25,0.18,26.00,2.27#-0.01,-0.27,0.18,26.00,2.18#-0.01,-0.27,0.18,26.00,2.18#TRH#21.31,50.10,20.56,54.78!","8:20:51, 41.3695755005, 1.9969773293, 145.2830963135, 0.0141"
2025-04-23 10:20:57,,"8:20:55, 41.3695755005, 1.9969774485, 145.3106994629, 0.0141"
2025-04-23 10:20:58,"MXD#48.25,5.97,197.15,166.39,0.00,703.56,120.27,448#48.16,5.98,166.29,168.95,0.00,734.21,114.28,448#48.17,5.97,178.83,176.72,0.00,732.72,116.23,452#48.31,5.97,186.25,169.98,0.00,761.55,109.55,452#48.15,5.97,187.07,172.82,0.00,715.08,103.95,452#48.12,5.97,191.94,182.69,0.00,713.88,116.71,452#47.84,5.97,192.92,168.26,0.00,720.92,108.15,452#47.92,5.96,194.01,173.64,0.00,739.20,119.46,457#47.75,5.96,191.94,178.83,0.00,821.25,107.86,457#TRH#21.19,50.33,21.19,50.37,21.19,49.69,21.22,50.44!","8:20:57, 41.3695755005, 1.9969762564, 145.3560943604, 0.0147"
2025-04-23 10:21:01,,"8:20:59, 41.3695755005, 1.9969763756, 145.4665985107, 0.0838"
2025-04-23 10:21:05,"ECS#-0.01,-0.29,0.18,27.00,2.27#-0.11,-0.29,0.18,27.00,2.36#-0.01,-0.25,0.19,26.00,2.27#0.08,-0.23,0.19,28.00,2.27#0.18,-0.27,0.19,27.00,2.27#-0.21,-0.27,0.18,27.00,2.27#-0.21,-0.27,0.18,27.00,2.09#-0.01,-0.27,0.19,27.00,2.27#-0.11,-0.27,0.18,26.00,2.09#0.08,-0.27,0.18,26.00,2.18#-0.01,-0.29,0.18,26.00,2.27#0.08,-0.25,0.19,26.00,2.18#0.28,-0.23,0.18,27.00,2.27#-0.11,-0.27,0.19,27.00,2.27#-0.01,-0.27,0.19,26.00,2.27#TRH#21.31,50.65,20.55,55.13!","8:20:1, 41.3695755005, 1.9969750643, 146.1564941406, 0.3973"
2025-04-23 10:21:08,,"8:21:3, 41.3695755005, 1.9969733953, 146.4539031982, 0.1186"
2025-04-23 10:21:08,"MXD#47.53,5.94,194.23,170.44,0.00,701.18,107.93,457#47.34,5.94,162.49,172.94,0.00,711.94,109.84,457#47.28,5.94,175.16,174.70,0.00,732.23,105.87,454#47.40,5.94,182.08,171.66,0.00,662.88,114.67,454#47.59,5.94,182.86,168.26,0.00,713.88,115.88,454#47.20,5.93,182.86,169.18,0.00,699.52,114.36,454#47.42,5.93,182.86,170.67,0.00,708.82,111.31,454#47.57,5.93,184.64,174.41,0.00,688.72,112.94,454#47.33,5.93,185.44,169.35,0.00,725.57,129.53,458#47.43,5.93,184.64,171.31,0.00,749.02,113.43,458#TRH#21.23,50.53,21.22,50.47,21.22,49.75,21.25,50.40!","8:21:5, 41.3695755005, 1.9969719648, 146.2530975342, 0.1516"
2025-04-23 10:21:11,,"8:21:7, 41.3695716858, 1.9969737530, 146.4461059570, 0.1049"
2025-04-23 10:21:12,"MXA#0.02,28.77,13.42,37.01#0.02,28.93,13.43,36.75#0.02,29.27,13.45,36.72#0.02,28.98,13.47,36.20#0.02,28.88,13.42,36.12#0.02,28.97,13.41,35.99#0.02,29.05,13.43,36.15#0.02,28.96,13.49,36.62#TRH#28.30,48.71,28.27,47.33,28.47,45.69,28.34,48.71!","8:21:9, 41.3695716858, 1.9969713688, 146.4716033936, 0.1326"
2025-04-23 10:21:14,"0,2.27#-0.01,-0.31,0.19,26.00,2.27#-0.11,-0.29,0.19,27.00,2.27#-0.01,-0.29,0.19,27.00,2.27#-0.11,-0.27,0.19,27.00,2.36#-0.21,-0.25,0.19,28.00,2.36#-0.11,-0.29,0.19,26.00,2.36#TRH#21.34,50.16,20.59,54.85!","8:21:11, 41.3695678711, 1.9969688654, 146.3343048096, 0.1155"
2025-04-23 10:21:17,,"8:21:13, 41.3695678711, 1.9969692230, 146.4116058350, 0.1141"
2025-04-23 10:21:18,"MXD#47.05,5.91,192.37,175.83,0.00,751.56,110.25,458#47.30,5.91,160.35,166.56,0.00,717.75,114.59,458#47.43,5.91,173.38,171.19,0.00,737.45,113.90,462#47.45,5.91,180.15,166.34,0.00,717.75,114.55,462#47.21,5.91,181.49,172.00,0.00,752.07,117.02,462#47.32,5.90,182.27,183.06,0.00,679.23,107.35,462#47.38,5.90,184.84,173.29,0.00,743.97,133.22,462#47.24,5.90,186.86,171.54,0.00,767.24,109.25,463#47.25,5.89,192.37,160.37,0.00,747.50,108.73,463#47.54,5.89,193.57,176.61,0.00,724.34,125.51,463#TRH#21.23,50.15,21.25,50.19,21.23,49.52,21.27,50.29!","8:21:15, 41.3695678711, 1.9969679117, 146.3834991455, 0.1340"
2025-04-23 10:21:21,"MXA#0.02,29.12,13.51,36.43#0.02,29.17,13.53,36.25#0.02,29.29,13.58,36.51#0.02,29.04,13.50,36.46#0.02,29.16,13.58,36.83#0.02,29.24,13.57,36.62#0.02,29.31,13.50,36.67#0.02,28.92,13.47,36.20#TRH#28.36,48.80,28.31,47.64,28.50,46.03,28.34,48.80!","8:21:17, 41.3695678711, 1.9969674349, 146.3352966309, 0.1210"
2025-04-23 10:21:24,"ECS#0.18,-0.23,0.20,26.00,2.36#-0.01,-0.29,0.19,27.00,2.27#-0.11,-0.29,0.19,27.00,2.27#-0.11,-0.33,0.19,27.00,2.18#0.18,-0.27,0.19,25.00,2.18#-0.21,-0.29,0.19,27.00,2.27#-0.11,-0.29,0.19,28.00,2.36#-0.01,-0.27,0.19,28.00,2.36#0.08,-0.27,0.19,26.00,2.27#-0.11,-0.27,0.19,26.00,2.27#-0.01,-0.31,0.19,27.00,2.27#-0.01,-0.25,0.19,26.00,2.36#-0.01,-0.25,0.19,27.00,2.27#-0.11,-0.31,0.19,26.00,2.27#TRH#21.36,50.71,20.62,55.19!","8:21:19, 41.3695678711, 1.9969669580, 146.2678985596, 0.1047"
2025-04-23 10:21:27,,"8:21:21, 41.3695678711, 1.9969669580, 146.1748046875, 0.0953"
2025-04-23 10:21:28,"MXD#47.20,5.89,195.01,169.81,0.00,731.73,106.73,460#47.26,5.88,161.72,168.21,0.00,757.69,110.25,460#47.11,5.88,175.16,174.53,0.00,668.28,110.07,460#46.98,5.87,180.73,169.23,0.00,745.99,110.97,460#46.80,5.87,181.30,170.04,0.00,761.80,111.53,460#46.84,5.87,181.49,166.79,0.00,791.24,113.32,460#46.60,5.87,181.11,164.99,0.00,747.00,111.87,460#46.69,5.87,182.27,169.75,0.00,735.71,110.37,462#46.68,5.87,183.05,174.47,0.00,693.16,112.33,462#TRH#21.27,50.74,21.25,50.63,21.25,49.84,21.27,50.29!","8:21:23, 41.3695678711, 1.9969666004, 146.1676025391, 0.1242"
2025-04-23 10:21:31,,"8:21:25, 41.3695678711, 1.9969668388, 146.1486968994, 0.0911"
2025-04-23 10:21:31,"MXA#0.02,28.79,13.49,35.88#0.02,28.88,13.51,35.58#0.02,28.81,13.51,35.42#0.02,28.80,13.51,35.00#0.02,28.94,13.44,34.85#0.02,28.97,13.47,35.17#0.02,29.12,13.53,35.65#0.02,29.26,13.56,35.74#TRH#28.41,48.62,28.41,47.31,28.58,45.58,28.42,48.62!","8:21:27, 41.3695678711, 1.9969667196, 146.1674041748, 0.0905"
2025-04-23 10:21:34,"ECS#0.08,-0.29,0.19,27.00,2.27#0.18,-0.29,0.19,26.00,2.18#-0.01,-0.29,0.19,27.00,2.27#0.18,-0.25,0.20,27.00,2.18#0.08,-0.25,0.19,27.00,2.27#0.18,-0.23,0.20,26.00,2.27#-0.01,-0.29,0.19,26.00,2.36#-0.01,-0.29,0.19,26.00,2.27#-0.01,-0.29,0.19,26.00,2.27#-0.01,-0.29,0.19,28.00,2.18#-0.11,-0.31,0.19,26.00,2.18#-0.11,-0.29,0.19,27.00,2.27#28.00,2.27#0.18,-0.21,0.19,26.00,2.27#TRH#21.38,50.21,20.59,54.91!","8:21:29, 41.3695678711, 1.9969664812, 146.1692962646, 0.0899"
2025-04-23 10:21:37,,"8:21:31, 41.3695678711, 1.9969666004, 146.1976013184, 0.0974"
2025-04-23 10:21:38,"MXD#46.96,5.86,184.84,176.31,0.00,758.20,116.39,467#47.13,5.85,158.27,171.66,0.00,719.94,114.75,467#47.07,5.86,172.68,170.15,0.00,696.22,109.96,467#47.21,5.85,180.35,169.58,0.00,749.53,104.80,467#47.27,5.85,180.73,168.95,0.00,731.24,106.62,467#47.05,5.85,182.47,177.32,0.00,733.22,108.08,467#47.16,5.85,184.24,167.92,0.00,734.96,117.74,467#47.38,5.85,186.05,172.06,0.00,761.29,105.12,466#47.11,5.84,191.62,168.83,0.00,746.49,104.16,466#47.33,5.84,191.94,180.96,0.00,733.72,116.94,466#TRH#21.27,49.83,21.23,49.69,21.25,48.84,21.27,49.51!","8:21:33, 41.3695678711, 1.9969668388, 146.2646942139, 0.1139"
2025-04-23 10:21:41,,"8:21:35, 41.3695678711, 1.9969667196, 146.3300933838, 0.1046"
2025-04-23 10:21:43,"ECS#0.08,-0.27,0.20,27.00,2.36#-0.01,-0.25,0.19,26.00,2.18#0.18,-0.33,0.20,27.00,2.27#0.18,-0.27,0.20,27.00,2.27#0.08,-0.31,0.19,28.00,2.36#0.18,-0.29,0.19,27.00,2.27#0.08,-0.31,0.20,26.00,2.27#0.37,-0.25,0.20,28.00,2.27#-0.01,-0.31,0.19,27.00,2.27#0.08,-0.27,0.20,26.00,2.18#-0.01,-0.29,0.20,26.00,2.18#0.18,-0.29,0.19,27.00,2.27#0.18,-0.23,0.20,27.00,2.27#0.08,-0.33,0.19,28.00,2.27#TRH#21.38,49.38,20.64,54.23!","8:21:37, 41.3695678711, 1.9969667196, 146.3388977051, 0.1134"
2025-04-23 10:21:46,,"8:21:39, 41.3695678711, 1.9969666004, 146.3612976074, 0.1204"
2025-04-23 10:21:48,"MXD#47.57,5.84,196.13,172.88,0.00,768.28,114.67,464#47.67,5.83,165.00,172.53,0.00,738.45,116.39,464#47.71,5.84,179.21,173.64,0.00,777.96,111.72,464#47.84,5.83,187.27,172.24,0.00,753.85,106.98,464#47.67,5.83,191.94,174.47,0.00,739.20,121.54,464#47.85,5.83,193.46,181.82,0.00,783.24,116.94,464#47.97,5.83,195.57,167.64,0.00,756.15,118.58,462#47.91,5.83,196.92,176.72,0.00,739.95,110.67,462#47.97,5.83,198.18,176.49,0.00,722.63,109.44,462#48.07,5.82,199.69,175.59,0.00,732.72,116.78,462#TRH#21.27,49.47,21.27,49.35,21.28,48.45,21.31,49.05!","8:21:41, 41.3695678711, 1.9969669580, 146.4064025879, 0.1068"
2025-04-23 10:21:51,,"8:21:43, 41.3695678711, 1.9969671965, 146.5475006104, 0.1155"
2025-04-23 10:21:51,"MXA#0.02,29.25,13.60,37.00#0.02,29.15,13.62,37.16#0.02,29.49,13.70,37.58#0.02,29.30,13.65,37.84#0.02,29.21,13.64,37.97#0.02,29.25,13.64,37.89#0.02,29.57,13.67,37.64#0.02,29.58,13.69,38.12#TRH#28.48,48.08,28.48,46.34,28.64,44.47,28.48,48.08!","8:21:45, 41.3695678711, 1.9969671965, 146.5641021729, 0.0928"
2025-04-23 10:21:53,",0.19,28.00,2.27#0.08,-0.31,0.19,26.00,2.27#-0.11,-0.29,0.19,27.00,2.18#-0.01,-0.31,0.19,26.00,2.27#-0.01,-0.29,0.19,27.00,2.27#-0.11,-0.31,0.19,26.00,2.18#TRH#21.44,48.80,20.62,53.80!","8:21:47, 41.3695678711, 1.9969667196, 146.6580047607, 0.1293"
2025-04-23 10:21:56,,"8:21:49, 41.3695678711, 1.9969674349, 146.6609039307, 0.1275"
2025-04-23 10:21:57,"MXD#48.25,5.82,200.51,188.40,0.00,777.70,110.70,464#48.35,5.82,168.42,184.30,0.00,787.76,116.23,464#48.35,5.82,183.05,178.71,0.00,757.69,120.19,464#48.44,5.82,193.35,184.49,0.00,755.64,116.82,464#48.40,5.82,193.68,192.26,0.00,783.24,125.90,464#48.66,5.81,197.26,178.23,0.00,770.10,124.50,461#48.57,5.82,197.26,171.71,0.00,757.69,117.90,461#48.48,5.81,199.45,181.45,0.00,787.76,109.88,461#48.76,5.81,201.10,183.93,0.00,783.24,112.75,461#TRH#21.28,49.28,21.28,49.11,21.30,48.17,21.31,48.84!","8:21:51, 41.3695678711, 1.9969675541, 146.6806030273, 0.1162"
2025-04-23 10:22:00,,"8:21:53, 41.3695678711, 1.9969675541, 146.6748962402, 0.1020"
2025-04-23 10:22:01,"MXA#0.02,29.40,13.62,38.20#0.02,29.36,13.65,38.30#0.02,29.34,13.68,38.23#0.02,29.42,13.68,38.42#0.02,29.33,13.67,38.58#0.02,29.62,13.74,39.06#0.02,29.62,13.72,39.17#0.02,29.65,13.69,38.96#TRH#28.52,48.34,28.55,46.83,28.69,45.10,28.47,48.34!","8:21:55, 41.3695678711, 1.9969677925, 146.6578979492, 0.1115"
2025-04-23 10:22:03,"ECS#-0.21,-0.29,0.19,27.00,2.27#0.08,-0.31,0.19,27.00,2.27#-0.01,-0.31,0.19,27.00,2.36#0.18,-0.31,0.19,25.00,2.18#-0.21,-0.27,0.19,26.00,2.18#-0.01,-0.29,0.19,27.00,2.27#-0.11,-0.27,0.19,26.00,2.18#0.08,-0.23,0.20,27.00,2.36#0.08,-0.23,0.20,27.00,2.36#0.18,-0.29,0.19,26.00,2.27#0.08,-0.29,0.19,26.00,2.27#-0.11,-0.29,0.19,27.00,2.27#0.28,-0.27,0.20,26.00,2.27#0.28,-0.27,0.19,26.00,2.27#-0.01,-0.29,0.19,26.00,2.18#TRH#21.45,49.25,20.66,54.03!","8:21:57, 41.3695678711, 1.9969670773, 146.6280975342, 0.1025"
2025-04-23 10:22:06,,"8:21:59, 41.3695678711, 1.9969673157, 146.6152954102, 0.1012"
2025-04-23 10:22:07,"MXD#48.77,5.80,201.10,179.50,0.00,710.02,114.90,463#48.71,5.80,169.26,188.08,0.00,730.50,119.06,463#48.88,5.80,182.86,181.02,0.00,747.25,111.72,463#48.83,5.80,193.02,177.26,0.00,794.46,107.16,463#49.07,5.80,193.57,182.38,0.00,767.76,103.56,463#48.92,5.79,193.57,172.41,0.00,719.94,111.98,466#48.68,5.80,194.01,188.59,0.00,741.20,121.25,466#48.66,5.80,195.90,175.18,0.00,825.15,119.34,466#48.49,5.80,197.38,183.93,0.00,792.58,120.52,466#48.84,5.79,200.04,180.29,0.00,739.45,111.53,466#TRH#21.28,49.83,21.28,49.65,21.28,48.79,21.31,49.37!","8:21:1, 41.3695678711, 1.9969671965, 146.6004028320, 0.0905"
2025-04-23 10:22:10,,"8:22:3, 41.3695678711, 1.9969676733, 146.5509948730, 0.0878"
2025-04-23 10:22:10,"MXA#0.02,29.41,13.63,37.96#0.02,29.27,13.67,38.39#0.02,29.24,13.70,38.45#0.02,29.38,13.69,38.15#0.02,29.47,13.67,37.78#0.02,29.26,13.62,37.68#0.02,29.46,13.71,37.92#0.02,29.53,13.68,37.73#TRH#28.55,48.08,28.58,46.43,28.75,44.57,28.55,48.08!","8:22:5, 41.3695678711, 1.9969666004, 146.5516967773, 0.0902"
2025-04-23 10:22:13,"ECS#0.37,-0.23,0.19,26.00,2.27#-0.01,-0.29,0.19,26.00,2.18#-0.01,-0.31,0.19,28.00,2.36#0.08,-0.29,0.19,27.00,2.27#-0.01,-0.29,0.19,27.00,2.27#-0.01,-0.29,0.19,26.00,2.18#-0.01,-0.25,0.19,27.00,2.27#0.18,-0.25,0.19,26.00,2.27#0.47,-0.21,0.19,27.00,2.36#0.08,-0.33,0.19,26.00,2.27#0.08,-0.27,0.19,26.00,2.18#0.08,-0.23,0.19,26.00,2.27#-0.01,-0.29,0.19,26.00,2.27#0.08,-0.29,0.19,27.00,2.27#TRH#21.47,48.80,20.69,53.76!","8:22:7, 41.3695678711, 1.9969658852, 146.5330047607, 0.1238"
2025-04-23 10:22:16,,"8:22:9, 41.3695678711, 1.9969662428, 146.5894012451, 0.1208"
2025-04-23 10:22:17,"MXD#48.58,5.79,198.87,171.31,0.00,720.67,116.43,470#48.55,5.79,166.77,174.23,0.00,802.84,113.74,470#48.75,5.79,180.73,179.07,0.00,781.12,117.78,470#48.83,5.78,191.62,174.88,0.00,780.07,117.02,470#48.75,5.78,193.57,177.44,0.00,725.57,119.83,470#49.02,5.78,196.13,178.65,0.00,808.84,106.55,470#49.09,5.78,197.15,185.61,0.00,788.03,117.50,467#49.22,5.78,201.57,181.15,0.00,802.02,118.02,467#49.15,5.78,200.74,178.11,0.00,773.23,114.79,467#49.25,5.78,201.34,177.75,0.00,811.30,128.48,467#TRH#21.28,49.30,21.33,49.21,21.31,48.28,21.31,49.07!","8:22:11, 41.3695678711, 1.9969670773, 146.5500946045, 0.1093"
2025-04-23 10:22:20,"MXA#0.02,29.37,13.64,38.06#0.02,29.35,13.68,38.43#0.02,29.69,13.75,39.13#0.02,29.35,13.70,38.79#0.02,29.30,13.67,38.72#0.02,29.59,13.72,39.24#0.02,29.64,13.71,39.14#0.02,29.26,13.68,38.83#TRH#28.62,48.04,28.61,46.41,28.80,44.59,28.58,48.04!","8:22:13, 41.3695678711, 1.9969671965, 146.5890960693, 0.0915"
2025-04-23 10:22:23,"ECS#0.18,-0.27,0.19,27.00,2.18#0.08,-0.27,0.19,26.00,2.18#0.08,-0.25,0.18,27.00,2.27#0.18,-0.23,0.19,26.00,2.27#-0.01,-0.31,0.18,26.00,2.18#-0.01,-0.27,0.18,26.00,2.18#0.28,-0.23,0.19,26.00,2.27#0.08,-0.29,0.19,27.00,2.27#0.28,-0.29,0.19,26.00,2.18#0.28,-0.25,0.19,26.00,2.27#0.28,-0.27,0.19,26.00,2.27#-9,26.00,2.27#TRH#21.48,48.87,20.66,53.77!","8:22:15, 41.3695678711, 1.9969670773, 146.5415039063, 0.0823"
2025-04-23 10:22:26,,"8:22:17, 41.3695678711, 1.9969668388, 146.5856018066, 0.0863"
2025-04-23 10:22:27,"MXD#49.14,5.77,203.13,183.80,0.00,747.00,106.62,467#49.22,5.77,169.26,185.99,0.00,787.50,116.71,467#49.22,5.78,183.25,176.78,0.00,735.46,115.96,467#49.02,5.77,196.92,180.72,0.00,804.74,115.14,467#49.14,5.77,194.79,177.93,0.00,770.62,116.11,463#49.35,5.77,198.53,181.70,0.00,780.86,115.49,463#49.29,5.77,196.92,182.44,0.00,719.70,119.34,463#49.30,5.76,199.22,179.50,0.00,769.84,113.70,463#49.34,5.76,201.69,176.97,0.00,793.65,123.12,463#49.16,5.76,198.76,180.72,0.00,810.48,125.22,464#TRH#21.30,49.86,21.31,49.76,21.33,48.86,21.34,49.52!","8:22:19, 41.3695678711, 1.9969663620, 146.6643981934, 0.0851"
2025-04-23 10:22:30,,"8:22:21, 41.3695678711, 1.9969670773, 146.7207946777, 0.0771"
2025-04-23 10:22:31,"MXA#0.02,29.50,13.73,39.25#0.02,29.52,13.67,39.06#0.02,29.49,13.64,38.41#0.02,29.29,13.66,38.68#0.02,29.13,13.66,38.79#0.02,29.43,13.73,38.68#0.02,29.44,13.69,38.42#0.02,29.27,13.65,38.58#0.02,29.26,13.65,38.82#TRH#28.66,47.89,28.66,46.19,28.83,44.26,28.62,47.89!","8:22:23, 41.3695678711, 1.9969669580, 146.8336029053, 0.0877"
2025-04-23 10:22:34,"8,-0.31,0.19,27.00,2.36#0.08,-0.27,0.19,26.00,2.27#0.28,-0.29,0.19,27.00,2.36#0.28,-0.29,0.19,26.00,2.27#0.28,-0.27,0.19,26.00,2.18#0.18,-0.27,0.19,26.00,2.18#0.28,-0.29,0.19,26.00,2.18#TRH#21.47,48.65,20.66,53.68!","8:22:25, 41.3695678711, 1.9969671965, 146.8300018311, 0.1161"
2025-04-23 10:22:37,,"8:22:27, 41.3695678711, 1.9969681501, 146.7106933594, 0.1135"
2025-04-23 10:22:38,"5.75,197.38,171.83,0.00,809.11,126.80,464#49.98,5.75,198.64,176.07,0.00,811.03,111.57,464#49.94,5.75,202.53,186.50,0.00,770.62,116.63,464#49.92,5.75,202.89,183.00,0.00,793.92,113.74,464#49.90,5.75,203.74,181.39,0.00,766.20,115.49,463#50.00,5.75,205.21,185.05,0.00,785.37,116.75,463#TRH#21.34,49.34,21.33,49.18,21.36,48.30,21.34,48.99!","8:22:29, 41.3695678711, 1.9969676733, 146.8282012939, 0.1030"
2025-04-23 10:22:41,,"8:22:31, 41.3695678711, 1.9969674349, 146.8807067871, 0.0894"
2025-04-23 10:22:42,"MXA#0.02,29.31,13.70,38.63#0.02,29.33,13.71,39.04#0.02,29.33,13.69,39.05#0.02,29.40,13.77,39.75#0.02,29.32,13.78,39.97#0.02,29.56,13.78,39.45#0.02,29.56,13.76,39.27#0.02,29.46,13.72,39.41#0.02,29.35,13.70,39.42#TRH#28.70,47.97,28.73,46.33,28.91,44.54,28.67,47.97!","8:22:33, 41.3695678711, 1.9969668388, 146.7785949707, 0.1088"
2025-04-23 10:22:45,"ECS#0.08,-0.23,0.19,25.00,2.18#0.08,-0.31,0.19,26.00,2.27#0.28,-0.25,0.19,26.00,2.27#0.18,-0.31,0.19,26.00,2.27#0.28,-0.29,0.19,27.00,2.18#0.37,-0.31,0.19,26.00,2.27#0.28,-0.29,0.19,28.00,2.36#0.08,-0.25,0.19,26.00,2.18#0.08,-0.31,0.19,27.00,2.27#0.18,-0.27,0.19,28.00,2.27#0.08,-0.29,0.19,26.00,2.27#0.08,-0.31,0.18,26.00,2.18#-0.01,-0.29,0.19,26.00,2.18#-0.01,-0.31,0.19,27.00,2.36#0.08,-0.29,0.18,24.00,2.36#0.28,-0.27,0.19,27.00,2.27#TRH#21.50,48.81,20.69,53.74!","8:22:35, 41.3695678711, 1.9969666004, 146.7693023682, 0.1227"
2025-04-23 10:22:48,,"8:22:37, 41.3695678711, 1.9969667196, 146.8135986328, 0.1805"
2025-04-23 10:22:49,"6.92,179.99,0.00,863.73,127.27,463#50.20,5.74,199.10,187.38,0.00,829.91,122.45,463#50.10,5.75,199.80,177.14,0.00,798.77,114.63,463#49.94,5.74,202.65,183.86,0.00,771.14,109.55,461#50.08,5.74,202.65,188.59,0.00,821.25,116.55,461#49.81,5.74,203.01,179.01,0.00,914.88,126.92,461#50.02,5.74,206.08,188.27,0.00,788.56,132.63,461#TRH#21.36,50.07,21.33,50.12,21.34,49.29,21.36,50.01!","8:22:39, 41.3695678711, 1.9969670773, 146.7102966309, 0.1388"
2025-04-23 10:22:52,,"8:22:41, 41.3695678711, 1.9969675541, 146.6401977539, 0.1129"
2025-04-23 10:22:53,"MXA#0.02,29.50,13.75,39.53#0.02,29.24,13.72,39.14#0.02,29.17,13.69,38.83#0.02,29.19,13.70,39.01#0.02,29.54,13.69,38.62#0.02,29.36,13.73,38.96#0.02,29.41,13.74,38.70#0.02,29.31,13.69,38.43#0.02,29.40,13.72,38.10#TRH#28.78,48.18,28.77,46.72,28.92,44.99,28.73,48.18!","8:22:43, 41.3695678711, 1.9969673157, 146.6246948242, 0.1106"
2025-04-23 10:22:56,"ECS#0.08,-0.29,0.19,27.00,2.18#0.18,-0.25,0.18,26.00,2.18#0.28,-0.29,0.19,26.00,2.27#0.08,-0.29,0.19,26.00,2.18#-0.01,-0.27,0.19,27.00,2.27#0.18,-0.31,0.19,26.00,2.18#-0.01,-0.33,0.18,26.00,2.18#-0.01,-0.31,0.19,27.00,2.27#0.28,-0.29,0.19,26.00,2.18#0.08,-0.31,0.19,27.00,2.27#0.08,-0.29,0.19,27.00,2.27#0.37,-0.31,0.19,27.00,2.36#0.08,-0.27,0.19,27.00,2.27#0.18,-0.29,0.19,27.00,2.18#0.37,-0.29,0.19,26.00,2.18#0.47,-0.29,0.20,28.00,2.36#TRH#21.55,49.56,20.69,54.36!","8:22:45, 41.3695678711, 1.9969658852, 146.6345977783, 0.1051"
2025-04-23 10:22:59,,"8:22:47, 41.3695678711, 1.9969663620, 146.5724029541, 0.1121"
2025-04-23 10:23:00,"MXD#49.76,5.73,204.11,181.21,0.00,893.76,119.75,460#49.82,5.73,167.92,180.29,0.00,823.20,122.00,460#49.56,5.73,182.66,172.35,0.00,812.13,129.26,460#49.71,5.73,194.34,177.99,0.00,844.36,110.25,460#49.43,5.73,193.79,192.07,0.00,825.99,111.68,460#49.53,5.73,195.46,183.06,0.00,817.09,112.36,460#49.29,5.73,196.47,181.88,0.00,815.16,116.59,462#49.27,5.72,196.81,182.69,0.00,815.99,117.54,462#49.14,5.72,197.49,186.43,0.00,785.90,115.17,462#48.97,5.72,198.41,181.51,0.00,802.84,115.25,462#49.02,5.72,197.61,174.59,0.00,803.92,110.59,462#TRH#21.36,50.00,21.33,49.84,21.38,48.92,21.39,49.62!","8:22:49, 41.3695678711, 1.9969661236, 146.5532989502, 0.0964"
2025-04-23 10:23:03,,"8:22:51, 41.3695678711, 1.9969667196, 146.5182952881, 0.1021"
2025-04-23 10:23:03,"MXA#0.02,29.16,13.62,37.82#0.02,29.30,13.69,37.97#0.02,29.29,13.71,37.90#0.02,29.15,13.66,37.46#0.02,29.00,13.61,37.05#0.02,29.09,13.65,36.71#0.02,29.33,13.70,36.87#0.02,29.42,13.69,36.70#0.02,29.33,13.72,36.62#TRH#28.80,47.98,28.81,46.38,29.00,44.59,28.78,47.98!","8:22:53, 41.3695678711, 1.9969673157, 146.5769958496, 0.1006"
2025-04-23 10:23:06,"ECS#0.37,-0.29,0.19,26.00,2.27#0.08,-0.27,0.19,26.00,2.27#0.37,-0.31,0.19,28.00,2.36#0.08,-0.31,0.19,27.00,2.27#0.08,-0.31,0.19,26.00,2.36#0.08,-0.29,0.19,27.00,2.27#0.37,-0.29,0.20,27.00,2.18#-0.01,-0.31,0.19,26.00,2.18#0.08,-0.33,0.19,26.00,2.27#0.18,-0.27,0.19,27.00,2.27#0.18,-0.27,0.19,26.00,2.27#0.08,-0.27,0.19,27.00,2.18#-0.11,-0.27,0.19,27.00,2.27#-0.01,-0.29,0.19,27.00,2.27#0.08,-0.31,0.19,27.00,2.27#0.08,-0.27,0.19,26.00,2.27#TRH#21.55,49.21,20.72,54.17!","8:22:55, 41.3695678711, 1.9969667196, 146.6083984375, 0.0920"
2025-04-23 10:23:09,,"8:22:57, 41.3695678711, 1.9969666004, 146.5894012451, 0.0834"
2025-04-23 10:23:10,"MXD#48.70,5.71,197.49,187.64,0.00,796.07,115.80,461#48.50,5.71,164.37,185.74,0.00,816.54,117.58,461#48.59,5.71,180.54,179.25,0.00,731.24,128.57,461#48.51,5.71,186.25,183.37,0.00,778.49,115.37,461#48.62,5.71,191.94,185.30,0.00,803.11,129.97,461#48.20,5.71,187.27,179.44,0.00,744.22,120.60,460#48.37,5.71,192.81,189.68,0.00,792.04,121.38,460#48.39,5.71,192.81,182.93,0.00,798.23,110.40,460#48.09,5.71,194.23,180.72,0.00,784.57,116.59,460#48.18,5.70,193.35,175.00,0.00,842.08,112.36,462#TRH#21.39,49.97,21.36,50.00,21.38,49.17,21.42,49.93!","8:22:59, 41.3695678711, 1.9969666004, 146.6817932129, 0.0748"
2025-04-23 10:23:13,,"8:22:1, 41.3695678711, 1.9969674349, 146.6651000977, 0.0778"
2025-04-23 10:23:13,"MXA#0.02,29.07,13.65,36.05#0.02,29.50,13.75,35.96#0.02,29.37,13.70,36.26#0.02,29.08,13.67,36.40#0.02,29.04,13.64,36.32#0.02,29.08,13.69,36.25#0.02,29.37,13.68,35.96#0.02,29.04,13.62,35.91#TRH#28.86,47.95,28.86,46.44,29.00,44.50,28.83,47.95!","8:23:3, 41.3695678711, 1.9969677925, 146.6967010498, 0.0833"
2025-04-23 10:23:16,"ECS#0.08,-0.31,0.19,27.00,2.27#-0.01,-0.31,0.19,26.00,2.18#-0.01,-0.29,0.19,26.00,2.18#0.28,-0.25,0.19,26.00,2.27#0.08,-0.31,0.19,26.00,2.27#0.28,-0.33,0.19,26.00,2.18#0.08,-0.29,0.19,26.00,2.36#-0.01,-0.31,0.18,27.00,2.27#0.28,-0.27,0.19,27.00,2.18#-0.01,-0.31,0.19,26.00,2.18#0.28,-0.31,0.20,28.00,2.27#0.37,-0.23,0.20,28.00,2.27#-0.01,-0.29,0.19,26.00,2.18#0.28,-0.25,0.20,26.00,2.27#TRH#21.58,48.97,20.73,54.02!","8:23:5, 41.3695678711, 1.9969670773, 146.7332000732, 0.0850"
2025-04-23 10:23:19,,"8:23:7, 41.3695678711, 1.9969668388, 146.7584075928, 0.1122"
2025-04-23 10:23:20,"5.70,191.62,188.78,0.00,812.68,117.14,466#47.73,5.69,191.94,183.49,0.00,812.68,119.91,466#47.79,5.70,193.46,186.37,0.00,837.53,126.28,466#47.44,5.69,192.70,185.30,0.00,814.88,103.84,469#47.15,5.69,191.62,176.78,0.00,769.06,110.40,469#TRH#21.39,49.43,21.36,49.31,21.41,48.29,21.39,48.93!","8:23:9, 41.3695678711, 1.9969673157, 146.8802032471, 0.0822"
2025-04-23 10:23:23,",33.46#0.02,29.47,13.66,33.12#0.02,29.46,13.62,32.37#TRH#28.91,47.75,28.89,46.00,29.06,44.16,28.84,47.75!","8:23:11, 41.3695640564, 1.9969636202, 146.9499053955, 0.1837"
2025-04-23 10:23:25,"ECS#0.28,-0.31,0.19,26.00,2.27#0.08,-0.27,0.19,27.00,2.27#0.37,-0.25,0.19,26.00,2.27#0.37,-0.33,0.19,26.00,2.27#0.08,-0.29,0.19,26.00,2.27#0.08,-0.31,0.19,26.00,2.27#0.18,-0.29,0.19,27.00,2.27#0.28,-0.31,0.19,27.00,2.36#0.37,-0.25,0.19,26.00,2.36#0.28,-0.29,0.18,27.00,2.27#0.37,-0.29,0.19,27.00,2.27#0.28,-0.33,0.19,26.00,2.27#0.18,-0.33,0.18,26.00,2.27#0.28,-0.27,0.18,28.00,2.27#TRH#21.59,48.54,20.75,53.66!","8:23:13, 41.3695526123, 1.9969574213, 146.8755035400, 0.2411"
2025-04-23 10:23:28,,"8:23:15, 41.3695449829, 1.9969451427, 146.9297943115, 0.1491"
2025-04-23 10:23:33,"MXD#46.23,5.68,186.45,188.02,0.00,777.96,118.30,469#46.18,5.68,155.81,178.41,0.00,820.14,120.27,469#46.09,5.68,170.10,180.11,0.00,781.12,113.55,470#45.88,5.68,176.61,182.07,0.00,815.16,113.55,470#45.53,5.68,174.62,174.41,0.00,728.77,118.14,470#45.36,5.67,175.16,191.16,0.00,797.69,122.74,470#45.35,5.67,176.07,175.30,0.00,779.01,115.33,470#45.08,5.67,176.25,176.91,0.00,757.69,110.63,470#45.25,5.67,177.16,179.74,0.00,763.87,113.36,475#TRH#21.39,49.22,21.39,49.05,21.4","8:23:17, 41.3695373535, 1.9969338179, 146.8040924072, 0.3773"
2025-04-23 10:23:33,"MXA#0.02,29.13,13.55,31.20#0.02,29.49,13.62,31.13#0.02,29.38,13.62,30.91#0.02,29.05,13.54,30.41#0.02,29.38,13.60,30.51#0.02,29.38,13.57,30.22#0.02,29.18,13.51,29.99#0.02,29.14,13.53,29.96#TRH#28.94,47.75,28.94,45.97,29.14,44.18,28.89,47.75!","8:23:19, 41.3695335388, 1.9969220161, 146.9683990479, 0.6274"
2025-04-23 10:23:36,"ECS#0.18,-0.29,0.18,27.00,2.27#0.28,-0.27,0.18,28.00,2.36#0.28,-0.27,0.19,26.00,2.27#0.28,-0.27,0.18,27.00,2.36#0.28,-0.27,0.18,27.00,2.27#0.18,-0.31,0.19,26.00,2.27#0.18,-0.25,0.18,27.00,2.27#0.28,-0.29,0.19,27.00,2.27#0.08,-0.29,0.18,26.00,2.36#0.28,-0.29,0.19,27.00,2.27#0.08,-0.29,0.18,26.00,2.27#0.08,-0.29,0.18,27.00,2.27#0.18,-0.31,0.19,28.00,2.27#0.08,-0.31,0.18,27.00,2.18#0.28,-0.29,0.19,26.00,2.18#TRH#21.59,48.45,20.80,53.48!","8:23:21, 41.3695335388, 1.9969134331, 146.7890930176, 1.4515"
2025-04-23 10:23:39,,"8:23:23, 41.3695297241, 1.9969055653, 146.9763031006, 2.1729"
2025-04-23 10:23:40,"MXD#44.75,5.66,177.90,178.77,0.00,829.07,110.29,475#44.54,5.65,149.40,173.53,0.00,756.92,121.87,475#44.37,5.66,163.74,174.05,0.00,723.61,106.33,475#44.16,5.66,169.26,173.47,0.00,736.20,108.88,470#44.28,5.66,170.10,175.06,0.00,738.95,178.09,173.94,0.00,792.58,97.91,471#TRH#21.39,49.31,21.41,49.14,21.41,48.13,21.44,48.79!","8:23:25, 41.3695259094, 1.9968955517, 146.9615020752, 2.7008"
2025-04-23 10:23:43,"MXA#0.02,29.17,13.59,29.61#0.02,29.09,13.49,29.28#0.02,29.00,13.47,29.21#0.02,29.33,13.55,29.52#0.02,29.01,13.49,29.57#0.02,29.09,13.50,29.63#0.02,29.29,13.52,30.05#0.02,29.45,13.59,30.59#TRH#29.00,47.64,28.98,45.82,29.19,43.98,28.92,47.64!","8:23:27, 41.3695259094, 1.9968864918, 147.0722961426, 3.0808"
2025-04-23 10:23:48,"ECS#0.08,-0.29,0.19,26.00,2.27#0.18,-0.31,0.19,28.00,2.36#0.08,-0.29,0.18,27.00,2.27#0.18,-0.31,0.18,27.00,2.18#0.08,-0.29,0.19,26.00,2.18#0.08,-0.33,0.19,27.00,2.27#-0.01,-0.33,0.18,26.00,2.18#-0.01,-0.29,0.18,27.00,2.27#-0.11,-0.3","8:23:29, 41.3695182800, 1.9968817234, 147.5169982910, 3.4470"
2025-04-23 10:23:50,"MXD#44.48,5.63,178.65,178.59,0.00,763.61,112.02,471#44.62,5.63,152.88,182.13,0.00,825.43,110.29,472#44.73,5.64,168.09,183.12,0.00,740.20,110.40,472#44.84,5.63,176.25,192.53,0.00,784.30,120.23,472#45.21,5.63,178.27,179.25,0.00,745.23.92,180.53,0.00,794.99,120.31,470#TRH#21.41,49.26,21.39,49.14,21.44,48.06,21.44,48.79!","8:23:31, 41.3695144653, 1.9968767166, 146.8692016602, 3.9007"
2025-04-23 10:23:53,,"8:23:33, 41.3695144653, 1.9968745708, 146.2182006836, 4.3954"
2025-04-23 10:23:53,"MXA#0.02,29.44,13.59,32.01#0.02,29.39,13.62,32.82#0.02,29.33,13.60,33.38#0.02,29.29,13.62,33.74#0.02,29.42,13.66,34.41#0.02,29.33,13.67,34.76#0.02,29.18,13.66,34.81#0.02,29.37,13.66,35.13#0.02,29.07,13.65,35.31#TRH#29.05,47.65,29.02,45.96,29.20,44.17,28.94,47.65!","8:23:35, 41.3695144653, 1.9968733788, 145.3574066162, 4.7516"
2025-04-23 10:23:59,"ECS#-0.11,-0.29,0.19,27.00,2.36#0.18,-0.21,0.20,26.00,2.27#0.08,-0.27,0.18,27.00,2.27#-0.01,-0.29,0.18,26.00,2.18#0.18,-0.23,0.19,27.00,2.36#0.28,-0.21,0.19,26.00,2.27#0.08,-0.31,0.19,26.00,2.27#0.28,-0.31,0.19,26.00,2.27#0.28,-0.27,0.20,27.00,2.36#0","8:23:37, 41.3695106506, 1.9968711138, 143.5977935791, 5.0003"
2025-04-23 10:24:01,SPLRon,"8:23:39, 41.3695068359, 1.9968652725, 142.6304016113, 5.3406"
2025-04-23 10:24:01,"MXD#46.26,5.63,194.79,189.04,0.00,771.67,111.95,468#46.30,5.62,164.05,185.18,0.00,767.50,112.02,468#46.72,5.62,181.30,186.37,0.00,755.90,115.72,468#46.51,5.62,186.05,180.11,0.00,756.41,106.88,4.95,0.00,746.24,121.67,470#46.67,5.62,195.35,185.55,0.00,716.78,120.40,470#46.62,5.62,195.79,178.89,0.00,790.43,122.70,470#TRH#21.44,49.73,21.44,49.62,21.47,48.67,21.44,49.36!","8:23:41, 41.3695068359, 1.9968614578, 141.1976013184, 5.6669"
2025-04-23 10:24:10,"MXA#0.02,29.05,13.72,35.53#0.02,29.15,13.71,35.37#0.02,29.22,13.72,35.24#0.02,29.15,13.70,35.16#0.02,29.16,13.74,34.91#0.02,28.88,13.70,34.51#0.02,28.91,13.73,34.40#0.02,28.94,13.72,34.45#0.02,28.84,13.74,34.5ECS#0.28,-0.27,0.19,27.00,2.18#0.18,-0.29,0.19,25.00,2.18#0.18,-0.29,0.19,27.00,2.27#0.18,-0.29,0.19,26.00,2.27#0.18,-0.29,0.19,26.00,2.27#-0.01,-0.33,0.19,26.00,2.27#-0.01,-0.29,0.19,26.00,2.27#0.08,-0.27,0.19,27.00,2.36#0.18,-0.27,0.19,26.00,2.27#0","8:23:43, 41.3695068359, 1.9968612194, 138.0794067383, 5.9437"
2025-04-23 10:24:11,"MXD#46.79,5.62,198.29,174.70,0.00,789.90,112.86,465#46.58,5.61,163.74,183.18,0.00,812.68,112.36,465#47.07,5.61,179.59,174.53,0.00,796.34,113.01,5.61,191.19,184.11,0.00,815.99,113.78,465#46.82,5.61,193.68,181.15,0.00,812.68,113.78,466#46.93,5.61,192.59,178.23,0.00,766.98,121.75,466#46.80,5.61,194.01,180.05,0.00,760.00,113.51,466#46.62,5.61,194.57,193.18,0.00,811.85,108.59,466#46.58,5.61,193.24,180.47,0.00,797.69,106.22,466#TRH#21.45,49.91,21.42,49.87,21.47,48.93,21.47,49.60!","8:23:45, 41.3695106506, 1.9968484640, 135.7984924316, 6.0788"
2025-04-23 10:24:14,,"8:23:47, 41.3695182800, 1.9968365431, 130.6672973633, 6.1423"
2025-04-23 10:24:16,"ECS#0.18,-0.27,0.19,28.00,2.36#0.18,-0.31,0.19,26.00,2.36#0.18,H#21.61,49.13,20.83,53.98!","8:23:49, 41.3695182800, 1.9968205690, 128.7344055176, 6.1732"
2025-04-23 10:24:19,,"8:23:51, 41.3695182800, 1.9968042374, 126.1407012939, 6.3702"
2025-04-23 10:24:21,"MXD#46.78,5.60,194.46,185.36,0.00,871.95,115.92,461#46.65,5.60,163.11,190.71,0.00,799.04,114.55,461#46.67,5.60,176.25,181.15,0.00,825.43,117.54,461#46.45,5.60,186.86,185.80,0.00,763.87,108.62,461#46.73,5.60,184.84,187.76,0.00,753.60,108.00,460#46.40,5.60,193.24,182.19,0.00,829.07,111.49,460#46.60,5.59,191.62,188.27,0.00,807.47,117.10,460#46.10,5.59,191.51,188.14,0.00,730.74,128.26,460#46.19,5.59,191.72,176.91,0.00,777.96,114.32,460#45.95,5.59,186.66,183.43,0.00,784.30,114.90,460#TRH#21.47,50.11,21.42,50.02,21.45,49.18,21.50,49.85!","8:23:53, 41.3695182800, 1.9967933893, 124.6050033569, 6.5012"
2025-04-23 10:24:24,,"8:23:55, 41.3695182800, 1.9967840910, 123.4803009033, 6.5961"
2025-04-23 10:24:29,"64,49.29,20.86,54.14!","8:23:57, 41.3695182800, 1.9967756271, 122.8389968872, 6.5916"
2025-04-23 10:24:30,"5,49.18,21.48,49.88!","8:23:59, 41.3695182800, 1.9967660904, 122.6025009155, 6.5900"
2025-04-23 10:24:33,,"8:23:1, 41.3695182800, 1.9967558384, 121.8615036011, 6.5669"
2025-04-23 10:24:34,"4,47.66!","8:24:3, 41.3695182800, 1.9967473745, 120.9926986694, 6.5819"
2025-04-23 10:24:36,"ECS#0.28,-0.27,0.19,9,0.19,27.00,2.18#0.28,-0.27,0.19,27.00,2.36#0.08,-0.29,0.19,26.00,2.27#0.18,-0.27,0.20,27.00,2.18#0.47,-0.29,0.19,28.00,2.27#TRH#21.66,49.40,20.86,54.21!","8:24:5, 41.3695106506, 1.9967412949, 120.2240982056, 6.5930"
2025-04-23 10:24:39,,"8:24:7, 41.3695106506, 1.9967355728, 119.2143020630, 6.6313"
2025-04-23 10:24:40,"6.98,179.13,0.00,756.66,113.67,461#44.65,5.56,176.07,175.00,0.00,705.71,114.13,461#44.72,5.56,177.53,188.27,0.00,742.21,117.14,461#44.67,5.55,176.79,181.51,0.00,768.28,109.58,461#44.58,5.55,181.30,174.88,0.00,753.85,103.25,461#44.66,5.55,179.59,166.56,0.00,706.18,120.23,459#TRH#21.48,50.23,21.45,50.27,21.50,49.49,21.53,50.22!","8:24:9, 41.3695106506, 1.9967314005, 118.8977966309, 6.7193"
2025-04-23 10:24:43,,"8:24:11, 41.3695106506, 1.9967285395, 117.7834014893, 6.8597"
2025-04-23 10:24:43,"MXA#0.02,28.84,13.56,30.26#0.02,29.13,13.63,30.39#0.02,29.09,13.62,30.59#0.02,28.85,13.64,30.48#0.02,28.79,13.64,30.44#0.02,29.08,13.60,30.17#0.02,28.77,13.59,29.94#0.02,28.94,13.56,29.40#TRH#29.23,47.78,29.22,46.34,29.38,44.67,29.17,47.78!","8:24:13, 41.3695068359, 1.9967305660, 115.9373016357, 7.0782"
2025-04-23 10:24:46,"ECS#0.18,-0.31,0.19,26.00,2.18#0.08,-0.33,0.19,27.00,2.27#0.37,-0.25,0.20,26.00,2.18#0.18,-0.29,0.20,28.00,2.36#0.28,-0.29,0.19,27.00,2.18#0.08,-0.29,0.19,27.00,2.18#0.28,-0.29,0.19,26.00,2.36#0.28,-0.29,0.20,27.00,2.27#0.28,-0.31,0.19,25.00,2.18#0.08,-0.31,0.19,27.00,2.27#0.28,-0.29,0.20,26.00,2.27#0.28,-0.29,0.20,28.00,2.36#0.28,-0.29,0.20,26.00,2.27#0.28,-0.31,0.20,28.00,2.27#TRH#21.64,49.59,20.81,54.43!","8:24:15, 41.3695030212, 1.9967303276, 113.8187026978, 7.3485"
2025-04-23 10:24:49,,"8:24:17, 41.3694953918, 1.9967324734, 113.1511993408, 7.5439"
2025-04-23 10:24:50,"51.12,172.41,0.00,679.69,103.25,459#44.11,5.54,165.00,176.31,0.00,768.28,116.43,459#44.09,5.54,173.56,172.30,0.00,740.45,108.81,460#44.44,5.54,173.91,172.88,0.00,698.11,114.24,460#44.56,5.53,175.70,174.05,0.00,709.06,109.96,460#44.72,5.53,178.09,171.31,0.00,675.33,106.91,460#44.79,5.53,181.30,171.48,0.00,682.68,113.09,460#44.62,5.53,183.45,175.30,0.00,731.48,110.18,459#44.79,5.53,185.84,184.05,0.00,707.62,117.70,459#TRH#21.48,49.71,21.47,49.59,21.48,48.72,21.53,49.33!","8:24:19, 41.3694877625, 1.9967300892, 111.1194992065, 7.6799"
2025-04-23 10:24:53,,"8:24:21, 41.3694915771, 1.9967265129, 110.1405029297, 7.7665"
2025-04-23 10:24:53,"9,47.37!","8:24:23, 41.3694953918, 1.9967263937, 108.1845016479, 7.7799"
2025-04-23 10:24:56,"ECS#-0.01,-0.29,0.20,26.00,2.27#-0.01,-0.31,0.19,27.00,2.18#0.08,-0.33,0.19,28.00,2.36#0.18,-0.29,0.19,26.00,2.27#0.28,-0.31,0.19,27.00,2.36#0.28,-0.25,0.19,28.00,2.36#0.18,-0.31,0.19,26.00,2.18#0.28,-0.33,0.19,26.00,2.18#0.08,-0.29,0.19,26.00,2.18#0.28,-0.23,0.19,27.00,2.36#0.18,-0.29,0.19,26.00,2.27#0.08,-0.29,0.19,27.00,2.36#-0.01,-0.21,0.19,27.00,2.27#0.18,-0.29,0.19,26.00,2.27#0.18,-0.29,0.19,25.00,2.18#TRH#21.64,48.84,20.84,53.86!","8:24:25, 41.3694915771, 1.9967278242, 107.3320007324, 7.7765"
2025-04-23 10:24:59,,"8:24:27, 41.3694877625, 1.9967286587, 105.2936019897, 7.7384"
2025-04-23 10:25:00,"MXD#44.98,5.53,185.84,173.64,0.00,857.90,120.56,459#45.21,5.53,157.68,175.30,0.00,742.71,110.03,459#45.18,5.53,175.70,175.35,0.00,729.75,106.37,460#45.27,5.52,183.25,176.84,0.00,745.48,116.04,460#45.32,5.52,183.64,182.75,0.00,736.45,115.96,460#45.24,5.52,187.07,172.06,0.00,744.47,117.26,460#45.32,5.52,187.07,176.19,0.00,684.53,121.13,460#45.32,5.52,186.45,188.85,0.00,770.62,113.90,460#45.40,5.52,186.45,181.70,0.00,729.26,109.07,461#45.63,5.52,194.12,181.64,0.00,756.66,103.28,461#TRH#21.52,49.43,21.50,49.31,21.50,48.39,21.52,49.03!","8:24:29, 41.3694839478, 1.9967273474, 103.4001998901, 7.7117"
2025-04-23 10:25:03,,"8:24:31, 41.3694877625, 1.9967216253, 100.9916992188, 7.7295"
2025-04-23 10:25:07,"ECS#0.28,-0.27,0.19,25.00,2.55#0.18,-0.21,0.19,27.00,2.27#-0.11,-0.29,0.19,26.00,2.27#-0.11,-0.29,0.19,26.00,2.27#0.18,-0.29,0.19,27.00,2.27#0.28,-0.29,0.20,26.00,2.27#0.08,-0.29,0.19,26.00,2.27#0.28,-0.25,0.19,26.00,2.27#-0.01,-0.27,0.20,27.00,2.27#0.08,-0.27,0.19,27.00,2.27#0.18,-0.21,0.19,26.00,2.18#-0.01,-0.29,0.19,27.00,2.27#0.18,-0.25,0.19,28.00,2.36#0.18,-0.33,0.19,27.00,2.27#0.18,-0.27,0.19,26.00,2.18#0.18,-0.31,0.19,27.00,2.36#TRH#21.66,48.77,20.88,53.71!","8:24:33, 41.3694839478, 1.9967216253, 98.9800033569, 7.8412"
2025-04-23 10:25:10,,"8:24:35, 41.3694915771, 1.9967229366, 95.9904022217, 7.8587"
2025-04-23 10:25:14,"MXD#45.48,5.52,194.23,182.31,0.00,792.85,115.57,457#45.31,5.52,158.86,187.25,0.00,751.05,115.88,457#45.25,5.52,174.80,177.87,0.00,757.95,112.67,457#45.54,5.51,181.69,177.03,0.00,676.25,106.37,457#45.42,5.52,183.64,185.43,0.00,776.12,119.06,457#45.55,5.51,183.45,178.77,0.00,723.61,121.01,457#45.53,5.51,183.25,186.50,0.00,729.26,115.88,457#45.61,5.51,186.86,183.74,0.00,765.68,120.27,448#45.60,5.51,191.29,191.42,0.00,754.62,123","8:24:37, 41.3694953918, 1.9967138767, 95.3062973022, 7.8798"
2025-04-23 10:25:15,"MXA#0.02,29.15,13.74,32.50#0.02,29.28,13.75,32.59#0.02,29.20,13.68,32.35#0.02,29.09,13.75,32.87#0.02,28.96,13.70,32.69#0.02,29.07,13.70,32.66#0.02,29.34,13.77,33.08#0.02,29.33,13.78,33.02#0.02,29.01,13.70,32.75#TRH#29.33,47.40,29.38,45.86,29.52,44.12,29.30,47.40!","8:24:39, 41.3694992065, 1.9967089891, 94.0010986328, 7.8805"
2025-04-23 10:25:18,"ECS#0.18,-0.31,0.19,27.00,2.36#0.18,-0.23,0.19,27.00,2.36#0.08,-0.31,0.19,26.00,2.18#-0.11,-0.31,0.19,26.00,2.27#0.08,-0.33,0.19,26.00,2.27#0.08,-0.31,0.19,26.00,2.18#0.08,-0.33,0.19,26.00,2.18#0.18,-0.37,0.19,26.00,2.27#-0.01,-0.31,0.19,26.00,2.18#0.28,-0.31,0.19,26.00,2.27#0.28,-0.31,0.19,26.00,2.36#0.18,-0.27,0.19,27.00,2.27#0.18,-0.31,0.19,25.00,2.18#0.37,-0.23,0.19,27.00,2.27#0.28,-0.29,0.19,27.00,2.36#0.08,-0.31,0.19,27.00,2.27#TRH#21.67,48.96,20.89,53.85!","8:24:41, 41.3695068359, 1.9966984987, 93.9400024414, 7.8442"
2025-04-23 10:25:21,,"8:24:43, 41.3695068359, 1.9966928959, 92.6399993896, 7.8192"
2025-04-23 10:25:25,"MXD#45.48,5.51,192.37,182.93,0.00,717.99,130.50,446#45.47,5.51,160.35,181.82,0.00,717.99,114.32,446#45.71,5.50,175.88,192.66,0.00,730.99,113.90,446#45.45,5.50,181.30,186.12,0.00,730.25,111.87,446#45.44,5.50,181.88,184.30,0.00,745.73,117.02,446#45.37,5.50,184.84,182.38,0.00,765.68,113.78,448#45.45,5.50,183.45,184.30,0.00,737.20,112.56,448#45.24,5.50,184.84,193.05,0.00,734.96,119.75,448#45.44,5.50,184.24,182.07,0.00,701.9","8:24:45, 41.3695144653, 1.9966908693, 91.5493011475, 7.8255"
2025-04-23 10:25:26,"MXA#0.02,28.94,13.76,32.83#0.02,29.02,13.79,32.77#0.02,29.27,13.76,32.35#0.02,29.15,13.72,32.22#0.02,29.23,13.74,32.14#0.02,29.01,13.71,32.33#0.02,28.90,13.71,32.45#0.02,29.24,13.76,32.39#0.02,28.93,13.67,31.90#TRH#29.34,47.44,29.42,45.92,29.58,44.23,29.33,47.44!","8:24:47, 41.3695182800, 1.9966882467, 90.2389984131, 7.8392"
2025-04-23 10:25:29,"ECS#0.08,-0.29,0.19,28.00,2.27#0.08,-0.31,0.19,26.00,2.27#0.18,-0.29,0.19,27.00,2.18#0.37,-0.27,0.19,26.00,2.18#0.37,-0.29,0.20,27.00,2.36#0.18,-0.29,0.20,27.00,2.27#-0.01,-0.29,0.19,27.00,2.27#0.08,-0.31,0.19,27.00,2.18#0.28,-0.25,0.19,27.00,2.36#0.18,-0.31,0.19,27.00,2.27#0.08,-0.31,0.19,26.00,2.36#0.18,-0.29,0.20,27.00,2.27#0.18,-0.23,0.19,26.00,2.18#0.28,-0.25,0.19,26.00,2.18#0.18,-0.23,0.19,27.00,2.18#0.18,-0.27,0.19,28.00,2.45#TRH#21.69,49.16,20.89,54.02!","8:24:49, 41.3695220947, 1.9966877699, 89.5511016846, 7.8154"
2025-04-23 10:25:32,,"8:24:51, 41.3695220947, 1.9966850281, 88.6307983398, 7.7992"
2025-04-23 10:25:32,"MXD#45.42,5.50,194.90,175.47,0.00,733.72,108.81,448#45.16,5.49,158.41,191.16,0.00,687.32,113.94,448#45.61,5.49,171.29,177.50,0.00,725.57,117.10,448#45.35,5.49,179.96,185.93,0.00,729.26,112.63,452#45.29,5.49,182.27,182.07,0.00,749.02,108.08,452#45.14,5.49,182.47,181.15,0.00,761.80,127.79,452#45.19,5.49,184.44,182.38,0.00,749.78,122..08,0.00,745.48,121.75,452#TRH#21.56,49.29,21.52,49.17,21.58,48.22,21.56,48.87!","8:24:53, 41.3695259094, 1.9966820478, 87.6726989746, 7.7429"
2025-04-23 10:25:35,,"8:24:55, 41.3695259094, 1.9966802597, 87.1880035400, 7.7166"
2025-04-23 10:25:36,"MXA#0.02,28.94,13.72,31.73#0.02,28.89,13.71,31.66#0.02,29.09,13.67,31.31#0.02,29.16,13.73,31.78#0.02,29.12,13.73,32.07#0.02,29.15,13.72,32.11#0.02,28.93,13.67,31.96#0.02,29.07,13.69,32.08#TRH#29.41,47.22,29.42,45.54,29.58,43.79,29.33,47.22!","8:24:57, 41.3695259094, 1.9966824055, 86.8966979980, 7.6566"
2025-04-23 10:25:41,"ECS#0.28,-0.29,0.20,26.00,2.27#0.18,-0.27,0.19,26.00,2.27#0.18,-0.29,0.19,26.00,2.18#0.18,-0.27,0.19,26.00,2.18#0.28,-0.27,0.19,26.00,2.27#-0.11,-0.29,0.19,26.00,2.27#-0.01,-0.31,0.19,28.00,2.09#-0.30,-0.31,0.19,26.00,2.27#0.37,-0.2","8:24:59, 41.3695259094, 1.9966833591, 87.0574035645, 7.5555"
2025-04-23 10:25:42,"MXD#45.61,5.49,196.02,175.47,0.00,755.64,122.53,452#45.64,5.48,160.65,191.55,0.00,724.83,118.10,452#45.58,5.49,177.16,175.89,0.00,771.14,114.13,452#45.47,5.49,181.11,183.12,0.00,733.96,108.88,510#45.53,5.48,182.86,182.75,0.00,730.25,102.62,510#45.48,00,712.18,114.32,529#TRH#21.53,49.49,21.52,49.42,21.58,48.50,21.56,49.26!","8:24:1, 41.3695220947, 1.9966806173, 87.7548980713, 7.4049"
2025-04-23 10:25:45,"MXA#0.02,28.96,13.76,32.03#0.02,28.94,13.70,31.87#0.02,29.05,13.73,31.84#0.02,28.91,13.69,31.84#0.02,29.14,13.67,31.48#0.02,29.19,13.66,31.32#0.02,28.91,13.66,31.32#0.02,29.04,13.66,31.30#TRH#29.45,47.33,29.45,45.81,29.61,44.11,29.41,47.33!","8:25:3, 41.3695182800, 1.9966788292, 88.2074966431, 7.2782"
2025-04-23 10:25:48,"ECS#0.18,-0.31,0.19,27.00,2.27#0.28,-0.27,0.19,27.00,2.18#0.18,-0.27,0.19,26.00,2.18#0.37,-0.27,0.20,26.00,2.18#0.47,-0.27,0.19,27.00,2.27#0.18,-0.29,0.19,27.00,2.18#0.20,27.00,2.36#0.28,-0.27,0.20,26.00,2.27#TRH#21.67,48.86,20.91,53.75!","8:25:5, 41.3695182800, 1.9966775179, 88.7740020752, 7.1770"
2025-04-23 10:25:51,,"8:25:7, 41.3695144653, 1.9966804981, 88.3619003296, 7.1365"
2025-04-23 10:25:52,"MXD#44.86,5.48,194.79,173.64,0.00,785.63,110.67,529#45.05,5.48,159.75,188.65,0.00,766.46,110.85,529#45.09,5.47,175.52,175.24,0.00,789.90,107.38,529#44.96,5.48,179.59,182.44,0.00,746.74,106.66,532#44.97,5.47,182.66,184.05,0.00,758.20,114.86,532#44.84,9,48.03,21.58,48.66!","8:25:9, 41.3695144653, 1.9966819286, 88.0830993652, 7.1486"
2025-04-23 10:25:55,,"8:25:11, 41.3695182800, 1.9966807365, 87.6216964722, 7.0720"
2025-04-23 10:26:01,"ECS#0.18,-0.29,0.19,27.00,2.27#0.18,-0.29,0.19,26.00,2.18#0.18,-0.29,0.19,27.00,2.18#0.18,-0.25,0.19,27.00,2.36#0.28,-0.29,0.19,27.00,2.27#0.28,-0.27,0.19,26.00,2.18#0.18,-0.21,0.19,26.00,2.18#-0.01,-0.29,0.19,26.00,2.18#0.18,-0.27,0.20,26.00,2.18#-0","8:25:13, 41.3695220947, 1.9966800213, 87.3497009277, 6.9703"
2025-04-23 10:26:02,"MXD#45.58,5.47,192.37,190.13,0.00,771.67,116.39,527#45.72,5.47,161.26,185.49,0.00,751.31,113.36,527#45.87,5.47,175.70,191.35,0.00,763.35,119.79,527#45.90,5.47,185.84,180.35,0.00,700.24,116.23,518#.57,0.00,792.31,119.83,517#46.40,5.47,197.49,193.90,0.00,745.99,114.01,517#TRH#21.61,49.15,21.56,49.03,21.58,48.08,21.62,48.79!","8:25:15, 41.3695220947, 1.9966794252, 87.4123001099, 6.8616"
2025-04-23 10:26:05,,"8:25:17, 41.3695182800, 1.9966806173, 87.1668014526, 6.7722"
2025-04-23 10:26:05,"MXA#0.02,29.10,13.73,33.32#0.02,29.02,13.71,33.70#0.02,29.35,13.70,33.73#0.02,29.03,13.71,33.97#0.02,29.04,13.72,33.88#0.02,28.96,13.73,34.01#0.02,29.14,13.80,34.20#0.02,29.19,13.79,33.95#TRH#29.50,47.13,29.52,45.39,29.73,43.59,29.48,47.13!","8:25:19, 41.3695182800, 1.9966833591, 86.5133972168, 6.7381"
2025-04-23 10:26:07,"ECS#-0.01,-0.29,0.19,27.00,2.27#0.08,-0.29,0.19,26.00,2.27#0.18,-0.25,0.19,26.00,2.18#-0.01,-0.29,0.19,26.00,2.27#0.28,-0.29,0.20,27.00,2.27#0.08,-0.31,0.19,26.00,2.18#-0.01,-0.29,0.19,26.00,2.27#0.3727,0.20,26.00,2.18#0.37,-0.29,0.19,27.00,2.27#-0.01,-0.27,0.18,27.00,2.27#0.18,-0.29,0.19,28.00,2.27#TRH#21.72,48.41,20.91,53.38!","8:25:21, 41.3695182800, 1.9966845512, 86.5335998535, 6.7356"
2025-04-23 10:26:10,,"8:25:23, 41.3695182800, 1.9966870546, 86.0861968994, 6.7452"
2025-04-23 10:26:12,".90,177.20,0.00,841.79,115.17,513#TRH#21.56,49.20,21.58,49.11,21.59,48.15,21.62,48.86!","8:25:25, 41.3695182800, 1.9966901541, 85.6751022339, 6.7798"
2025-04-23 10:26:15,,"8:25:27, 41.3695182800, 1.9966975451, 84.9496994019, 6.8008"
2025-04-23 10:26:18,",0.19,27.00,2.27#0.08,-0.29,0.19,27.00,2.27#0.28,-0.29,0.19,26.00,2.27#0.08,-0.29,0.19,25.00,2.27#0.08,-0.27,0.19,27.00,2.27#0.08,-0.31,0.19,26.00,2.18#0.18,-0.27,0.19,26.00,2.18#TRH#21.72,48.90,20.94,53.77!","8:25:29, 41.3695182800, 1.9967011213, 84.8337020874, 6.8760"
2025-04-23 10:26:21,,"8:25:31, 41.3695182800, 1.9967083931, 83.9825973511, 6.8874"
2025-04-23 10:26:22,"MXD#45.95,5.46,195.68,181.76,0.00,754.88,116.43,511#46.15,5.46,162.18,180.23,0.00,728.52,107.53,511#45.85,5.45,178.09,187.13,0.00,737.20,105.40,511#45.70,5.45,181.30,182.75,0.00,775.33,109.77,511#45.62,5.46,182.27,180.05,0.00,758.97,105.76,511#45.31,5.46,179.59,172.76,0.00,696.69,111.98,511#44.76,5.45,178.65,181.21,0.00,739.45,114.44,511#44.80,5.45,181.69,172.24,0.00,735.21,109.99,511#44.73,5.44,179.59,177.50,0.00,706.66,114.67,511#44.48,5.44,179.59,179.80,0.00,752.07,112.02,511#TRH#21.59,49.87,21.55,49.72,21.58,48.86,21.62,49.51!","8:25:33, 41.3695144653, 1.9967108965, 83.4921035767, 6.8615"
2025-04-23 10:26:25,,"8:25:35, 41.3695144653, 1.9967110157, 83.3137969971, 6.8217"
2025-04-23 10:26:26,"MXA#0.02,28.85,13.72,31.79#0.02,28.98,13.66,30.94#0.02,29.00,13.65,30.28#0.02,28.98,13.62,30.08#0.02,28.97,13.64,29.84#0.02,28.76,13.60,29.47#0.02,28.69,13.57,29.41#0.02,28.69,13.58,29.71#0.02,29.02,13.64,29.68#TRH#29.58,47.22,29.61,45.66,29.77,43.93,29.55,47.22!","8:25:37, 41.3695182800, 1.9967067242, 83.4646987915, 6.8427"
2025-04-23 10:26:28,"ECS#0.18,-0.23,0.20,27.00,2.27#0.08,-0.23,0.19,28.29,0.20,28.00,2.27#0.18,-0.25,0.20,26.00,2.27#-0.01,-0.27,0.19,26.00,2.27#0.08,-0.27,0.19,27.00,2.27#0.28,-0.27,0.19,27.00,2.27#-0.01,-0.27,0.18,27.00,2.27#0.18,-0.23,0.20,27.00,2.27#0.28,-0.21,0.19,27.00,2.36#0.18,-0.27,0.19,26.00,2.18#0.28,-0.29,0.19,26.00,2.27#0.18,-0.29,0.19,26.00,2.18#0.18,-0.31,0.19,25.00,2.18#-0.01,-0.33,0.19,26.00,2.27#TRH#21.70,49.00,20.95,53.93!","8:25:39, 41.3695144653, 1.9967082739, 83.0000991821, 6.8019"
2025-04-23 10:26:31,,"8:25:41, 41.3695144653, 1.9967056513, 83.1405029297, 6.7466"
2025-04-23 10:26:36,",29.55,47.13!","8:25:43, 41.3695144653, 1.9967035055, 83.2348022461, 6.6827"
2025-04-23 10:26:39,".01,-0.27,0.19,26.00,2.27#0.28,-0.33,0.20,27.00,2.27#0.08,-0.29,0.19,26.00,2.18#-0.01,-0.29,0.19,26.00,2.18#0.18,-0.29,0.19,27.00,2.27#0.37,-0.29,0.20,26.00,2.27#0.18,-0.31,0.19,25.00,2.27#0.18,-0.33,0.19,26.00,2.09#0.18,-0.29,0.19,27.00,2.27#0.08,-0.29,0.19,26.00,2.27#-0.01,-0.29,0.19,27.00,2.36#TRH#21.70,48.88,20.95,53.82!","8:25:45, 41.3695106506, 1.9967029095, 83.2005004883, 6.6366"
2025-04-23 10:26:42,,"8:25:47, 41.3695068359, 1.9967025518, 82.9915008545, 6.5688"
2025-04-23 10:26:44,",5.42,178.46,186.43,0.00,753.60,105.44,513#44.21,5.42,179.59,188.85,0.00,685.69,111.23,509#44.03,5.41,178.83,187.51,0.00,780.86,120.40,509#44.13,5.42,181.30,179.25,0.00,689.65,117.62,509#44.00,5.42,183.64,172.53,0.00,682.22,109.55,509#44.37,5.41,181.88,181.21,0.00,720.43,103.35,510#44.25,5.41,184.64,176.97,0.00,707.86,111.53,510#TRH#21.61,49.17,21.59,49.02,21.61,48.14,21.64,48.81!","8:25:49, 41.3695030212, 1.9966977835, 82.9502029419, 6.5127"
2025-04-23 10:26:47,,"8:25:51, 41.3694992065, 1.9966943264, 83.2855987549, 6.4401"
2025-04-23 10:26:47,"MXA#0.02,28.96,13.70,29.73#0.02,28.93,13.67,29.81#0.02,28.99,13.65,29.71#0.02,28.94,13.57,29.52#0.02,28.85,13.69,30.11#0.02,28.94,13.72,30.44#0.02,28.87,13.71,30.79#0.02,28.81,13.65,30.65#0.02,29.05,13.72,30.95#TRH#29.64,47.07,29.69,45.39,29.86,43.67,29.56,47.07!","8:25:53, 41.3694992065, 1.9966902733, 83.2791976929, 6.4100"
2025-04-23 10:26:50,67!,"8:25:55, 41.3694992065, 1.9966847897, 83.2216033936, 6.3736"
2025-04-23 10:26:53,,"8:25:57, 41.3694992065, 1.9966810942, 83.3673019409, 6.3261"
2025-04-23 10:26:54,"MXD#44.69,5.41,184.64,178.05,0.00,696.45,114.86,510#44.48,5.41,155.81,182.75,0.00,683.15,115.61,510#44.44,5.41,168.92,186.18,0.00,720.18,109.88,513#44.37,5.41,176.61,186.75,0.00,728.77,109.36,513#44.67,5.41,180.35,183.99,0.00,747.25,115.06,513#44.71,5.41,182.27,185.61,0.00,728.52,107.71,513#44.82,5.41,184.24,180.90,0.00,718.48,113.63,513#44.68,5.41,186.25,180.17,0.00,688.25,117.14,513#44.52,5.41,187.07,192.53,0.00,706.66,114.55,508#44.48,5.41,185.84,187.51,0.00,718.97,113.51,508#TRH#21.64,49.66,21.61,49.62,21.62,48.83,21.66,49.55!","8:25:59, 41.3694992065, 1.9966764450, 83.7052001953, 6.2328"
2025-04-23 10:26:57,,"8:25:1, 41.3694953918, 1.9966721535, 84.0869979858, 6.2112"
2025-04-23 10:27:00,"ECS#0.08,-0.29,0.19,31.00,2.45#0.08,-0.31,0.20,26.00,2.18#0.08,-0.29,0.19,27.00,2.27#-0.01,-0.27,0.19,26.00,2.18#-0.01,-0.29,0.19,26.00,2.27#-0.01,-0.31,0.19,27.00,2.18#-0.01,-0.27,0.19,27.00,2.18#0.08,-0.29,0.19,24.00,2.00#-0.11,-0.27,0.19,27.00,2.27#0.28,-0.21,0.20,27.00,2.18#-0.11,-0.31,0.19,27.00,2.27#-0.01,-0.29,0.19,26.00,2.27#0.18,-0.25,0.20,26.00,2.27#0.28,-0.23,0.20,27.00,2.27#TRH#21.75,49.03,20.97,53.86!","8:26:3, 41.3694953918, 1.9966636896, 84.8673019409, 6.1075"
2025-04-23 10:27:03,,"8:26:5, 41.3694915771, 1.9966558218, 86.2283020020, 6.0151"
2025-04-23 10:27:04,"5.41,181.30,176.84,0.00,703.09,118.46,505#44.07,5.41,182.27,188.08,0.00,706.18,106.88,505#44.03,5.41,180.35,186.18,0.00,768.54,114.67,503#44.00,5.41,183.45,182.13,0.00,708.10,110.78,503#44.03,5.41,182.66,188.27,0.00,741.46,111.49,503#TRH#21.64,49.30,21.64,49.13,21.64,48.14,21.66,48.72!","8:26:7, 41.3694839478, 1.9966514111, 87.5607986450, 5.9458"
2025-04-23 10:27:07,"MXA#0.02,28.72,13.65,30.13#0.02,28.81,13.62,30.15#0.02,28.77,13.56,29.81#0.02,28.84,13.65,30.08#0.02,28.72,13.60,29.87#0.02,28.89,13.62,30.02#0.02,28.76,13.57,30.29#0.02,28.93,13.61,30.94#TRH#29.72,46.82,29.75,45.07,29.91,43.29,29.66,46.82!","8:26:9, 41.3694801331, 1.9966186285, 113.4011001587, 5.1558"
2025-04-23 10:27:09,"ECS#0.08,-0.27,0.19,28.00,2.36#0.18,-0.27,0.19,25.00,2.18#0.18,-0.25,0.19,26.00,2.27#-0.01,-0.23,0.19,27.00,2.27#0.37,-0.25,0.20,27.00,2.27#-0.11,-0.29,0.19,27.00,2.27#-0.01,-0.27,0.19,25.00,2.18#-0.01,-0.29,0.19,26.00,2.18#-0.21,-0.27,0.19,27.00,2.36#0.47,-0.25,0.20,25.00,2.18#0.08,-0.33,0.19,27.00,2.36#0.08,-0.33,0.19,27.00,2.18#0.18,-0.33,0.18,27.00,2.36#0.08,-0.25,0.19,26.00,2.27#TRH#21.75,48.40,20.97,53.43!","8:26:11, 41.3694763184, 1.9966130257, 113.2545013428, 5.0147"
2025-04-23 10:27:12,,"8:26:13, 41.3694686890, 1.9966086149, 112.2314987183, 4.9133"
2025-04-23 10:27:13,"MXD#44.85,5.40,185.44,178.47,0.00,758.97,106.80,501#44.86,5.40,158.27,183.37,0.00,762.84,112.44,501#45.05,5.41,172.51,183.68,0.00,701.90,107.27,501#45.07,5.41,180.73,183.55,0.00,775.86,118.50,501#45.20,5.40,185.24,191.29,0.00,721.89,121.95,501#45.19,5.41,191.62,174.88,0.00,774.54,117.10,501#45.24,5.40,191.40,185.24,0.00,700.00,120.44,487#45.48,5.41,192.48,186.94,0.00,742.96,107.35,487#45.31,5.40,196.13,194.88,0.00,771.14,116.47,487#TRH#21.66,49.05,21.66,48.87,21.66,47.86,21.67,48.43!","8:26:15, 41.3694725037, 1.9965977669, 111.7415008545, 4.7832"
2025-04-23 10:27:16,,"8:26:17, 41.3694801331, 1.9965628386, 111.6137008667, 4.5056"
2025-04-23 10:27:17,"MXA#0.02,28.80,13.66,32.13#0.02,29.02,13.76,32.64#0.02,28.96,13.74,32.69#0.02,28.85,13.73,32.86#0.02,28.92,13.75,32.82#0.02,29.07,13.70,32.75#0.02,29.07,13.69,33.02#0.02,29.03,13.71,33.51#TRH#29.72,46.82,29.78,45.02,29.95,43.27,29.66,46.82!","8:26:19, 41.3694877625, 1.9965540171, 111.3528976440, 4.3982"
2025-04-23 10:27:19,"ECS#0.08,-0.31,0.19,26.00,2.27#0.08,-0.29,0.19,28.00,2.36#0.08,-0.25,0.19,26.00,2.27#-0.01,-0.29,0.19,26.00,2.27#0.28,-0.29,0.19,27.00,2.27#0.37,-0.29,0.20,27.00,2.36#0.37,-0.29,0.20,26.00,2.18#0.28,-0.27,0.19,27.00,2.27#0.08,-0.29,0.19,26.00,2.27#0.18,-0.25,0.20,27.00,2.18#0.28,-0.29,0.19,26.00,2.27#0.08,-0.29,0.19,26.00,2.27#-0.01,-0.31,0.19,26.00,2.18#0.08,-0.27,0.19,26.00,2.18#TRH#21.73,48.29,20.98,53.31!","8:26:21, 41.3694915771, 1.9965404272, 110.9152984619, 4.2871"
2025-04-23 10:27:22,,"8:26:23, 41.3694915771, 1.9965382814, 109.0358963013, 4.2653"
2025-04-23 10:27:23,"MXD#45.69,5.41,193.46,190.90,0.00,715.08,118.10,486#45.91,5.40,164.05,192.66,0.00,797.42,109.58,486#45.88,5.41,179.21,185.43,0.00,759.49,109.25,486#46.09,5.41,185.84,194.49,0.00,783.24,112.63,486#45.95,5.40,193.90,187.95,0.00,757.95,106.41,486#45.95,5.40,194.90,183.43,0.00,761.29,116.27,486#46.04,5.41,196.58,181.94,0.00,735.95,119.34,486#46.04,5.40,195.01,176.55,0.00,750.80,112.59,486#46.10,5.41,199.57,176.66,0.00,704.27,112.25,486#46.30,5.40,200.51,195.15,0.00,741.20,113.51,486#TRH#21.70,48.96,21.66,48.85,21.66,47.84,21.69,48.50!","8:26:25, 41.3694953918, 1.9965319633, 106.9042968750, 4.2215"
2025-04-23 10:27:26,,"8:26:27, 41.3694992065, 1.9965282679, 106.3905029297, 4.1685"
2025-04-23 10:27:26,"MXA#0.02,28.74,13.75,33.72#0.02,28.98,13.81,33.92#0.02,28.86,13.74,33.85#0.02,29.05,13.78,33.52#0.02,29.07,13.80,33.51#0.02,29.01,13.77,33.57#0.02,28.73,13.72,33.72#0.02,28.72,13.72,33.72#TRH#29.80,46.82,29.80,45.10,29.98,43.37,29.72,46.82!","8:26:29, 41.3694992065, 1.9965254068, 105.6072006226, 4.1802"
2025-04-23 10:27:29,"ECS#-0.01,-0.33,0.19,27.00,2.36#0.18,-0.31,0.20,27.00,2.27#-0.01,-0.31,0.20,26.00,2.27#0.18,-0.29,0.19,26.00,2.18#0.08,-0.29,0.19,26.00,2.27#0.08,-0.25,0.19,26.00,2.18#0.18,-0.29,0.19,26.00,2.18#0.08,-0.35,0.19,27.00,2.18#0.18,-0.29,0.19,27.00,2.18#0.28,-0.31,0.20,26.00,2.27#0.28,-0.31,0.19,27.00,2.27#0.28,-0.31,0.20,27.00,2.27#0.28,-0.29,0.20,25.00,2.27#0.28,-0.25,0.20,26.00,2.27#0.18,-0.31,0.19,26.00,2.27#TRH#21.78,48.31,20.98,53.31!","8:26:31, 41.3694992065, 1.9965225458, 104.4598007202, 4.1792"
2025-04-23 10:27:32,,"8:26:33, 41.3695030212, 1.9965200424, 102.9957962036, 4.1102"
2025-04-23 10:27:37,"MXA#0.02,29.00,13.78,33.86#0.03,29.07,13.79,33.98#0.02,28.84,13.76,33.88#0.02,28.72,13.72,33.92#0.02,28.85,13.74,34.09#0.02,29.16,13.86,34.69#0.03,29.12,13.86,35.06#0.03,28.83,13.77,35.09#0.02,29.01,13.85,35.29#TRH#29.83,46.73,29.83,45.04,30.02,43.26,29.75,46.73!","8:26:35, 41.3695068359, 1.9965178967, 102.4778976440, 4.0580"
2025-04-23 10:27:40,"ECS#0.37,-0.25,0.19,26.00,2.27#0.28,-0.29,0.19,26.00,2.27#0.28,-0.27,0.20,26.00,2.18#0.28,-0.27,0.19,27.00,2.27#0.08,-0.27,0.19,26.00,2.18#0.08,-0.25,0.19,26.00,2.18#0.08,-0.29,0.19,25.00,2.27#0.18,-0.31,0.20,26.00,2.36#0.18,-0.27,0.19,.00,2.18#0.08,-0.27,0.19,27.00,2.27#0.18,-0.27,0.19,28.00,2.27#0.18,-0.27,0.20,27.00,2.27#0.08,-0.31,0.19,26.00,2.27#TRH#21.75,48.29,21.00,53.27!","8:26:37, 41.3695068359, 1.9965151548, 102.4067993164, 4.0517"
2025-04-23 10:27:43,,"8:26:39, 41.3695106506, 1.9965088367, 103.2712020874, 4.0438"
2025-04-23 10:27:44,"MXD#47.05,5.41,203.01,192.26,0.00,714.60,117.06,480#47.24,5.41,169.59,197.88,0.00,849.81,119.83,480#47.18,5.40,181.11,202.55,0.00,769.32,125.34,480#47.37,5.41,195.23,183.86,0.00,789.10,197.95,202.00,0.00,797.96,114.55,478#47.24,5.41,198.87,193.70,0.00,849.81,120.11,478#47.25,5.41,202.17,193.18,0.00,833.29,120.81,478#47.15,5.40,199.34,190.51,0.00,773.76,118.50,478#47.21,5.41,202.41,187.38,0.00,815.99,119.22,478#47.44,5.41,203.13,186.62,0.00,825.15,119.79,478#TRH#21.67,49.11,21.66,48.97,21.69,48.04,21.70,48.69!","8:26:41, 41.3695106506, 1.9965062141, 102.8940963745, 4.0885"
2025-04-23 10:27:47,,"8:26:43, 41.3695106506, 1.9965043068, 102.6175994873, 4.1644"
2025-04-23 10:27:51,"MXA#0.03,28.83,13.84,34.92#0.03,28.83,13.81,34.91#0.02,29.12,13.87,35.41#0.02,28.79,13.85,35.27#0.03,29.07,13.86,34.84#0.03,29.07,13.84,34.63#0.03,29.16,13.86,34.72#0.03,29.12,13.88,35.27#ECS#-0.01,-0.27,0.19,26.00,2.18#0.08,-0.33,0.19,26.00,2.18#0.18,-0.29,0.19,26.00,2.27#0.08,-0.31,0.19,27.00,2.27#-0.01,-0.29,0.19,26.00,2.27#-0.01,-0.29,0.19,27.00,2.18#0.18,-0.27,0.19,26.00,2.27#-0.01,27#0.28,-0.29,0.20,26.00,2.27#TRH#21.78,48.66,21.02,53.48!","8:26:45, 41.3695106506, 1.9965037107, 101.9813003540, 4.1532"
2025-04-23 10:27:54,,"8:26:47, 41.3695106506, 1.9965020418, 101.8059005737, 4.0744"
2025-04-23 10:27:55,"MXD#47.38,5.41,203.01,190.45,0.00,826.27,112.63,477#47.46,5.41,169.59,185.36,0.00,745.23,119.06,477#47.59,5.41,181.69,185.43,0.00,835.26,115.96,477#47.41,5.41,195.23,185.11,0.00,835.26,122.29,472#47.41,5.40,196.36,193.70,0.00,777.70,105.87,472#47.24,5.41,198.18,195.15,0.00,808.56,117.50,472#47.18,5.40,198.87,195.81,0.00,800.94,122.95,472#47.10,5.40,198.64,189.17,0.00,779.28,116.63,472#47.11,5.41,196.02,196.28,0.00,804.74,121.42,472#47.00,5.41,197.84,190.00,0.00,730.50,114.63,473#TRH#21.70,49.29,21.69,49.15,21.69,48.32,21.72,48.96!","8:26:49, 41.3695144653, 1.9965016842, 101.4148025513, 4.0560"
2025-04-23 10:27:58,,"8:26:51, 41.3695182800, 1.9965031147, 100.8318023682, 4.0270"
2025-04-23 10:27:58,"MXA#0.03,28.79,13.81,34.96#0.03,28.72,13.81,34.75#0.03,29.05,13.86,34.36#0.03,29.16,13.86,34.41#0.03,29.00,13.85,34.56#0.03,28.92,13.82,34.31#0.03,29.07,13.85,34.27#0.30.06,43.32,29.80,46.70!","8:26:53, 41.3695182800, 1.9965052605, 100.2898025513, 3.9905"
2025-04-23 10:28:01,,"8:26:55, 41.3695182800, 1.9965068102, 100.0084991455, 4.0135"
2025-04-23 10:28:05,",0.00,777.17,117.10,470#46.87,5.40,191.72,190.32,0.00,783.77,115.21,470#46.75,5.41,193.46,192.78,0.00,823.20,105.62,470#46.68,5.40,193.68,189.23,0.00,809.66,113.47,470#46.52,5.40,196.58,193.05,0.00,826.83,132.86,473#46.25,5.40,192.05,188.02,0.00,770.10,119.83,473#TRH#21.72,49.33,21.66,49.26,21.69,48.34,21.73,49.10!","8:26:57, 41.3695182800, 1.9965088367, 99.9878005981, 4.0073"
2025-04-23 10:28:07,"MXA#0.03,28.88,13.78,33.78#0.03,28.87,13.81,34.10#0.02,29.07,13.91,34.24#0.03,28.79,13.78,33.30#0.03,28.76,13.74,32.90#0.03,28.94,13.79,32.45#0.03,29.11,13.79,31.86#0.03,28.78,13.74,31.41#TRH#29.89,47.04,29.94,45.77,30.09,44.18,29.86,47.04!","8:26:59, 41.3695220947, 1.9965112209, 99.4901962280, 4.0056"
2025-04-23 10:28:10,"0.11,-0.31,0.19,26.00,2.36#0.08,-0.29,0.19,27.00,2.27#0.08,-0.25,0.20,27.00,2.18#0.28,-0.29,0.20,27.00,2.18#0.18,-0.29,0.19,27.00,2.18#TRH#21.78,49.58,21.03,54.18!","8:26:1, 41.3695259094, 1.9965133667, 99.1063003540, 4.0362"
2025-04-23 10:28:13,,"8:27:3, 41.3695297241, 1.9965143204, 99.3673019409, 4.0530"
2025-04-23 10:28:14,"55.90,116.63,468#45.37,5.40,181.30,193.64,0.00,815.16,118.02,468#45.06,5.40,181.88,185.68,0.00,814.05,123.66,468#44.67,5.40,181.69,185.99,0.00,742.96,114.32,465#44.57,5.40,180.54,192.07,0.00,813.23,114.67,465#TRH#21.70,50.61,21.70,50.77,21.70,50.11,21.72,50.97!","8:27:5, 41.3695297241, 1.9965182543, 99.7265014648, 4.0861"
2025-04-23 10:28:17,,"8:27:7, 41.3695335388, 1.9965194464, 100.0267028809, 4.0929"
2025-04-23 10:28:17,"MXA#0.03,28.86,13.80,32.01#0.03,28.92,13.77,31.73#0.03,28.96,13.69,31.43#0.03,28.75,13.74,31.35#0.03,28.80,13.72,31.06#0.03,28.52,13.72,31.20#0.03,28.81,13.82,31.72#0.03,28.81,13.82,32.66#TRH#29.92,47.15,29.97,46.04,30.12,44.52,29.86,47.15!","8:27:9, 41.3695373535, 1.9965206385, 100.3386001587, 4.2511"
2025-04-23 10:28:20,"8,-0.21,0.20,28.00,2.27#0.18,-0.19,0.20,27.00,2.36#-0.01,-0.27,0.19,27.00,2.27#0.18,-0.29,0.20,26.00,2.18#0.18,-0.21,0.20,27.00,2.18#0.28,-0.31,0.20,26.00,2.27#TRH#21.78,50.36,21.03,54.90!","8:27:11, 41.3695449829, 1.9965217113, 100.8618011475, 4.3185"
2025-04-23 10:28:23,,"8:27:13, 41.3695487976, 1.9965245724, 101.2555999756, 4.4564"
2025-04-23 10:28:24,"2.58,119.83,436#TRH#21.73,50.53,21.69,50.58,21.73,49.96,21.75,50.64!","8:27:15, 41.3695487976, 1.9965264797, 101.9854965210, 4.5920"
2025-04-23 10:28:27,,"8:27:17, 41.3695526123, 1.9965270758, 103.4725036621, 4.6425"
2025-04-23 10:28:27,",45.37,30.12,43.73,29.91,46.88!","8:27:19, 41.3695564270, 1.9965269566, 104.0712966919, 4.6168"
2025-04-23 10:28:30,"9,0.19,27.00,2.18#0.28,-0.31,0.20,27.00,2.27#0.28,-0.29,0.20,26.00,2.27#0.08,-0.25,0.19,26.00,2.27#0.47,-0.23,0.20,26.00,2.18#0.47,-0.23,0.20,26.00,2.27#TRH#21.78,49.53,21.06,54.37!","8:27:21, 41.3695602417, 1.9965286255, 105.1270980835, 4.6034"
2025-04-23 10:28:33,,"8:27:23, 41.3695602417, 1.9965289831, 105.4884033203, 4.6888"
2025-04-23 10:28:34,"9.36,115.57,445#TRH#21.72,49.53,21.70,49.46,21.70,48.61,21.75,49.31!","8:27:25, 41.3695602417, 1.9965332747, 105.4036026001, 4.6917"
2025-04-23 10:28:37,"4#TRH#30.03,46.72,30.03,45.18,30.16,43.53,29.94,46.72!","8:27:27, 41.3695640564, 1.9965362549, 106.1661987305, 4.6714"
2025-04-23 10:28:40,"ECS#0.18,-0.29,0.19,27.00,2.36#0.18,-0.27,0.20,27.00,2.36#-0.01,-0.29,0.19,27.00,2.36#-0.01,-0.29,0.19,27.00,2.18#0.28,-0.33,0.20,26.00,2.27#0.28,-0.25,0.20,27.00,2.36#0.08,-0.31,0.19,27.00,2.27#0.18,-0.27,0.20,26.00,2.27#0.08,-0.31,0.19,26.00,2.27#0.18,-0.27,0.20,26.00,2.27#0.28,-0.29,0.21,27.00,2.36#0.18,-0.29,0.20,27.00,2.36#0.08,-0.29,0.19,25.00,2.18#-0.11,-0.29,0.19,27.00,2.36#0.28,-0.29,0.21,27.00,2.27#TRH#21.78,49.19,21.02,54.05!","8:27:29, 41.3695678711, 1.9965380430, 105.7903976440, 4.6244"
2025-04-23 10:28:41,SPLRoff,"8:27:31, 41.3695678711, 1.9965395927, 105.6192016602, 4.6692"
2025-04-23 10:28:44,",5.39,173.56,180.23,0.00,742.96,119.83,441#43.39,5.38,174.45,188.78,0.00,793.11,108.04,441#43.41,5.38,175.88,186.88,0.00,785.90,113.70,441#TRH#21.73,49.22,21.73,49.12,21.70,48.28,21.75,48.93!","8:27:33, 41.3695678711, 1.9965407848, 105.2531967163, 4.7041"
2025-04-23 10:28:47,,"8:27:35, 41.3695716858, 1.9965426922, 104.9924011230, 4.8031"
2025-04-23 10:28:48,"MXA#0.03,28.75,13.64,29.29#0.03,28.89,13.65,29.24#0.03,29.04,13.70,29.28#0.03,28.88,13.64,28.86#0.03,28.84,13.67,28.98#0.03,29.08,13.73,29.33#0.03,29.00,13.72,29.24#0.03,29.17,13.73,29.13#0.03,29.17,13.78,29.48#TRH#30.03,46.51,30.09,44.87,30.19,43.19,29.95,46.51!","8:27:37, 41.3695716858, 1.9965430498, 105.1946029663, 4.8211"
2025-04-23 10:28:51,"ECS#0.08,-0.27,0.19,26.00,2.27#-0.01,-0.29,0.19,27.00,2.18#0.08,-0.29,0.19,26.00,2.27#-0.01,-0.29,0.19,26.00,2.27#0.08,-0.27,0.19,26.00,2.36#0.08,-0.27,0.19,26.00,2.27#0.08,-0.29,0.19,26.00,2.27#0.18,-0.27,0.20,27.00,2.18#0.28,-0.31,0.21,27.00,2.27#-0.01,-0.31,0.19,26.00,2.27#-0.01,-0.31,0.19,26.00,2.18#0.08,-0.29,0.20,27.00,2.36#-0.01,-0.31,0.19,26.00,2.27#-0.01,-0.27,0.19,27.00,2.36#0.18,-0.23,0.19,27.00,2.36#-0.01,-0.29,0.19,26.00,2.27#TRH#21.81,48.63,21.06,53.56!","8:27:39, 41.3695716858, 1.9965445995, 104.2394027710, 4.8248"
2025-04-23 10:28:54,,"8:27:41, 41.3695716858, 1.9965479374, 104.0033035278, 4.9764"
2025-04-23 10:28:59,"MXA#0.03,28.90,13.78,30.07#0.03,28.99,13.83,30.22#0.03,28.92,13.81,30.38#0.03,29.20,13.77,30.24#0.03,29.25,13.82,30.25#0.03,29.04,13.77,29.90#0.03,28.95,13.77,30.10#0.03,29.28,13.81,30.44#0.03,29.09,13.78,30.39#TRH#30.08,46.44,30.08,44.78,30.25,43.04,29.97,46.44!","8:27:43, 41.3695678711, 1.9965460300, 104.7518005371, 5.0378"
2025-04-23 10:29:02,"ECS#-0.11,-0.29,0.19,27.00,2.27#-0.11,-0.29,0.19,26.00,2.27#-0.01,-0.31,0.19,26.00,2.18#0.18,-0.31,0.19,26.00,2.27#0.18,-0.21,0.19,26.00,2.27#-0.01,-0.33,0.19,27.00,2.27#-0.01,-0.33,0.19,27.00,2.18#0.18,-0.29,0.19,26.00,2.18#-0.21,-0.31,0.19,26.00,2.18#0.18,-0.31,0.19,26.00,2.18#-0.01,-0.23,0.19,26.00,2.27#0.08,-0.25,0.19,27.00,2.27#0.08,-0.25,0.19,26.00,2.18#0.08,-0.27,0.19,27.00,2.18#0.08,-0.27,0.19,27.00,2.36#0.37,-0.29,0.19,27.00,2.18#TRH#21.83,48.35,21.08,53.35!","8:27:45, 41.3695678711, 1.9965432882, 105.1258010864, 5.0185"
2025-04-23 10:29:05,,"8:27:47, 41.3695640564, 1.9965443611, 105.2219009399, 5.0020"
2025-04-23 10:29:06,"00,729.51,114.28,440#44.26,5.36,184.84,185.11,0.00,721.89,118.30,440#TRH#21.73,48.81,21.73,48.66,21.81,47.68,21.80,48.37!","8:27:49, 41.3695602417, 1.9965395927, 105.2501983643, 4.9744"
2025-04-23 10:29:09,,"8:27:51, 41.3695449829, 1.9965349436, 105.3542022705, 4.7288"
2025-04-23 10:29:09,"MXA#0.03,29.30,13.85,30.81#0.03,29.33,13.88,30.87#0.03,29.25,13.86,31.06#0.03,29.34,13.87,31.42#0.03,29.23,13.86,31.78#0.03,29.01,13.84,31.85#0.03,28.96,13.80,31.86#0.03,29.22,13.87,32.32#0.03,29.22,13.92,32.75#TRH#30.12,46.45,30.11,44.72,30.36,43.01,30.08,46.45!","8:27:53, 41.3695182800, 1.9965276718, 106.1305999756, 4.2522"
2025-04-23 10:29:12,"ECS#0.08,-0.29,0.19,27.00,2.27#0.18,-0.29,0.19,26.00,2.27#0.18,-0.29,0.19,27.00,2.27#0.47,-0.31,0.19,26.00,2.27#0.18,-0.27,0.19,27.00,2.27#0.47,-0.29,0.19,26.00,2.18#0.18,-0.29,0.19,26.00,2.18#0.37,-0.29,0.19,26.00,2.27#0.37,-0.33,0.19,26.00,2.27#0.18,-0.27,0.19,26.00,2.27#0.37,-0.29,0.19,26.00,2.27#0.56,-0.25,0.19,27.00,2.27#0.47,-0.29,0.19,27.00,2.27#0.18,-0.31,0.19,27.00,2.27#0.18,-0.31,0.19,28.00,2.27#0.18,-0.29,0.19,28.00,2.27#TRH#21.88,48.46,21.11,53.37!","8:27:55, 41.3695144653, 1.9965322018, 105.7593002319, 4.3629"
2025-04-23 10:29:15,,"8:27:57, 41.3695068359, 1.9965277910, 105.4636993408, 4.5235"
2025-04-23 10:29:16,"MXD#44.68,5.36,183.25,184.74,0.00,792.04,120.97,440#44.66,5.36,156.67,188.91,0.00,744.72,127.22,440#44.73,5.36,171.81,196.34,0.00,793.11,113.74,435#44.88,5.36,176.79,193.64,0.00,789.10,118.06,435#44.85,5.36,181.30,190.00,0.00,837.81,124.50,435#44.88,5.36,183.84,184.11,0.00,788.56,113.09,435#45.06,5.36,182.66,201.05,0.00,718.72,116.59,435#45.44,5.36,186.66,185.80,0.00,732.97,111.87,436#45.23,5.36,193.13,187.70,0.00,811.03,122.00,436#45.42,5.36,187.07,201.80,0.00,867.83,116.47,436#TRH#21.80,49.44,21.75,49.37,21.81,48.50,21.83,49.27!","8:27:59, 41.3694953918, 1.9965258837, 104.2721023560, 4.6765"
2025-04-23 10:29:19,,"8:27:1, 41.3694915771, 1.9965236187, 103.3246002197, 4.8327"
2025-04-23 10:29:19,"MXA#0.03,29.23,13.88,32.74#0.03,29.25,13.93,33.33#0.03,29.16,13.96,34.01#0.03,28.98,13.87,34.21#0.03,29.16,13.97,35.09#0.03,29.08,13.98,35.71#0.03,28.89,13.95,35.86#0.03,28.88,13.93,36.06#TRH#30.17,46.81,30.16,45.38,30.39,43.69,30.14,46.81!","8:28:3, 41.3694839478, 1.9965219498, 103.0221023560, 4.9265"
2025-04-23 10:29:22,"ECS#-0.01,-0.29,0.19,26.00,2.27#-0.01,-0.29,0.19,27.00,2.27#0.28,-0.25,0.19,28.00,2.36#0.37,-0.25,0.19,26.00,2.18#0.18,-0.29,0.19,27.00,2.18#0.47,-0.21,0.19,26.00,2.27#0.28,-0.27,0.20,27.00,2.18#0.18,-0.27,0.19,27.00,2.27#0.18,-0.29,0.19,26.00,2.27#0.08,-0.29,0.19,26.00,2.27#-0.01,-0.27,0.19,26.00,2.27#-0.01,-0.29,0.19,26.00,2.18#0.08,-0.29,0.19,27.00,2.27#0.28,-0.27,0.19,26.00,2.18#TRH#21.94,49.08,21.11,53.91!","8:28:5, 41.3694763184, 1.9965260029, 102.3467025757, 4.9308"
2025-04-23 10:29:25,,"8:28:7, 41.3694648743, 1.9965306520, 102.0363006592, 4.9871"
2025-04-23 10:29:29,"MXD#46.12,5.36,197.84,188.59,0.00,799.04,118.10,435#46.24,5.36,163.42,188.27,0.00,812.68,122.70,435#46.21,5.37,179.40,190.45,0.00,754.88,122.58,435#46.31,5.36,185.64,196.41,0.00,805.56,111.42,435#46.28,5.36,19MXA#0.03,29.10,14.02,36.42#0.03,28.94,13.97,36.69#0.03,28.96,13.98,36.76#0.03,28.85,14.04,37.12#0.03,28.84,13.99,36.87#0.03,28.81,13.99,36.90#0.03,29.04,14.03,37.21#0.03,28.65,13.91,36.54#TRH#30.23,46.93,30.20,45.75,30.44,44.19,30.17,46.93!","8:28:9, 41.3694572449, 1.9965379238, 100.8436965942, 5.0426"
2025-04-23 10:29:31,"ECS#-0.11,-0.25,0.19,26.00,2.27#-0.01,-0.31,0.19,29.00,2.36#-0.01,-0.29,0.20,26.00,2.18#-0.21,-0.27,0.19,27.00,2.27#-0.11,-0.27,0.19,26.00,2.18#-0.01,-0.27,0.19,28.00,2.27#-0.11,-0.31,0.19,26.00,2.27#0.18,-0.27,0.19,26.00,2.27#0.18,-0.27,0.20,26.00,2.27#-0.01,-0.29,0.19,26.00,2.27#-0.01,-0.29,0.19,28.00,2.36#0.18,-0.29,0.19,27.00,2.36#-0.11,-0.31,0.19,26.00,2.27#0.08,-0.27,0.19,27.00,2.36#TRH#21.95,50.02,21.14,54.69!","8:28:11, 41.3694458008, 1.9965389967, 100.0832977295, 5.0733"
2025-04-23 10:29:34,,"8:28:13, 41.3694305420, 1.9965518713, 99.1524963379, 5.0081"
2025-04-23 10:29:35,"MXD#46.90,5.36,196.81,190.64,0.00,773.76,119.67,436#47.15,5.36,161.26,182.19,0.00,764.90,115.57,436#46.88,5.36,177.35,183.68,0.00,844.36,111.72,436#46.92,5.36,184.24,188.40,0.00,789.36,122.12,436#46.64,5.36,182.66,199.09,0.00,913.64,112.82,436#46.75,5.36,190.97,197.34,0.00,787.23,109.96,436#46.70,5.37,191.62,190.26,0.00,770.62,111.95,436#46.79,5.36,192.16,185.87,0.00,719.94,125.77,436#46.70,5.37,193.24,193.31,0.00,874.02,111.04,436#TRH#21.81,50.73,21.80,50.88,21.84,50.23,21.84,51.00!","8:28:15, 41.3693962097, 1.9965745211, 93.8311996460, 4.5297"
2025-04-23 10:29:39,,"8:28:17, 41.3693923950, 1.9965783358, 94.2474975586, 4.5570"
2025-04-23 10:29:39,"MXA#0.03,28.61,13.89,36.35#0.03,28.62,13.92,36.24#0.03,28.50,13.90,35.96#0.03,28.72,13.97,35.93#0.03,28.63,13.92,35.58#0.03,28.69,13.95,35.46#0.03,28.45,13.93,35.56#0.03,28.59,13.91,35.41#TRH#30.25,46.88,30.25,45.64,30.48,44.06,30.20,46.88!","8:28:19, 41.3693847656, 1.9965851307, 94.3770980835, 4.7065"
2025-04-23 10:29:42,"ECS#0.08,-0.27,0.19,27.00,2.27#0.18,-0.29,0.19,28.00,2.36#0.08,-0.23,0.20,25.00,2.27#0.08,-0.29,0.20,27.00,2.27#-0.01,-0.29,0.19,26.00,2.27#-0.11,-0.29,0.19,27.00,2.27#-0.11,-0.27,0.19,25.00,2.27#0.08,-0.31,0.19,26.00,2.18#-0.21,-0.27,0.19,27.00,2.27#-0.01,-0.29,0.19,27.00,2.27#-0.01,-0.29,0.20,26.00,2.27#-0.11,-0.29,0.19,27.00,2.27#0.18,-0.27,0.20,27.00,2.36#0.28,-0.27,0.20,27.00,2.27#-0.01,-0.31,0.20,27.00,2.27#TRH#22.03,49.92,21.16,54.82!","8:28:21, 41.3693847656, 1.9965959787, 94.1957015991, 4.8804"
2025-04-23 10:29:45,,"8:28:23, 41.3693885803, 1.9966059923, 93.0809020996, 4.9260"
2025-04-23 10:29:46,"MXD#46.69,5.36,193.24,185.55,0.00,750.04,113.09,430#46.67,5.36,160.05,191.62,0.00,830.19,116.04,430#46.63,5.36,174.45,181.33,0.00,789.36,112.94,430#46.68,5.36,182.27,199.69,0.00,735.71,115.53,430#46.83,5.36,181.11,186.12,0.00,785.90,117.02,430#46.98,5.36,186.66,191.94,0.00,829.07,131.87,430#46.98,5.36,187.07,187.95,0.00,812.68,123.41,424#46.71,5.36,185.84,191.62,0.00,771.14,119.22,424#46.75,5.36,192.37,190.58,0.00,829.91,122.49,424#46.76,5.36,193.35,185.18,0.00,752.58,112.06,424#TRH#21.83,50.13,21.83,50.10,21.83,49.39,21.84,50.13!","8:28:25, 41.3693923950, 1.9966123104, 92.8062973022, 4.9707"
2025-04-23 10:29:49,,"8:28:27, 41.3693923950, 1.9966186285, 93.1516036987, 5.1479"
2025-04-23 10:29:49,"MXA#0.03,28.81,13.91,35.25#0.03,28.69,13.87,35.07#0.03,28.72,13.89,35.04#0.03,28.83,13.95,35.38#0.03,28.87,13.92,35.19#0.03,28.57,13.86,34.92#0.03,28.60,13.90,34.81#0.03,28.85,13.94,35.03#TRH#30.27,46.76,30.30,45.42,30.48,43.85,30.23,46.76!","8:28:29, 41.3693923950, 1.9966300726, 94.0838012695, 5.1979"
2025-04-23 10:29:51,"ECS#0.18,-0.29,0.20,26.00,2.27#-0.01,-0.29,0.19,26.00,2.18#-0.01,-0.29,0.19,26.00,2.36#-0.11,-0.25,0.19,27.00,2.27#0.08,-0.27,0.20,27.00,2.27#0.18,-0.29,0.19,26.00,2.27#0.18,-0.25,0.20,27.00,2.27#-0.01,-0.31,0.19,28.00,2.27#0.28,-0.27,0.20,28.00,2.36#0.47,-0.27,0.21,27.00,2.27#0.08,-0.29,0.19,27.00,2.18#0.18,-0.31,0.20,26.00,2.27#0.28,-0.27,0.20,26.00,2.27#0.08,-0.31,0.19,27.00,2.27#TRH#22.06,49.53,21.16,54.57!","8:28:31, 41.3693962097, 1.9966411591, 93.7959976196, 5.3220"
2025-04-23 10:29:54,,"8:28:33, 41.3693962097, 1.9966559410, 93.4515991211, 5.4530"
2025-04-23 10:29:56,"MXD#46.67,5.36,192.16,183.49,0.00,825.43,110.93,429#46.52,5.36,161.11,193.83,0.00,796.88,116.59,429#46.80,5.36,175.34,197.61,0.00,838.10,123.24,429#46.55,5.36,182.66,187.19,0.00,775.59,115.68,429#46.70,5.36,181.11,188.53,0.00,774.81,112.33,429#46.61,5.36,185.44,183.37,0.00,829.07,122.78,427#46.72,5.36,185.84,194.82,0.00,837.25,114.32,427#46.59,5.36,186.86,199.49,0.00,783.77,116.59,427#46.55,5.36,191.51,187.64,0.00,842.08,127.79,427#46.34,5.36,191.62,190.64,0.00,794.46,114.86,427#TRH#21.84,49.38,21.84,49.19,21.86,48.29,21.89,48.93!","8:28:35, 41.3693885803, 1.9966735840, 93.3928985596, 5.5040"
2025-04-23 10:29:59,"MXA#0.03,28.81,13.86,34.49#0.03,28.64,13.92,34.77#0.03,28.73,13.95,34.50#0.03,28.93,13.94,34.21#0.03,28.88,13.86,33.75#0.03,28.96,13.86,33.39#0.03,28.92,13.93,33.08#0.03,28.84,13.87,32.53#TRH#30.31,46.28,30.34,44.57,30.55,42.79,30.28,46.28!","8:28:37, 41.3693885803, 1.9966917038, 94.0540008545, 5.5532"
2025-04-23 10:30:01,"ECS#0.28,-0.29,0.20,28.00,2.45#0.18,-0.27,0.20,27.00,2.36#0.08,-0.27,0.20,26.00,2.18#-0.01,-0.29,0.20,28.00,2.36#-0.01,-0.23,0.19,25.00,2.27#0.18,-0.29,0.19,27.00,2.18#0.08,-0.27,0.19,26.00,2.27#0.18,-0.31,0.19,26.00,2.27#0.18,-0.33,0.19,26.00,2.36#0.28,-0.25,0.19,26.00,2.27#0.18,-0.33,0.19,26.00,2.27#0.18,-0.33,0.19,27.00,2.27#0.28,-0.27,0.20,26.00,2.27#-0.01,-0.29,0.19,27.00,2.36#0.28,-0.27,0.19,27.00,2.27#TRH#22.06,48.21,21.20,53.56!","8:28:39, 41.3693962097, 1.9966979027, 94.5012969971, 5.6932"
2025-04-23 10:30:04,,"8:28:41, 41.3694038391, 1.9967038631, 94.2281036377, 5.7215"
2025-04-23 10:30:06,"MXD#46.15,5.36,192.16,177.50,0.00,786.43,116.63,430#45.94,5.36,155.53,189.17,0.00,757.95,118.34,430#45.88,5.36,170.61,186.12,0.00,816.81,120.23,430#45.62,5.36,179.21,182.13,0.00,821.80,120.81,430#45.52,5.36,178.27,189.74,0.00,755.13,114.01,430#45.50,5.36,179.77,185.61,0.00,778.49,119.14,431#45.34,5.36,182.27,189.42,0.00,799.85,117.10,431#45.27,5.36,183.25,188.14,0.00,789.90,117.06,431#45.13,5.36,184.84,185.93,0.00,764.39,135.40,431#45.03,5.36,183.25,187.44,0.00,807.20,114.86,431#TRH#21.89,48.71,21.86,48.59,21.88,47.64,21.91,48.35!","8:28:43, 41.3694114685, 1.9967119694, 93.5149993896, 5.7344"
2025-04-23 10:30:09,,"8:28:45, 41.3694152832, 1.9967275858, 93.9627990723, 5.6767"
2025-04-23 10:30:09,"MXA#0.03,28.95,13.92,31.86#0.03,28.92,13.91,31.60#0.03,29.20,13.89,31.48#0.03,28.98,13.85,31.09#0.03,29.19,13.90,31.15#0.03,29.19,13.93,30.75#0.03,29.03,13.89,30.30#0.03,28.99,13.83,29.73#0.03,29.09,13.93,30.11#TRH#30.34,46.21,30.38,44.52,30.58,42.82,30.30,46.21!","8:28:47, 41.3694229126, 1.9967455864, 95.0292968750, 5.6244"
2025-04-23 10:30:12,"ECS#0.28,-0.29,0.20,28.00,2.36#-0.01,-0.31,0.19,26.00,2.18#-0.01,-0.31,0.19,26.00,2.18#-0.01,-0.29,0.19,27.00,2.27#-0.01,-0.33,0.19,27.00,2.27#-0.21,-0.31,0.19,26.00,2.27#0.08,-0.25,0.19,26.00,2.18#0.08,-0.31,0.19,26.00,2.27#0.08,-0.33,0.19,27.00,2.27#0.08,-0.25,0.19,27.00,2.27#0.08,-0.27,0.19,27.00,2.18#0.28,-0.29,0.19,26.00,2.36#0.08,-0.29,0.19,27.00,2.36#0.18,-0.23,0.19,26.00,2.18#0.28,-0.25,0.19,26.00,2.27#0.08,-0.29,0.19,26.00,2.18#TRH#22.08,48.10,21.22,53.35!","8:28:49, 41.3694229126, 1.9967637062, 95.8973999023, 5.6081"
2025-04-23 10:30:15,,"8:28:51, 41.3694229126, 1.9967801571, 97.2882995605, 5.6492"
2025-04-23 10:30:17,"MXD#44.37,5.36,183.25,183.00,0.00,768.54,130.45,433#44.52,5.36,152.06,185.68,0.00,790.97,126.28,433#44.63,5.36,167.26,184.36,0.00,845.79,115.57,433#44.50,5.36,174.27,178.59,0.00,756.66,117.94,433#44.53,5.36,177.16,180.29,0.00,743.47,114.13,436#44.80,5.36,180.54,187.06,0.00,760.77,119.50,436#44.67,5.35,181.49,190.84,0.00,756.66,111.42,436#44.61,5.36,184.04,183.93,0.00,800.94,119.30,436#44.92,5.35,184.24,181.58,0.00,734.21,118.10,436#45.06,5.35,185.84,176.97,0.00,815.16,115.64,436#45.14,5.35,191.83,183.74,0.00,834.98,119.67,435#TRH#21.89,49.04,21.86,48.91,21.92,48.03,21.91,48.77!","8:28:53, 41.3694305420, 1.9967938662, 99.8734970093, 5.6763"
2025-04-23 10:30:20,,"8:28:55, 41.3694343567, 1.9968044758, 101.0224990845, 5.6551"
2025-04-23 10:30:20,"MXA#0.03,29.25,13.91,30.33#0.03,29.09,13.89,30.68#0.03,29.17,13.88,30.86#0.03,29.10,13.93,31.55#0.03,28.85,13.87,31.50#0.03,28.93,13.88,31.56#0.03,28.86,13.91,31.75#0.03,28.78,13.90,31.80#0.03,29.10,13.94,32.06#TRH#30.41,46.40,30.41,44.79,30.59,43.11,30.33,46.40!","8:28:57, 41.3694458008, 1.9968167543, 101.5983963013, 5.5836"
2025-04-23 10:30:23,"ECS#0.18,-0.27,0.19,26.00,2.18#0.18,-0.27,0.19,27.00,2.27#0.18,-0.31,0.19,27.00,2.18#0.08,-0.25,0.19,27.00,2.27#0.18,-0.33,0.19,26.00,2.27#0.28,-0.27,0.19,26.00,2.18#0.37,-0.29,0.20,25.00,2.18#0.08,-0.29,0.19,27.00,2.27#0.18,-0.29,0.19,26.00,2.27#0.28,-0.31,0.19,27.00,2.27#0.18,-0.27,0.19,27.00,2.18#-0.01,-0.25,0.19,25.00,2.27#-0.11,-0.29,0.19,27.00,2.27#0.18,-0.33,0.19,26.00,2.27#0.28,-0.29,0.19,27.00,2.36#TRH#22.09,48.42,21.23,53.53!","8:28:59, 41.3694534302, 1.9968361855, 101.8942031860, 5.4647"
2025-04-23 10:30:26,,"8:28:1, 41.3695068359, 1.9968298674, 105.7181015015, 4.3979"
2025-04-23 10:30:27,"MXD#45.06,5.35,191.62,185.43,0.00,782.71,119.87,435#45.14,5.35,158.41,184.74,0.00,830.19,118.14,435#44.84,5.35,171.64,181.58,0.00,800.94,114.79,438#45.01,5.35,178.46,185.43,0.00,763.35,113.24,438#44.87,5.35,178.46,179.44,0.00,692.46,114.17,438#44.76,5.34,178.65,181.58,0.00,714.60,113.59,438#44.73,5.34,179.21,178.77,0.00,769.84,119.99,438#44.51,5.34,179.02,183.12,0.00,762.06,119.14,438#44.15,5.34,179.96,179.07,0.00,664.90,106.05,438#43.74,5.34,177.72,168.09,0.00,744.72,99.75,438#TRH#21.91,49.85,21.91,49.94,21.94,49.21,21.92,50.07!","8:29:3, 41.3695182800, 1.9968513250, 107.7340011597, 4.3680"
2025-04-23 10:30:30,,"8:29:5, 41.3695335388, 1.9968446493, 118.2136993408, 4.1798"
2025-04-23 10:30:30,"MXA#0.03,29.00,13.82,31.07#0.03,28.88,13.77,30.74#0.03,28.73,13.74,30.30#0.03,28.64,13.70,29.74#0.03,28.43,13.52,28.41#0.03,28.38,13.38,27.20#0.03,28.29,13.32,26.43#0.03,28.19,13.28,26.10#TRH#30.42,46.72,30.47,45.43,30.62,43.81,30.38,46.72!","8:29:7, 41.3695640564, 1.9968787432, 121.9795989990, 2.9015"
2025-04-23 10:30:33,"ECS#-0.11,-0.33,0.19,26.00,2.18#-0.01,-0.29,0.19,26.00,2.18#-0.11,-0.29,0.19,26.00,2.36#-0.01,-0.27,0.19,27.00,2.18#-0.01,-0.29,0.19,26.00,2.27#0.18,-0.29,0.20,27.00,2.27#0.18,-0.25,0.19,26.00,2.27#0.18,-0.29,0.19,27.00,2.18#0.28,-0.27,0.19,28.00,2.27#0.28,-0.27,0.19,27.00,2.27#0.08,-0.27,0.19,27.00,2.27#0.18,-0.27,0.19,27.00,2.27#0.08,-0.29,0.19,27.00,2.27#0.18,-0.29,0.19,26.00,2.27#0.28,-0.29,0.19,27.00,2.27#TRH#22.11,49.45,21.30,54.36!","8:29:9, 41.3695793152, 1.9968938828, 125.3671035767, 2.0035"
2025-04-23 10:30:36,,"8:29:11, 41.3695755005, 1.9969251156, 133.0942993164, 1.2832"
2025-04-23 10:30:37,".60,438#42.45,5.33,168.26,170.15,0.00,728.77,96.52,438#42.49,5.33,169.42,176.07,0.00,707.14,102.00,438#42.33,5.32,170.27,169.81,0.00,673.05,99.91,437#42.41,5.33,171.64,167.24,0.00,721.89,113.97,437#42.56,5.33,176.07,166.73,0.00,716.54,99.47,437#TRH#21.92,50.08,21.92,50.11,21.95,49.30,21.95,50.06!","8:29:13, 41.3695640564, 1.9969612360, 141.0693054199, 0.8340"
2025-04-23 10:30:40,"MXA#0.03,28.38,13.27,25.96#0.03,28.21,13.21,25.92#0.03,28.25,13.18,25.97#0.03,28.25,13.23,26.40#0.03,28.52,13.30,26.48#0.03,28.42,13.29,26.69#0.03,28.28,13.25,26.67#0.03,28.46,13.29,26.95#TRH#30.41,46.68,30.50,45.34,30.66,43.77,30.41,46.68!","8:29:15, 41.3695678711, 1.9969760180, 143.6782989502, 0.7318"
2025-04-23 10:30:42,"ECS#0.37,-0.27,0.19,26.00,2.27#0.28,-0.27,0.20,28.00,2.36#0.18,-0.27,0.19,26.00,2.27#0.18,-0.31,0.19,28.00,2.27#0.18,-0.29,0.20,28.00,2.36#0.18,-0.23,0.19,26.00,2.18#0.37,-0.25,0.20,27.00,2.18#0.18,-0.27,0.19,27.00,2.27#0.28,-0.33,0.20,26.00,2.18#0.18,-0.27,0.20,27.00,2.27#0.18,-0.31,0.20,28.00,2.36#0.28,-0.29,0.20,27.00,2.27#-0.11,-0.27,0.19,27.00,2.27#0.08,-0.31,0.19,27.00,2.27#TRH#22.14,49.57,21.28,54.51!","8:29:17, 41.3695640564, 1.9969806671, 144.7745056152, 0.7176"
2025-04-23 10:30:45,,"8:29:19, 41.3695640564, 1.9969820976, 145.4826965332, 0.7282"
2025-04-23 10:30:46,"MXD#42.50,5.32,174.98,180.47,0.00,702.61,99.98,435#42.50,5.32,147.34,180.11,0.00,705.23,98.17,435#42.35,5.33,162.49,179.44,0.00,695.75,99.17,435#41.95,5.32,168.26,172.53,0.00,629.21,106.12,435#41.86,5.32,166.12,172.65,0.00,694.34,90.05,435#41.55,5.33,166.29,171.89,0.00,664.45,110.18,435#41.28,5.32,165.32,163.05,0.00,653.30,103.67,432#40.88,5.32,164.52,168.03,0.00,628.57,94.58,432#40.74,5.31,163.26,163.93,0.00,628.57,94.42,432#TRH#21.97,50.48,21.95,50.50,21.98,49.81,21.98,50.58!","8:29:21, 41.3695602417, 1.9969835281, 146.2662048340, 0.6226"
2025-04-23 10:30:49,,"8:29:23, 41.3695602417, 1.9969860315, 146.5803070068, 0.6347"
2025-04-23 10:30:50,"MXA#0.03,28.07,13.12,25.89#0.03,27.93,13.06,25.19#0.03,27.87,12.99,24.55#0.03,28.12,12.95,24.10#0.03,28.11,12.93,23.58#0.03,28.01,12.89,23.21#0.03,27.91,12.83,22.90#0.03,27.99,12.85,22.77#TRH#30.50,46.77,30.52,45.44,30.69,43.90,30.44,46.77!","8:29:25, 41.3695602417, 1.9969886541, 146.7635955811, 0.5072"
2025-04-23 10:30:52,"ECS#0.28,-0.31,0.20,27.00,2.27#0.28,-0.31,0.20,26.00,2.27#0.37,-0.29,0.20,26.00,2.27#-0.01,-0.31,0.19,26.00,2.27#0.08,-0.29,0.19,28.00,2.36#0.28,-0.29,0.20,26.00,2.27#0.18,-0.31,0.20,26.00,2.27#0.37,-0.29,0.20,27.00,2.27#-0.01,-0.25,0.19,27.00,2.27#0.08,-0.25,0.19,27.00,2.27#0.08,-0.29,0.19,27.00,2.36#-0.01,-0.27,0.19,26.00,2.18#0.08,-0.25,0.19,26.00,2.27#0.08,-0.29,0.19,28.00,2.27#0.28,-0.27,0.19,28.00,2.45#TRH#22.19,49.85,21.30,54.72!","8:29:27, 41.3695640564, 1.9969931841, 146.7740936279, 0.4192"
2025-04-23 10:30:55,,"8:29:29, 41.3695640564, 1.9969979525, 146.9140014648, 0.3682"
2025-04-23 10:30:56,"MXD#40.41,5.31,163.26,172.94,0.00,634.34,90.24,432#40.38,5.31,135.74,161.02,0.00,631.99,98.54,432#40.23,5.31,148.10,165.05,0.00,632.84,88.90,432#40.26,5.31,155.81,158.10,0.00,618.44,86.64,432#40.43,5.31,156.24,156.93,0.00,620.75,97.91,432#40.53,5.30,158.56,161.29,0.00,636.71,95.32,432#40.66,5.30,161.26,147.46,0.00,625.60,79.89,432#40.64,5.30,162.33,157.89,0.00,594.23,101.52,436#40.61,5.30,165.96,155.71,0.00,630.06,91.78,436#40.66,5.30,164.84,158.16,0.00,591.02,96.95,436#TRH#21.98,50.45,21.98,50.48,21.98,49.78,21.98,50.57!","8:29:31, 41.3695678711, 1.9969997406, 146.9761047363, 0.3340"
2025-04-23 10:30:59,,"8:29:33, 41.3695716858, 1.9970006943, 147.0018005371, 0.3155"
