TGS2600,TGS2602,TGS2611,TGS2620,T1,RH1,T2,RH2,T3,RH3,T4,RH4,LAT,LONG,ALT,ACC,t
0.01,31.22,14,38.52,23.2,53.96,23.2,53.89,23.27,52.53,23.11,53.96,41.3730239868,1.9910600185,88.0194015503,0.0141,-2
0.01,31.09,14.03,38.67,23.2,53.96,23.2,53.89,23.27,52.53,23.11,53.96,41.3730239868,1.9910600185,88.0194015503,0.0141,-1
0.01,31.06,14.02,38.89,23.2,53.96,23.2,53.89,23.27,52.53,23.11,53.96,41.3730239868,1.9910600185,88.0194015503,0.0141,0
0.01,31.12,14.03,38.59,23.2,53.96,23.2,53.89,23.27,52.53,23.11,53.96,41.3730239868,1.9910600185,88.0194015503,0.0141,1
0.01,31.33,14.07,39.06,23.2,53.96,23.2,53.89,23.27,52.53,23.11,53.96,41.3730239868,1.9910600185,88.0194015503,0.0141,2
0.01,31.38,14.1,38.9,23.2,53.96,23.2,53.89,23.27,52.53,23.11,53.96,41.3730239868,1.9910600185,88.0194015503,0.0141,3
0.01,31.04,14.04,38.64,23.2,53.96,23.2,53.89,23.27,52.53,23.11,53.96,41.3730239868,1.9910600185,88.0194015503,0.0141,4
0.01,31.2,14.05,38.58,23.2,53.96,23.2,53.89,23.27,52.53,23.11,53.96,41.3730239868,1.9910600185,88.0194015503,0.0141,5
0.01,31.15,14.1,39.11,23.27,53.92,23.27,54.02,23.3,52.68,23.16,53.92,41.3730239868,1.9910600185,88.0061035156,0.0141,5
0.01,31.13,14.08,38.71,23.27,53.92,23.27,54.02,23.3,52.68,23.16,53.92,41.3730239868,1.9910600185,88.0061035156,0.0141,6.25
0.01,31.09,14.04,38.74,23.27,53.92,23.27,54.02,23.3,52.68,23.16,53.92,41.3730239868,1.9910600185,88.0061035156,0.0141,7.5
0.01,31.38,14.12,39.1,23.27,53.92,23.27,54.02,23.3,52.68,23.16,53.92,41.3730239868,1.9910600185,88.0061035156,0.0141,8.75
0.01,31.3,14.13,39.18,23.27,53.92,23.27,54.02,23.3,52.68,23.16,53.92,41.3730239868,1.9910600185,88.0061035156,0.0141,10
0.01,31.32,14.12,38.9,23.27,53.92,23.27,54.02,23.3,52.68,23.16,53.92,41.3730239868,1.9910600185,88.0061035156,0.0141,11.25
0.01,31.01,14.06,38.95,23.27,53.92,23.27,54.02,23.3,52.68,23.16,53.92,41.3730239868,1.9910600185,88.0061035156,0.0141,12.5
0.01,31.31,14.14,39.25,23.27,53.92,23.27,54.02,23.3,52.68,23.16,53.92,41.3730239868,1.9910600185,88.0061035156,0.0141,13.75
0.01,31.14,14.18,39.3,23.31,53.76,23.3,53.81,23.39,52.43,23.2,53.76,41.3730239868,1.9910601377,88.004699707,0.0141,13.75
0.01,31.22,14.15,39.34,23.31,53.76,23.3,53.81,23.39,52.43,23.2,53.76,41.3730239868,1.9910601377,88.004699707,0.0141,14.5
0.01,31.38,14.18,39.11,23.31,53.76,23.3,53.81,23.39,52.43,23.2,53.76,41.3730239868,1.9910601377,88.004699707,0.0141,15.25
0.01,31.13,14.11,39.4,23.31,53.76,23.3,53.81,23.39,52.43,23.2,53.76,41.3730239868,1.9910601377,88.004699707,0.0141,16
0.01,30.97,14.13,38.9,23.31,53.76,23.3,53.81,23.39,52.43,23.2,53.76,41.3730239868,1.9910601377,88.004699707,0.0141,16.75
0.01,31.08,14.11,38.82,23.31,53.76,23.3,53.81,23.39,52.43,23.2,53.76,41.3730239868,1.9910601377,88.004699707,0.0141,17.5
0.01,31.2,14.17,39.33,23.31,53.76,23.3,53.81,23.39,52.43,23.2,53.76,41.3730239868,1.9910601377,88.004699707,0.0141,18.25
0.01,31.37,14.19,39.15,23.31,53.76,23.3,53.81,23.39,52.43,23.2,53.76,41.3730239868,1.9910601377,88.004699707,0.0141,19
0.01,31.06,14.14,39.34,23.36,53.7,23.38,53.67,23.39,52.34,23.25,53.7,41.3730239868,1.9910600185,88.0028991699,0.0141,19
0.01,31.15,14.2,39.45,23.36,53.7,23.38,53.67,23.39,52.34,23.25,53.7,41.3730239868,1.9910600185,88.0028991699,0.0141,20.25
0.01,31.42,14.17,39.5,23.36,53.7,23.38,53.67,23.39,52.34,23.25,53.7,41.3730239868,1.9910600185,88.0028991699,0.0141,21.5
0.01,31.35,14.18,39.31,23.36,53.7,23.38,53.67,23.39,52.34,23.25,53.7,41.3730239868,1.9910600185,88.0028991699,0.0141,22.75
0.01,31.22,14.1,39.05,23.36,53.7,23.38,53.67,23.39,52.34,23.25,53.7,41.3730239868,1.9910600185,88.0028991699,0.0141,24
0.01,31.04,14.14,39.26,23.36,53.7,23.38,53.67,23.39,52.34,23.25,53.7,41.3730239868,1.9910600185,88.0028991699,0.0141,25.25
0.01,31.3,14.19,39.56,23.36,53.7,23.38,53.67,23.39,52.34,23.25,53.7,41.3730239868,1.9910600185,88.0028991699,0.0141,26.5
0.01,31.07,14.15,39.19,23.36,53.7,23.38,53.67,23.39,52.34,23.25,53.7,41.3730239868,1.9910600185,88.0028991699,0.0141,27.75
0.01,31.08,14.18,39.66,23.41,53.6,23.41,53.53,23.45,52.15,23.28,53.6,41.3730239868,1.9910600185,87.9957962036,0.0141,27.75
0.01,31.16,14.22,39.51,23.41,53.6,23.41,53.53,23.45,52.15,23.28,53.6,41.3730239868,1.9910600185,87.9957962036,0.0141,28.5
0.01,31.36,14.14,39.12,23.41,53.6,23.41,53.53,23.45,52.15,23.28,53.6,41.3730239868,1.9910600185,87.9957962036,0.0141,29.25
0.01,31.25,14.13,39.2,23.41,53.6,23.41,53.53,23.45,52.15,23.28,53.6,41.3730239868,1.9910600185,87.9957962036,0.0141,30
0.01,31.22,14.15,39.1,23.41,53.6,23.41,53.53,23.45,52.15,23.28,53.6,41.3730239868,1.9910600185,87.9957962036,0.0141,30.75
0.01,31.18,14.24,39.69,23.41,53.6,23.41,53.53,23.45,52.15,23.28,53.6,41.3730239868,1.9910600185,87.9957962036,0.0141,31.5
0.01,31.26,14.25,39.73,23.41,53.6,23.41,53.53,23.45,52.15,23.28,53.6,41.3730239868,1.9910600185,87.9957962036,0.0141,32.25
0.01,31.38,14.24,39.37,23.41,53.6,23.41,53.53,23.45,52.15,23.28,53.6,41.3730239868,1.9910600185,87.9957962036,0.0141,33
0.01,31.23,14.31,39.85,23.52,53.39,23.52,53.32,23.55,51.95,23.39,53.39,41.3730239868,1.9910601377,87.9841003418,0.0141,33
0.01,31.29,14.31,39.9,23.52,53.39,23.52,53.32,23.55,51.95,23.39,53.39,41.3730239868,1.9910601377,87.9841003418,0.0141,28.3333333333333
0.01,31.38,14.28,39.61,23.52,53.39,23.52,53.32,23.55,51.95,23.39,53.39,41.3730239868,1.9910601377,87.9841003418,0.0141,23.6666666666667
0.01,31.33,14.28,39.98,23.52,53.39,23.52,53.32,23.55,51.95,23.39,53.39,41.3730239868,1.9910601377,87.9841003418,0.0141,19
0.01,31.1,14.25,39.53,23.52,53.39,23.52,53.32,23.55,51.95,23.39,53.39,41.3730239868,1.9910601377,87.9841003418,0.0141,14.3333333333333
0.01,31.01,14.22,39.49,23.52,53.39,23.52,53.32,23.55,51.95,23.39,53.39,41.3730239868,1.9910601377,87.9841003418,0.0141,9.66666666666667
0.01,31.32,14.26,40,23.52,53.39,23.52,53.32,23.55,51.95,23.39,53.39,41.3730239868,1.9910601377,87.9841003418,0.0141,5
0.01,31.15,14.23,39.55,23.52,53.39,23.52,53.32,23.55,51.95,23.39,53.39,41.3730239868,1.9910601377,87.9841003418,0.0141,0.333333333333334
0.01,31.04,14.33,40.03,23.52,53.39,23.52,53.32,23.55,51.95,23.39,53.39,41.3730239868,1.9910601377,87.9841003418,0.0141,-4.33333333333333
0.01,31.24,14.25,39.66,23.56,53.35,23.58,53.26,23.62,51.94,23.44,53.35,41.3730239868,1.991060257,87.9776000977,0.0141,-4.33333333333333
0.01,31.11,14.23,39.45,23.56,53.35,23.58,53.26,23.62,51.94,23.44,53.35,41.3730239868,1.991060257,87.9776000977,0.0141,3.44444444444444
0.01,31.07,14.31,39.99,23.56,53.35,23.58,53.26,23.62,51.94,23.44,53.35,41.3730239868,1.991060257,87.9776000977,0.0141,11.2222222222222
0.01,31.27,14.34,39.93,23.56,53.35,23.58,53.26,23.62,51.94,23.44,53.35,41.3730239868,1.991060257,87.9776000977,0.0141,19
0.01,31.09,14.26,39.49,23.56,53.35,23.58,53.26,23.62,51.94,23.44,53.35,41.3730239868,1.991060257,87.9776000977,0.0141,26.7777777777778
0.01,31.06,14.27,39.67,23.56,53.35,23.58,53.26,23.62,51.94,23.44,53.35,41.3730239868,1.991060257,87.9776000977,0.0141,34.5555555555556
0.01,31.31,14.35,40.25,23.56,53.35,23.58,53.26,23.62,51.94,23.44,53.35,41.3730239868,1.991060257,87.9776000977,0.0141,42.3333333333333
0.01,31.03,14.26,39.53,23.56,53.35,23.58,53.26,23.62,51.94,23.44,53.35,41.3730239868,1.991060257,87.9776000977,0.0141,50.1111111111111
0.01,31.38,14.32,39.88,23.56,53.35,23.58,53.26,23.62,51.94,23.44,53.35,41.3730239868,1.991060257,87.9776000977,0.0141,57.8888888888889
0.01,31.05,14.25,39.66,23.58,53.26,23.64,53.29,23.69,52.01,23.48,53.26,41.3730239868,1.9910601377,87.9655990601,0.0141,57.8888888888889
0.01,31.01,14.28,39.74,23.58,53.26,23.64,53.29,23.69,52.01,23.48,53.26,41.3730239868,1.9910601377,87.9655990601,0.0141,59
0.01,31.32,14.34,40.23,23.58,53.26,23.64,53.29,23.69,52.01,23.48,53.26,41.3730239868,1.9910601377,87.9655990601,0.0141,60.1111111111111
0.01,31.23,14.27,39.89,23.58,53.26,23.64,53.29,23.69,52.01,23.48,53.26,41.3730239868,1.9910601377,87.9655990601,0.0141,61.2222222222222
0.01,31.16,14.24,39.68,23.58,53.26,23.64,53.29,23.69,52.01,23.48,53.26,41.3730239868,1.9910601377,87.9655990601,0.0141,62.3333333333333
0.01,30.99,14.27,39.97,23.58,53.26,23.64,53.29,23.69,52.01,23.48,53.26,41.3730239868,1.9910601377,87.9655990601,0.0141,63.4444444444444
0.01,31.37,14.35,40.28,23.58,53.26,23.64,53.29,23.69,52.01,23.48,53.26,41.3730239868,1.9910601377,87.9655990601,0.0141,64.5555555555555
0.01,31.34,14.36,39.65,23.58,53.26,23.64,53.29,23.69,52.01,23.48,53.26,41.3730239868,1.9910601377,87.9655990601,0.0141,65.6666666666667
0.01,31.08,14.3,39.83,23.58,53.26,23.64,53.29,23.69,52.01,23.48,53.26,41.3730239868,1.9910601377,87.9655990601,0.0141,66.7777777777778
0.01,31.35,14.36,39.94,23.66,53.21,23.67,53.17,23.7,51.92,23.53,53.21,41.3730239868,1.9910600185,87.9515991211,0.0141,66.7777777777778
0.01,31.2,14.31,39.81,23.66,53.21,23.67,53.17,23.7,51.92,23.53,53.21,41.3730239868,1.9910600185,87.9515991211,0.0141,68.0277777777778
0.01,31.32,14.27,39.66,23.66,53.21,23.67,53.17,23.7,51.92,23.53,53.21,41.3730239868,1.9910600185,87.9515991211,0.0141,69.2777777777778
0.01,31.08,14.34,40.28,23.66,53.21,23.67,53.17,23.7,51.92,23.53,53.21,41.3730239868,1.9910600185,87.9515991211,0.0141,70.5277777777778
0.01,31.11,14.38,40.37,23.66,53.21,23.67,53.17,23.7,51.92,23.53,53.21,41.3730239868,1.9910600185,87.9515991211,0.0141,71.7777777777778
0.01,31.21,14.36,40.27,23.66,53.21,23.67,53.17,23.7,51.92,23.53,53.21,41.3730239868,1.9910600185,87.9515991211,0.0141,73.0277777777778
0.01,31.14,14.27,39.89,23.66,53.21,23.67,53.17,23.7,51.92,23.53,53.21,41.3730239868,1.9910600185,87.9515991211,0.0141,74.2777777777778
0.01,30.99,14.33,39.74,23.66,53.21,23.67,53.17,23.7,51.92,23.53,53.21,41.3730239868,1.9910600185,87.9515991211,0.0141,75.5277777777778
0.01,31.31,14.36,39.96,23.73,52.99,23.75,52.78,23.8,51.46,23.62,52.99,41.3730239868,1.9910598993,87.9571990967,0.0141,75.5277777777778
0.01,31.24,14.32,40.07,23.73,52.99,23.75,52.78,23.8,51.46,23.62,52.99,41.3730239868,1.9910598993,87.9571990967,0.0141,77.7777777777778
0.01,31.05,14.28,39.99,23.73,52.99,23.75,52.78,23.8,51.46,23.62,52.99,41.3730239868,1.9910598993,87.9571990967,0.0141,80.0277777777778
0.01,31.09,14.37,40.49,23.73,52.99,23.75,52.78,23.8,51.46,23.62,52.99,41.3730239868,1.9910598993,87.9571990967,0.0141,82.2777777777778
0.01,31.28,14.39,40.29,23.73,52.99,23.75,52.78,23.8,51.46,23.62,52.99,41.3730239868,1.9910598993,87.9571990967,0.0141,84.5277777777778
0.01,31.12,14.32,40,23.73,52.99,23.75,52.78,23.8,51.46,23.62,52.99,41.3730239868,1.9910598993,87.9571990967,0.0141,86.7777777777778
0.01,31.01,14.35,40.15,23.73,52.99,23.75,52.78,23.8,51.46,23.62,52.99,41.3730239868,1.9910598993,87.9571990967,0.0141,89.0277777777778
0.01,31,14.29,40.07,23.73,52.99,23.75,52.78,23.8,51.46,23.62,52.99,41.3730239868,1.9910598993,87.9571990967,0.0141,91.2777777777778
0.01,31.01,14.36,40.28,23.78,53.01,23.81,53.03,23.86,51.77,23.66,53.01,41.373008728,1.9910281897,88.4562988281,0.4059,91.2777777777778
0.01,30.94,14.31,40.18,23.78,53.01,23.81,53.03,23.86,51.77,23.66,53.01,41.373008728,1.9910281897,88.4562988281,0.4059,92.5277777777778
0.01,31.09,14.4,40.76,23.78,53.01,23.81,53.03,23.86,51.77,23.66,53.01,41.373008728,1.9910281897,88.4562988281,0.4059,93.7777777777778
0.01,31.29,14.37,40.51,23.78,53.01,23.81,53.03,23.86,51.77,23.66,53.01,41.373008728,1.9910281897,88.4562988281,0.4059,95.0277777777778
0.01,31.35,14.43,40.57,23.78,53.01,23.81,53.03,23.86,51.77,23.66,53.01,41.373008728,1.9910281897,88.4562988281,0.4059,96.2777777777778
0.01,31.06,14.36,40.06,23.78,53.01,23.81,53.03,23.86,51.77,23.66,53.01,41.373008728,1.9910281897,88.4562988281,0.4059,97.5277777777778
0.01,31.04,14.33,40.28,23.78,53.01,23.81,53.03,23.86,51.77,23.66,53.01,41.373008728,1.9910281897,88.4562988281,0.4059,98.7777777777778
0.01,30.95,14.34,40.07,23.78,53.01,23.81,53.03,23.86,51.77,23.66,53.01,41.373008728,1.9910281897,88.4562988281,0.4059,100.027777777778
0.01,31.34,14.4,40.58,23.88,52.89,23.84,52.87,23.91,51.62,23.72,52.89,41.373008728,1.9910513163,89.6994018555,0.2284,100.027777777778
0.01,31.08,14.33,40.18,23.88,52.89,23.84,52.87,23.91,51.62,23.72,52.89,41.373008728,1.9910513163,89.6994018555,0.2284,101.138888888889
0.01,30.98,14.36,40.48,23.88,52.89,23.84,52.87,23.91,51.62,23.72,52.89,41.373008728,1.9910513163,89.6994018555,0.2284,102.25
0.01,30.91,14.35,40.76,23.88,52.89,23.84,52.87,23.91,51.62,23.72,52.89,41.373008728,1.9910513163,89.6994018555,0.2284,103.361111111111
0.01,31.02,14.43,40.73,23.88,52.89,23.84,52.87,23.91,51.62,23.72,52.89,41.373008728,1.9910513163,89.6994018555,0.2284,104.472222222222
0.01,31.26,14.4,40.23,23.88,52.89,23.84,52.87,23.91,51.62,23.72,52.89,41.373008728,1.9910513163,89.6994018555,0.2284,105.583333333333
0.01,31.13,14.37,40.4,23.88,52.89,23.84,52.87,23.91,51.62,23.72,52.89,41.373008728,1.9910513163,89.6994018555,0.2284,106.694444444444
0.01,31.17,14.41,40.35,23.88,52.89,23.84,52.87,23.91,51.62,23.72,52.89,41.373008728,1.9910513163,89.6994018555,0.2284,107.805555555556
0.01,30.94,14.38,40.76,23.88,52.89,23.84,52.87,23.91,51.62,23.72,52.89,41.373008728,1.9910513163,89.6994018555,0.2284,108.916666666667
0.01,31.2,14.41,40.63,23.88,52.89,23.84,52.87,23.91,51.62,23.72,52.89,41.3730163574,1.9910598993,88.5528030396,0.1511,108.916666666667
0.01,31.29,14.43,40.27,23.88,52.89,23.84,52.87,23.91,51.62,23.72,52.89,41.3730163574,1.9910598993,88.5528030396,0.1511,110.25
0.01,31,14.37,40.84,23.88,52.89,23.84,52.87,23.91,51.62,23.72,52.89,41.3730163574,1.9910598993,88.5528030396,0.1511,111.583333333333
0.01,31.34,14.36,40.57,23.88,52.89,23.84,52.87,23.91,51.62,23.72,52.89,41.3730163574,1.9910598993,88.5528030396,0.1511,112.916666666667
0.01,31.09,14.45,40.96,23.88,52.89,23.84,52.87,23.91,51.62,23.72,52.89,41.3730163574,1.9910598993,88.5528030396,0.1511,114.25
0.01,31.29,14.44,40.74,23.88,52.89,23.84,52.87,23.91,51.62,23.72,52.89,41.3730163574,1.9910598993,88.5528030396,0.1511,115.583333333333
0.01,31.03,14.36,40.51,23.88,52.89,23.84,52.87,23.91,51.62,23.72,52.89,41.3730163574,1.9910598993,88.5528030396,0.1511,116.916666666667
0.01,30.99,14.41,40.49,23.88,52.89,23.84,52.87,23.91,51.62,23.72,52.89,41.3730163574,1.9910598993,88.5528030396,0.1511,118.25
0.01,31.28,14.46,40.96,23.88,52.89,23.84,52.87,23.91,51.62,23.72,52.89,41.3730163574,1.9910598993,88.5528030396,0.1511,119.583333333333
0.01,31.01,14.45,40.65,23.98,52.61,23.98,52.53,24.05,51.24,23.84,52.61,41.3730392456,1.9910545349,84.9873962402,0.1149,119.583333333333
0.01,30.91,14.44,40.8,23.98,52.61,23.98,52.53,24.05,51.24,23.84,52.61,41.3730392456,1.9910545349,84.9873962402,0.1149,123.583333333333
0.01,31.27,14.51,41.07,23.98,52.61,23.98,52.53,24.05,51.24,23.84,52.61,41.3730392456,1.9910545349,84.9873962402,0.1149,127.583333333333
0.01,31.25,14.44,40.62,23.98,52.61,23.98,52.53,24.05,51.24,23.84,52.61,41.3730392456,1.9910545349,84.9873962402,0.1149,131.583333333333
0.01,31.31,14.56,41.16,24.03,52.39,24.08,52.23,24.12,50.94,23.97,52.39,41.3730430603,1.9910476208,84.5548019409,0.0872,131.583333333333
0.01,31.01,14.48,41.06,24.03,52.39,24.08,52.23,24.12,50.94,23.97,52.39,41.3730430603,1.9910476208,84.5548019409,0.0872,133.833333333333
0.01,31.29,14.55,41.28,24.03,52.39,24.08,52.23,24.12,50.94,23.97,52.39,41.3730430603,1.9910476208,84.5548019409,0.0872,136.083333333333
0.01,31.36,14.57,41.28,24.03,52.39,24.08,52.23,24.12,50.94,23.97,52.39,41.3730430603,1.9910476208,84.5548019409,0.0872,138.333333333333
0.01,31.01,14.5,40.98,24.03,52.39,24.08,52.23,24.12,50.94,23.97,52.39,41.3730430603,1.9910476208,84.5548019409,0.0872,140.583333333333
0.01,30.91,14.48,41.19,24.03,52.39,24.08,52.23,24.12,50.94,23.97,52.39,41.3730430603,1.9910476208,84.5548019409,0.0872,142.833333333333
0.01,31.24,14.56,41,24.03,52.39,24.08,52.23,24.12,50.94,23.97,52.39,41.3730430603,1.9910476208,84.5548019409,0.0872,145.083333333333
0.01,30.93,14.49,41.08,24.03,52.39,24.08,52.23,24.12,50.94,23.97,52.39,41.3730430603,1.9910476208,84.5548019409,0.0872,147.333333333333
0.01,31.29,14.57,41.33,24.11,52.35,24.11,52.27,24.19,51,23.97,52.35,41.3730430603,1.9910430908,84.8623962402,0.0746,147.333333333333
0.01,31.03,14.53,40.97,24.11,52.35,24.11,52.27,24.19,51,23.97,52.35,41.3730430603,1.9910430908,84.8623962402,0.0746,148.583333333333
0.01,31.09,14.55,41.06,24.11,52.35,24.11,52.27,24.19,51,23.97,52.35,41.3730430603,1.9910430908,84.8623962402,0.0746,149.833333333333
0.01,30.91,14.52,41.33,24.11,52.35,24.11,52.27,24.19,51,23.97,52.35,41.3730430603,1.9910430908,84.8623962402,0.0746,151.083333333333
0.01,31.24,14.6,41.44,24.11,52.35,24.11,52.27,24.19,51,23.97,52.35,41.3730430603,1.9910430908,84.8623962402,0.0746,152.333333333333
0.01,31.26,14.6,40.98,24.11,52.35,24.11,52.27,24.19,51,23.97,52.35,41.3730430603,1.9910430908,84.8623962402,0.0746,153.583333333333
0.01,31,14.53,41.01,24.11,52.35,24.11,52.27,24.19,51,23.97,52.35,41.3730430603,1.9910430908,84.8623962402,0.0746,154.833333333333
0.01,31.28,14.59,41.46,24.11,52.35,24.11,52.27,24.19,51,23.97,52.35,41.3730430603,1.9910430908,84.8623962402,0.0746,156.083333333333
0.01,31.04,14.56,41.16,24.12,52.4,24.17,52.37,24.23,51.14,24.03,52.4,41.3730430603,1.9910430908,85.0877990723,0.0786,156.083333333333
0.01,30.92,14.57,41.2,24.12,52.4,24.17,52.37,24.23,51.14,24.03,52.4,41.3730430603,1.9910430908,85.0877990723,0.0786,157.083333333333
0.01,31.18,14.63,41.69,24.12,52.4,24.17,52.37,24.23,51.14,24.03,52.4,41.3730430603,1.9910430908,85.0877990723,0.0786,158.083333333333
0.01,30.89,14.6,41.76,24.12,52.4,24.17,52.37,24.23,51.14,24.03,52.4,41.3730430603,1.9910430908,85.0877990723,0.0786,159.083333333333
0.01,30.97,14.62,41.55,24.12,52.4,24.17,52.37,24.23,51.14,24.03,52.4,41.3730430603,1.9910430908,85.0877990723,0.0786,160.083333333333
0.01,31.04,14.65,41.66,24.12,52.4,24.17,52.37,24.23,51.14,24.03,52.4,41.3730430603,1.9910430908,85.0877990723,0.0786,161.083333333333
0.01,31.22,14.58,41.12,24.12,52.4,24.17,52.37,24.23,51.14,24.03,52.4,41.3730430603,1.9910430908,85.0877990723,0.0786,162.083333333333
0.01,31.11,14.6,41.21,24.12,52.4,24.17,52.37,24.23,51.14,24.03,52.4,41.3730430603,1.9910430908,85.0877990723,0.0786,163.083333333333
0.01,31.24,14.63,41.68,24.19,52.27,24.17,52.22,24.25,50.96,24.08,52.27,41.3730392456,1.9910416603,85.1464004517,0.074,163.083333333333
0.01,31.13,14.65,41.73,24.19,52.27,24.17,52.22,24.25,50.96,24.08,52.27,41.3730392456,1.9910416603,85.1464004517,0.074,164.333333333333
0.01,30.86,14.61,41.15,24.19,52.27,24.17,52.22,24.25,50.96,24.08,52.27,41.3730392456,1.9910416603,85.1464004517,0.074,165.583333333333
0.01,31.15,14.64,41.59,24.19,52.27,24.17,52.22,24.25,50.96,24.08,52.27,41.3730392456,1.9910416603,85.1464004517,0.074,166.833333333333
0.01,31.21,14.65,41.72,24.19,52.27,24.17,52.22,24.25,50.96,24.08,52.27,41.3730392456,1.9910416603,85.1464004517,0.074,168.083333333333
0.01,31.08,14.66,41.78,24.19,52.27,24.17,52.22,24.25,50.96,24.08,52.27,41.3730392456,1.9910416603,85.1464004517,0.074,169.333333333333
0.01,31.1,14.65,41.55,24.19,52.27,24.17,52.22,24.25,50.96,24.08,52.27,41.3730392456,1.9910416603,85.1464004517,0.074,170.583333333333
0.01,31.2,14.68,41.22,24.19,52.27,24.17,52.22,24.25,50.96,24.08,52.27,41.3730392456,1.9910416603,85.1464004517,0.074,171.833333333333
0.01,31.17,14.62,41.71,24.22,52.22,24.23,52.12,24.28,50.92,24.11,52.22,41.3730392456,1.9910428524,85.2042999268,0.06,171.833333333333
0.01,31.18,14.67,41.75,24.22,52.22,24.23,52.12,24.28,50.92,24.11,52.22,41.3730392456,1.9910428524,85.2042999268,0.06,173.083333333333
0.01,31.1,14.65,41.73,24.22,52.22,24.23,52.12,24.28,50.92,24.11,52.22,41.3730392456,1.9910428524,85.2042999268,0.06,174.333333333333
0.01,30.89,14.57,41.2,24.22,52.22,24.23,52.12,24.28,50.92,24.11,52.22,41.3730392456,1.9910428524,85.2042999268,0.06,175.583333333333
0.01,31.15,14.63,41.64,24.22,52.22,24.23,52.12,24.28,50.92,24.11,52.22,41.3730392456,1.9910428524,85.2042999268,0.06,176.833333333333
0.01,31.16,14.69,41.78,24.22,52.22,24.23,52.12,24.28,50.92,24.11,52.22,41.3730392456,1.9910428524,85.2042999268,0.06,178.083333333333
0.01,31.07,14.66,41.83,24.22,52.22,24.23,52.12,24.28,50.92,24.11,52.22,41.3730392456,1.9910428524,85.2042999268,0.06,179.333333333333
0.01,30.8,14.63,41.45,24.22,52.22,24.23,52.12,24.28,50.92,24.11,52.22,41.3730392456,1.9910428524,85.2042999268,0.06,180.583333333333
0.01,31.12,14.66,41.81,24.25,52.2,24.3,52.2,24.34,51.01,24.14,52.2,41.3730392456,1.9910423756,85.4843978882,0.0493,180.583333333333
0.01,31.22,14.64,41.81,24.25,52.2,24.3,52.2,24.34,51.01,24.14,52.2,41.3730392456,1.9910423756,85.4843978882,0.0493,181.833333333333
0.01,30.91,14.6,41.36,24.25,52.2,24.3,52.2,24.34,51.01,24.14,52.2,41.3730392456,1.9910423756,85.4843978882,0.0493,183.083333333333
0.01,31.22,14.7,41.79,24.25,52.2,24.3,52.2,24.34,51.01,24.14,52.2,41.3730392456,1.9910423756,85.4843978882,0.0493,184.333333333333
0.01,31.11,14.68,41.83,24.25,52.2,24.3,52.2,24.34,51.01,24.14,52.2,41.3730392456,1.9910423756,85.4843978882,0.0493,185.583333333333
0.01,31.22,14.66,41.81,24.25,52.2,24.3,52.2,24.34,51.01,24.14,52.2,41.3730392456,1.9910423756,85.4843978882,0.0493,186.833333333333
0.01,30.91,14.61,41.32,24.25,52.2,24.3,52.2,24.34,51.01,24.14,52.2,41.3730392456,1.9910423756,85.4843978882,0.0493,188.083333333333
0.01,30.99,14.69,41.96,24.25,52.2,24.3,52.2,24.34,51.01,24.14,52.2,41.3730392456,1.9910423756,85.4843978882,0.0493,189.333333333333
0.01,31.24,14.74,41.94,24.31,52.08,24.34,52.02,24.38,50.86,24.19,52.08,41.3730354309,1.9910453558,85.880897522,0.0468,189.333333333333
0.01,31.11,14.69,42.05,24.31,52.08,24.34,52.02,24.38,50.86,24.19,52.08,41.3730354309,1.9910453558,85.880897522,0.0468,190.444444444444
0.01,31.2,14.69,41.9,24.31,52.08,24.34,52.02,24.38,50.86,24.19,52.08,41.3730354309,1.9910453558,85.880897522,0.0468,191.555555555556
0.01,30.89,14.64,41.49,24.31,52.08,24.34,52.02,24.38,50.86,24.19,52.08,41.3730354309,1.9910453558,85.880897522,0.0468,192.666666666667
0.01,31.22,14.72,41.79,24.31,52.08,24.34,52.02,24.38,50.86,24.19,52.08,41.3730354309,1.9910453558,85.880897522,0.0468,193.777777777778
0.01,31.12,14.69,42.09,24.31,52.08,24.34,52.02,24.38,50.86,24.19,52.08,41.3730354309,1.9910453558,85.880897522,0.0468,194.888888888889
0.01,30.89,14.68,41.94,24.31,52.08,24.34,52.02,24.38,50.86,24.19,52.08,41.3730354309,1.9910453558,85.880897522,0.0468,196
0.01,31.08,14.73,41.88,24.31,52.08,24.34,52.02,24.38,50.86,24.19,52.08,41.3730354309,1.9910453558,85.880897522,0.0468,197.111111111111
0.01,31.11,14.71,41.95,24.31,52.08,24.34,52.02,24.38,50.86,24.19,52.08,41.3730354309,1.9910453558,85.880897522,0.0468,198.222222222222
0.01,31.18,14.72,41.91,24.34,51.98,24.34,51.91,24.44,50.71,24.23,51.98,41.3730354309,1.9910461903,86.3655014038,0.0437,198.222222222222
0.01,31.03,14.72,42.04,24.34,51.98,24.34,51.91,24.44,50.71,24.23,51.98,41.3730354309,1.9910461903,86.3655014038,0.0437,199.333333333333
0.01,30.99,14.67,41.62,24.34,51.98,24.34,51.91,24.44,50.71,24.23,51.98,41.3730354309,1.9910461903,86.3655014038,0.0437,200.444444444444
0.01,31.2,14.69,42.23,24.34,51.98,24.34,51.91,24.44,50.71,24.23,51.98,41.3730354309,1.9910461903,86.3655014038,0.0437,201.555555555556
0.01,31.2,14.72,41.93,24.34,51.98,24.34,51.91,24.44,50.71,24.23,51.98,41.3730354309,1.9910461903,86.3655014038,0.0437,202.666666666667
0.01,31.03,14.73,42.06,24.34,51.98,24.34,51.91,24.44,50.71,24.23,51.98,41.3730354309,1.9910461903,86.3655014038,0.0437,203.777777777778
0.01,30.92,14.65,41.68,24.34,51.98,24.34,51.91,24.44,50.71,24.23,51.98,41.3730354309,1.9910461903,86.3655014038,0.0437,204.888888888889
0.01,30.77,14.62,41.76,24.34,51.98,24.34,51.91,24.44,50.71,24.23,51.98,41.3730354309,1.9910461903,86.3655014038,0.0437,206
0.01,31.06,14.63,41.93,24.34,51.98,24.34,51.91,24.44,50.71,24.23,51.98,41.3730354309,1.9910461903,86.3655014038,0.0437,207.111111111111
0.01,30.87,14.63,41.67,24.39,51.96,24.42,52.05,24.48,50.89,24.27,51.96,41.3730316162,1.9910484552,86.8789978027,0.0452,207.111111111111
0.01,30.83,14.61,41.78,24.39,51.96,24.42,52.05,24.48,50.89,24.27,51.96,41.3730316162,1.9910484552,86.8789978027,0.0452,208.222222222222
0.01,31.12,14.71,41.92,24.39,51.96,24.42,52.05,24.48,50.89,24.27,51.96,41.3730316162,1.9910484552,86.8789978027,0.0452,209.333333333333
0.01,31.08,14.69,42.14,24.39,51.96,24.42,52.05,24.48,50.89,24.27,51.96,41.3730316162,1.9910484552,86.8789978027,0.0452,210.444444444444
0.01,30.74,14.63,41.7,24.39,51.96,24.42,52.05,24.48,50.89,24.27,51.96,41.3730316162,1.9910484552,86.8789978027,0.0452,211.555555555556
0.01,30.86,14.65,41.47,24.39,51.96,24.42,52.05,24.48,50.89,24.27,51.96,41.3730316162,1.9910484552,86.8789978027,0.0452,212.666666666667
0.01,31.2,14.7,42.1,24.39,51.96,24.42,52.05,24.48,50.89,24.27,51.96,41.3730316162,1.9910484552,86.8789978027,0.0452,213.777777777778
0.01,31.15,14.69,41.46,24.39,51.96,24.42,52.05,24.48,50.89,24.27,51.96,41.3730316162,1.9910484552,86.8789978027,0.0452,214.888888888889
0.01,30.85,14.63,41.99,24.39,51.96,24.42,52.05,24.48,50.89,24.27,51.96,41.3730316162,1.9910484552,86.8789978027,0.0452,216
0.01,31.06,14.68,41.73,24.5,51.89,24.5,51.93,24.55,50.74,24.36,51.89,41.3730316162,1.9910496473,87.4989013672,0.0377,216
0.01,31.11,14.65,41.57,24.5,51.89,24.5,51.93,24.55,50.74,24.36,51.89,41.3730316162,1.9910496473,87.4989013672,0.0377,218.5
0.01,30.8,14.68,41.92,24.5,51.89,24.5,51.93,24.55,50.74,24.36,51.89,41.3730316162,1.9910496473,87.4989013672,0.0377,221
0.01,30.72,14.67,41.7,24.5,51.89,24.5,51.93,24.55,50.74,24.36,51.89,41.3730316162,1.9910496473,87.4989013672,0.0377,223.5
0.01,30.81,14.68,41.75,24.5,51.89,24.5,51.93,24.55,50.74,24.36,51.89,41.3730316162,1.9910496473,87.4989013672,0.0377,226
0.01,31.08,14.73,42.2,24.5,51.89,24.5,51.93,24.55,50.74,24.36,51.89,41.3730316162,1.9910496473,87.4989013672,0.0377,228.5
0.01,30.91,14.74,42.25,24.5,51.89,24.5,51.93,24.55,50.74,24.36,51.89,41.3730316162,1.9910496473,87.4989013672,0.0377,231
0.01,30.92,14.66,41.85,24.5,51.89,24.5,51.93,24.55,50.74,24.36,51.89,41.3730316162,1.9910496473,87.4989013672,0.0377,233.5
0.01,30.75,14.65,42.4,24.52,51.85,24.55,51.95,24.59,50.81,24.42,51.85,41.3730278015,1.9910508394,87.6404037476,0.0362,233.5
0.01,30.86,14.73,42.24,24.52,51.85,24.55,51.95,24.59,50.81,24.42,51.85,41.3730278015,1.9910508394,87.6404037476,0.0362,234.5
0.01,31.12,14.71,41.73,24.52,51.85,24.55,51.95,24.59,50.81,24.42,51.85,41.3730278015,1.9910508394,87.6404037476,0.0362,235.5
0.01,31.01,14.7,41.81,24.52,51.85,24.55,51.95,24.59,50.81,24.42,51.85,41.3730278015,1.9910508394,87.6404037476,0.0362,236.5
0.01,31.07,14.67,41.77,24.52,51.85,24.55,51.95,24.59,50.81,24.42,51.85,41.3730278015,1.9910508394,87.6404037476,0.0362,237.5
0.01,30.85,14.73,42.28,24.52,51.85,24.55,51.95,24.59,50.81,24.42,51.85,41.3730278015,1.9910508394,87.6404037476,0.0362,238.5
0.01,30.82,14.77,42.47,24.52,51.85,24.55,51.95,24.59,50.81,24.42,51.85,41.3730278015,1.9910508394,87.6404037476,0.0362,239.5
0.01,30.83,14.68,41.81,24.52,51.85,24.55,51.95,24.59,50.81,24.42,51.85,41.3730278015,1.9910508394,87.6404037476,0.0362,240.5
0.01,31.05,14.76,42.28,24.55,51.78,24.55,51.9,24.62,50.82,24.45,51.78,41.3730278015,1.9910523891,87.7865982056,0.0331,240.5
0.01,31.02,14.74,42.3,24.55,51.78,24.55,51.9,24.62,50.82,24.45,51.78,41.3730278015,1.9910523891,87.7865982056,0.0331,241.75
0.01,30.68,14.68,42.05,24.55,51.78,24.55,51.9,24.62,50.82,24.45,51.78,41.3730278015,1.9910523891,87.7865982056,0.0331,243
0.01,30.76,14.65,41.95,24.55,51.78,24.55,51.9,24.62,50.82,24.45,51.78,41.3730278015,1.9910523891,87.7865982056,0.0331,244.25
0.01,30.95,14.74,42.22,24.55,51.78,24.55,51.9,24.62,50.82,24.45,51.78,41.3730278015,1.9910523891,87.7865982056,0.0331,245.5
0.01,31.12,14.75,42.14,24.55,51.78,24.55,51.9,24.62,50.82,24.45,51.78,41.3730278015,1.9910523891,87.7865982056,0.0331,246.75
0.01,31.21,14.75,42.03,24.55,51.78,24.55,51.9,24.62,50.82,24.45,51.78,41.3730278015,1.9910523891,87.7865982056,0.0331,248
0.01,31.04,14.75,42.54,24.55,51.78,24.55,51.9,24.62,50.82,24.45,51.78,41.3730278015,1.9910523891,87.7865982056,0.0331,249.25
0.01,30.67,14.67,42.03,24.59,51.64,24.64,51.69,24.67,50.59,24.44,51.64,41.3730278015,1.9910529852,87.8366012573,0.0308,249.25
0.01,30.97,14.75,42.53,24.59,51.64,24.64,51.69,24.67,50.59,24.44,51.64,41.3730278015,1.9910529852,87.8366012573,0.0308,243
0.01,30.96,14.66,42.02,24.59,51.64,24.64,51.69,24.67,50.59,24.44,51.64,41.3730278015,1.9910529852,87.8366012573,0.0308,236.75
0.01,30.66,14.65,42.14,24.59,51.64,24.64,51.69,24.67,50.59,24.44,51.64,41.3730278015,1.9910529852,87.8366012573,0.0308,230.5
0.01,31.09,14.74,41.85,24.59,51.64,24.64,51.69,24.67,50.59,24.44,51.64,41.3730278015,1.9910529852,87.8366012573,0.0308,224.25
0.01,31.09,14.74,42.37,24.59,51.64,24.64,51.69,24.67,50.59,24.44,51.64,41.3730278015,1.9910529852,87.8366012573,0.0308,218
0.01,30.99,14.71,42.56,24.59,51.64,24.64,51.69,24.67,50.59,24.44,51.64,41.3730278015,1.9910529852,87.8366012573,0.0308,211.75
0.01,31.06,14.67,41.88,24.59,51.64,24.64,51.69,24.67,50.59,24.44,51.64,41.3730278015,1.9910529852,87.8366012573,0.0308,205.5
0.01,30.86,14.71,42.41,24.67,51.63,24.64,51.69,24.72,50.63,24.52,51.63,41.3730278015,1.9910523891,87.7388000488,0.0288,205.5
0.01,31.09,14.72,42.24,24.67,51.63,24.64,51.69,24.72,50.63,24.52,51.63,41.3730278015,1.9910523891,87.7388000488,0.0288,213.277777777778
0.01,30.97,14.73,42.11,24.67,51.63,24.64,51.69,24.72,50.63,24.52,51.63,41.3730278015,1.9910523891,87.7388000488,0.0288,221.055555555556
0.01,31.15,14.73,42.06,24.67,51.63,24.64,51.69,24.72,50.63,24.52,51.63,41.3730278015,1.9910523891,87.7388000488,0.0288,228.833333333333
0.01,30.9,14.7,42.52,24.67,51.63,24.64,51.69,24.72,50.63,24.52,51.63,41.3730278015,1.9910523891,87.7388000488,0.0288,236.611111111111
0.01,31.08,14.73,42.28,24.67,51.63,24.64,51.69,24.72,50.63,24.52,51.63,41.3730278015,1.9910523891,87.7388000488,0.0288,244.388888888889
0.01,30.91,14.65,41.97,24.67,51.63,24.64,51.69,24.72,50.63,24.52,51.63,41.3730278015,1.9910523891,87.7388000488,0.0288,252.166666666667
0.01,30.91,14.72,42.4,24.67,51.63,24.64,51.69,24.72,50.63,24.52,51.63,41.3730278015,1.9910523891,87.7388000488,0.0288,259.944444444444
0.01,30.99,14.74,42.48,24.67,51.63,24.64,51.69,24.72,50.63,24.52,51.63,41.3730278015,1.9910523891,87.7388000488,0.0288,267.722222222222
0.01,30.72,14.71,42.51,24.67,51.6,24.7,51.75,24.75,50.63,24.53,51.6,41.3730278015,1.991053462,87.7695999146,0.0274,267.722222222222
0.01,30.94,14.75,42.43,24.67,51.6,24.7,51.75,24.75,50.63,24.53,51.6,41.3730278015,1.991053462,87.7695999146,0.0274,268.611111111111
0.01,31.06,14.67,42.53,24.67,51.6,24.7,51.75,24.75,50.63,24.53,51.6,41.3730278015,1.991053462,87.7695999146,0.0274,269.5
0.01,30.8,14.76,42.53,24.67,51.6,24.7,51.75,24.75,50.63,24.53,51.6,41.3730278015,1.991053462,87.7695999146,0.0274,270.388888888889
0.01,30.91,14.74,42.62,24.67,51.6,24.7,51.75,24.75,50.63,24.53,51.6,41.3730278015,1.991053462,87.7695999146,0.0274,271.277777777778
0.01,31.03,14.71,42.33,24.67,51.6,24.7,51.75,24.75,50.63,24.53,51.6,41.3730278015,1.991053462,87.7695999146,0.0274,272.166666666667
0.01,30.73,14.63,41.96,24.67,51.6,24.7,51.75,24.75,50.63,24.53,51.6,41.3730278015,1.991053462,87.7695999146,0.0274,273.055555555556
0.01,30.65,14.7,42.69,24.67,51.6,24.7,51.75,24.75,50.63,24.53,51.6,41.3730278015,1.991053462,87.7695999146,0.0274,273.944444444444
0.01,30.9,14.71,42.04,24.67,51.6,24.7,51.75,24.75,50.63,24.53,51.6,41.3730278015,1.991053462,87.7695999146,0.0274,274.833333333333
0.01,30.65,14.67,42.71,24.7,51.58,24.77,51.72,24.78,50.6,24.61,51.58,41.3730278015,1.9910542965,87.8287963867,0.0246,274.833333333333
0.01,31.01,14.74,42.4,24.7,51.58,24.77,51.72,24.78,50.6,24.61,51.58,41.3730278015,1.9910542965,87.8287963867,0.0246,275.944444444444
0.01,30.91,14.68,41.99,24.7,51.58,24.77,51.72,24.78,50.6,24.61,51.58,41.3730278015,1.9910542965,87.8287963867,0.0246,277.055555555556
0.01,30.74,14.66,42.37,24.7,51.58,24.77,51.72,24.78,50.6,24.61,51.58,41.3730278015,1.9910542965,87.8287963867,0.0246,278.166666666667
0.01,30.6,14.61,42.18,24.7,51.58,24.77,51.72,24.78,50.6,24.61,51.58,41.3730278015,1.9910542965,87.8287963867,0.0246,279.277777777778
0.01,30.77,14.66,41.98,24.7,51.58,24.77,51.72,24.78,50.6,24.61,51.58,41.3730278015,1.9910542965,87.8287963867,0.0246,280.388888888889
0.01,31.04,14.71,42.49,24.7,51.58,24.77,51.72,24.78,50.6,24.61,51.58,41.3730278015,1.9910542965,87.8287963867,0.0246,281.5
0.01,30.65,14.64,42.19,24.7,51.58,24.77,51.72,24.78,50.6,24.61,51.58,41.3730278015,1.9910542965,87.8287963867,0.0246,282.611111111111
0.01,30.77,14.61,42.16,24.7,51.58,24.77,51.72,24.78,50.6,24.61,51.58,41.3730278015,1.9910542965,87.8287963867,0.0246,283.722222222222
0.01,30.65,14.64,42.14,24.77,51.57,24.8,51.81,24.84,50.78,24.62,51.57,41.3730278015,1.9910535812,87.9185028076,0.0227,283.722222222222
0.01,30.66,14.64,42.02,24.77,51.57,24.8,51.81,24.84,50.78,24.62,51.57,41.3730278015,1.9910535812,87.9185028076,0.0227,284.972222222222
0.01,30.74,14.65,42.21,24.77,51.57,24.8,51.81,24.84,50.78,24.62,51.57,41.3730278015,1.9910535812,87.9185028076,0.0227,286.222222222222
0.01,30.67,14.63,42.2,24.77,51.57,24.8,51.81,24.84,50.78,24.62,51.57,41.3730278015,1.9910535812,87.9185028076,0.0227,287.472222222222
0.01,31.03,14.72,42.65,24.77,51.57,24.8,51.81,24.84,50.78,24.62,51.57,41.3730278015,1.9910535812,87.9185028076,0.0227,288.722222222222
0.01,30.93,14.73,42.56,24.77,51.57,24.8,51.81,24.84,50.78,24.62,51.57,41.3730278015,1.9910535812,87.9185028076,0.0227,289.972222222222
0.01,30.98,14.73,42.73,24.77,51.57,24.8,51.81,24.84,50.78,24.62,51.57,41.3730278015,1.9910535812,87.9185028076,0.0227,291.222222222222
0.01,30.81,14.64,42.25,24.77,51.57,24.8,51.81,24.84,50.78,24.62,51.57,41.3730278015,1.9910535812,87.9185028076,0.0227,292.472222222222
0.01,30.62,14.66,42.44,24.83,51.45,24.84,51.58,24.89,50.55,24.72,51.45,41.3730278015,1.9910531044,88.0553970337,0.022,292.472222222222
0.01,30.99,14.76,42.74,24.83,51.45,24.84,51.58,24.89,50.55,24.72,51.45,41.3730278015,1.9910531044,88.0553970337,0.022,294.222222222222
0.01,30.68,14.67,42.4,24.83,51.45,24.84,51.58,24.89,50.55,24.72,51.45,41.3730278015,1.9910531044,88.0553970337,0.022,295.972222222222
0.01,30.59,14.65,42.26,24.83,51.45,24.84,51.58,24.89,50.55,24.72,51.45,41.3730278015,1.9910531044,88.0553970337,0.022,297.722222222222
0.01,30.93,14.74,42.71,24.83,51.45,24.84,51.58,24.89,50.55,24.72,51.45,41.3730278015,1.9910531044,88.0553970337,0.022,299.472222222222
0.01,31.01,14.74,42.59,24.83,51.45,24.84,51.58,24.89,50.55,24.72,51.45,41.3730278015,1.9910531044,88.0553970337,0.022,301.222222222222
0.01,30.64,14.7,42.08,24.83,51.45,24.84,51.58,24.89,50.55,24.72,51.45,41.3730278015,1.9910531044,88.0553970337,0.022,302.972222222222
0.01,30.65,14.66,42.68,24.83,51.45,24.84,51.58,24.89,50.55,24.72,51.45,41.3730278015,1.9910531044,88.0553970337,0.022,304.722222222222
0.01,30.89,14.73,42.62,24.88,51.37,24.91,51.51,24.97,50.39,24.73,51.37,41.3730354309,1.9910603762,87.1163024902,0.0141,304.722222222222
0.01,30.78,14.68,42.24,24.88,51.37,24.91,51.51,24.97,50.39,24.73,51.37,41.3730354309,1.9910603762,87.1163024902,0.0141,305.972222222222
0.01,30.67,14.66,42.41,24.88,51.37,24.91,51.51,24.97,50.39,24.73,51.37,41.3730354309,1.9910603762,87.1163024902,0.0141,307.222222222222
0.01,30.6,14.67,42.12,24.88,51.37,24.91,51.51,24.97,50.39,24.73,51.37,41.3730354309,1.9910603762,87.1163024902,0.0141,308.472222222222
0.01,30.54,14.69,42.27,24.88,51.37,24.91,51.51,24.97,50.39,24.73,51.37,41.3730354309,1.9910603762,87.1163024902,0.0141,309.722222222222
0.01,30.88,14.63,42.18,24.88,51.37,24.91,51.51,24.97,50.39,24.73,51.37,41.3730354309,1.9910603762,87.1163024902,0.0141,310.972222222222
0.01,30.64,14.66,42.71,24.88,51.37,24.91,51.51,24.97,50.39,24.73,51.37,41.3730354309,1.9910603762,87.1163024902,0.0141,312.222222222222
0.01,30.93,14.71,42.36,24.88,51.37,24.91,51.51,24.97,50.39,24.73,51.37,41.3730354309,1.9910603762,87.1163024902,0.0141,313.472222222222
0.01,30.67,14.68,42.2,24.91,51.23,24.92,51.25,25,50.16,24.77,51.23,41.3730354309,1.991060257,87.1155014038,0.0141,313.472222222222
0.01,30.6,14.65,42.41,24.91,51.23,24.92,51.25,25,50.16,24.77,51.23,41.3730354309,1.991060257,87.1155014038,0.0141,314.222222222222
0.01,30.75,14.74,42.83,24.91,51.23,24.92,51.25,25,50.16,24.77,51.23,41.3730354309,1.991060257,87.1155014038,0.0141,314.972222222222
0.01,30.75,14.74,42.89,24.91,51.23,24.92,51.25,25,50.16,24.77,51.23,41.3730354309,1.991060257,87.1155014038,0.0141,315.722222222222
0.01,30.81,14.65,42.36,24.91,51.23,24.92,51.25,25,50.16,24.77,51.23,41.3730354309,1.991060257,87.1155014038,0.0141,316.472222222222
0.01,30.65,14.64,42.24,24.91,51.23,24.92,51.25,25,50.16,24.77,51.23,41.3730354309,1.991060257,87.1155014038,0.0141,317.222222222222
0.01,30.68,14.75,42.29,24.91,51.23,24.92,51.25,25,50.16,24.77,51.23,41.3730354309,1.991060257,87.1155014038,0.0141,317.972222222222
0.01,30.72,14.66,42.38,24.91,51.23,24.92,51.25,25,50.16,24.77,51.23,41.3730354309,1.991060257,87.1155014038,0.0141,318.722222222222
0.01,30.99,14.72,42.28,24.94,51.19,24.97,51.26,25,50.16,24.81,51.19,41.3730354309,1.9910601377,87.1278991699,0.0141,318.722222222222
0.01,30.91,14.73,42.36,24.94,51.19,24.97,51.26,25,50.16,24.81,51.19,41.3730354309,1.9910601377,87.1278991699,0.0141,319.833333333333
0.01,30.85,14.65,42.26,24.94,51.19,24.97,51.26,25,50.16,24.81,51.19,41.3730354309,1.9910601377,87.1278991699,0.0141,320.944444444444
0.01,30.88,14.71,42.8,24.94,51.19,24.97,51.26,25,50.16,24.81,51.19,41.3730354309,1.9910601377,87.1278991699,0.0141,322.055555555556
0.01,30.58,14.67,42.5,24.94,51.19,24.97,51.26,25,50.16,24.81,51.19,41.3730354309,1.9910601377,87.1278991699,0.0141,323.166666666667
0.01,30.71,14.67,42.25,24.94,51.19,24.97,51.26,25,50.16,24.81,51.19,41.3730354309,1.9910601377,87.1278991699,0.0141,324.277777777778
0.01,30.75,14.68,42.46,24.94,51.19,24.97,51.26,25,50.16,24.81,51.19,41.3730354309,1.9910601377,87.1278991699,0.0141,325.388888888889
0.01,30.99,14.76,42.86,24.94,51.19,24.97,51.26,25,50.16,24.81,51.19,41.3730354309,1.9910601377,87.1278991699,0.0141,326.5
0.01,30.74,14.7,42.49,24.94,51.19,24.97,51.26,25,50.16,24.81,51.19,41.3730354309,1.9910601377,87.1278991699,0.0141,327.611111111111
0.01,30.91,14.79,42.92,0,51.12,25,51.1,25.06,49.95,24.88,51.12,41.3730354309,1.9910601377,87.1061019897,0.0141,327.611111111111
0.01,30.9,14.76,42.9,0,51.12,25,51.1,25.06,49.95,24.88,51.12,41.3730354309,1.9910601377,87.1061019897,0.0141,330.111111111111
0.01,30.65,14.69,42.58,0,51.12,25,51.1,25.06,49.95,24.88,51.12,41.3730354309,1.9910601377,87.1061019897,0.0141,332.611111111111
0.01,30.63,14.7,42.92,0,51.12,25,51.1,25.06,49.95,24.88,51.12,41.3730354309,1.9910601377,87.1061019897,0.0141,335.111111111111
0.01,30.81,14.72,42.42,25.03,51.08,25.03,51.1,25.09,50.03,24.89,51.08,41.3730354309,1.9910600185,87.1009979248,0.0141,335.111111111111
0.01,30.64,14.72,42.76,25.03,51.08,25.03,51.1,25.09,50.03,24.89,51.08,41.3730354309,1.9910600185,87.1009979248,0.0141,336
0.01,30.86,14.81,43.11,25.03,51.08,25.03,51.1,25.09,50.03,24.89,51.08,41.3730354309,1.9910600185,87.1009979248,0.0141,336.888888888889
0.01,30.6,14.72,42.55,25.03,51.08,25.03,51.1,25.09,50.03,24.89,51.08,41.3730354309,1.9910600185,87.1009979248,0.0141,337.777777777778
0.01,30.91,14.78,42.91,25.03,51.08,25.03,51.1,25.09,50.03,24.89,51.08,41.3730354309,1.9910600185,87.1009979248,0.0141,338.666666666667
0.01,30.99,14.76,42.88,25.03,51.08,25.03,51.1,25.09,50.03,24.89,51.08,41.3730354309,1.9910600185,87.1009979248,0.0141,339.555555555556
0.01,30.99,14.77,43.06,25.03,51.08,25.03,51.1,25.09,50.03,24.89,51.08,41.3730354309,1.9910600185,87.1009979248,0.0141,340.444444444444
0.01,31,14.79,42.72,25.03,51.08,25.03,51.1,25.09,50.03,24.89,51.08,41.3730354309,1.9910600185,87.1009979248,0.0141,341.333333333333
0.01,30.91,14.75,42.49,25.03,51.08,25.03,51.1,25.09,50.03,24.89,51.08,41.3730354309,1.9910600185,87.1009979248,0.0141,342.222222222222
0.01,30.91,14.8,42.86,25.05,51,25.09,51.03,25.14,49.95,24.94,51,41.3730354309,1.9910601377,87.1090011597,0.0141,342.222222222222
0.01,30.87,14.78,42.85,25.05,51,25.09,51.03,25.14,49.95,24.94,51,41.3730354309,1.9910601377,87.1090011597,0.0141,343.111111111111
0.01,30.97,14.77,42.33,25.05,51,25.09,51.03,25.14,49.95,24.94,51,41.3730354309,1.9910601377,87.1090011597,0.0141,344
0.01,30.72,14.74,43.13,25.05,51,25.09,51.03,25.14,49.95,24.94,51,41.3730354309,1.9910601377,87.1090011597,0.0141,344.888888888889
0.01,30.67,14.79,43.19,25.05,51,25.09,51.03,25.14,49.95,24.94,51,41.3730354309,1.9910601377,87.1090011597,0.0141,345.777777777778
0.01,30.68,14.8,43.02,25.05,51,25.09,51.03,25.14,49.95,24.94,51,41.3730354309,1.9910601377,87.1090011597,0.0141,346.666666666667
0.01,30.85,14.73,42.47,25.05,51,25.09,51.03,25.14,49.95,24.94,51,41.3730354309,1.9910601377,87.1090011597,0.0141,347.555555555556
0.01,30.72,14.82,42.67,25.05,51,25.09,51.03,25.14,49.95,24.94,51,41.3730354309,1.9910601377,87.1090011597,0.0141,348.444444444444
0.01,30.74,14.73,42.56,25.05,51,25.09,51.03,25.14,49.95,24.94,51,41.3730354309,1.9910601377,87.1090011597,0.0141,349.333333333333
0.01,30.89,14.8,42.87,25.08,51.01,25.14,51.04,25.17,50.01,24.97,51.01,41.3730354309,1.9910600185,87.1253967285,0.0141,349.333333333333
0.01,30.8,14.74,42.53,25.08,51.01,25.14,51.04,25.17,50.01,24.97,51.01,41.3730354309,1.9910600185,87.1253967285,0.0141,350.583333333333
0.01,30.66,14.78,42.67,25.08,51.01,25.14,51.04,25.17,50.01,24.97,51.01,41.3730354309,1.9910600185,87.1253967285,0.0141,351.833333333333
0.01,30.7,14.73,42.48,25.08,51.01,25.14,51.04,25.17,50.01,24.97,51.01,41.3730354309,1.9910600185,87.1253967285,0.0141,353.083333333333
0.01,30.8,14.78,42.68,25.08,51.01,25.14,51.04,25.17,50.01,24.97,51.01,41.3730354309,1.9910600185,87.1253967285,0.0141,354.333333333333
0.01,30.97,14.85,43.16,25.08,51.01,25.14,51.04,25.17,50.01,24.97,51.01,41.3730354309,1.9910600185,87.1253967285,0.0141,355.583333333333
0.01,30.82,14.82,43.12,25.08,51.01,25.14,51.04,25.17,50.01,24.97,51.01,41.3730354309,1.9910600185,87.1253967285,0.0141,356.833333333333
0.01,30.62,14.77,42.83,25.08,51.01,25.14,51.04,25.17,50.01,24.97,51.01,41.3730354309,1.9910600185,87.1253967285,0.0141,358.083333333333
0.01,30.7,14.84,43.23,25.14,50.96,25.14,51.04,25.22,49.94,24.98,50.96,41.3730354309,1.9910600185,87.1216964722,0.0141,358.083333333333
0.01,31.03,14.83,43.08,25.14,50.96,25.14,51.04,25.22,49.94,24.98,50.96,41.3730354309,1.9910600185,87.1216964722,0.0141,359.083333333333
0.01,30.79,14.74,42.55,25.14,50.96,25.14,51.04,25.22,49.94,24.98,50.96,41.3730354309,1.9910600185,87.1216964722,0.0141,360.083333333333
0.01,30.68,14.84,42.99,25.14,50.96,25.14,51.04,25.22,49.94,24.98,50.96,41.3730354309,1.9910600185,87.1216964722,0.0141,361.083333333333
0.01,30.67,14.76,42.54,25.14,50.96,25.14,51.04,25.22,49.94,24.98,50.96,41.3730354309,1.9910600185,87.1216964722,0.0141,362.083333333333
0.01,30.77,14.78,42.71,25.14,50.96,25.14,51.04,25.22,49.94,24.98,50.96,41.3730354309,1.9910600185,87.1216964722,0.0141,363.083333333333
0.01,30.95,14.89,43.24,25.14,50.96,25.14,51.04,25.22,49.94,24.98,50.96,41.3730354309,1.9910600185,87.1216964722,0.0141,364.083333333333
0.01,30.88,14.85,43.21,25.14,50.96,25.14,51.04,25.22,49.94,24.98,50.96,41.3730354309,1.9910600185,87.1216964722,0.0141,365.083333333333
0.01,30.74,14.87,43.21,25.14,50.96,25.14,51.04,25.22,49.94,24.98,50.96,41.3730354309,1.9910600185,87.096496582,0.0141,365.083333333333
0.01,30.75,14.85,43.26,25.14,50.96,25.14,51.04,25.22,49.94,24.98,50.96,41.3730354309,1.9910600185,87.096496582,0.0141,366.511904761905
0.01,31.01,14.83,43.08,25.14,50.96,25.14,51.04,25.22,49.94,24.98,50.96,41.3730354309,1.9910600185,87.096496582,0.0141,367.940476190476
0.01,30.94,14.82,43.23,25.14,50.96,25.14,51.04,25.22,49.94,24.98,50.96,41.3730354309,1.9910600185,87.096496582,0.0141,369.369047619048
0.01,31.01,14.84,42.88,25.14,50.96,25.14,51.04,25.22,49.94,24.98,50.96,41.3730354309,1.9910600185,87.096496582,0.0141,370.797619047619
0.01,30.91,14.84,43.3,25.14,50.96,25.14,51.04,25.22,49.94,24.98,50.96,41.3730354309,1.9910600185,87.096496582,0.0141,372.22619047619
0.01,30.98,14.84,43.02,25.14,50.96,25.14,51.04,25.22,49.94,24.98,50.96,41.3730354309,1.9910600185,87.096496582,0.0141,373.654761904762
0.01,30.96,14.82,43.24,25.2,50.91,25.25,51.01,25.31,50,25.05,50.91,41.3730354309,1.9910598993,87.1120986938,0.0141,373.654761904762
0.01,30.87,14.82,43.26,25.2,50.91,25.25,51.01,25.31,50,25.05,50.91,41.3730354309,1.9910598993,87.1120986938,0.0141,374.404761904762
0.01,30.94,14.84,43.25,25.2,50.91,25.25,51.01,25.31,50,25.05,50.91,41.3730354309,1.9910598993,87.1120986938,0.0141,375.154761904762
0.01,30.91,14.86,43.32,25.2,50.91,25.25,51.01,25.31,50,25.05,50.91,41.3730354309,1.9910598993,87.1120986938,0.0141,375.904761904762
0.01,30.87,14.82,43.03,25.2,50.91,25.25,51.01,25.31,50,25.05,50.91,41.3730354309,1.9910598993,87.1120986938,0.0141,376.654761904762
0.01,30.53,14.76,42.86,25.2,50.91,25.25,51.01,25.31,50,25.05,50.91,41.3730354309,1.9910598993,87.1120986938,0.0141,377.404761904762
0.01,30.7,14.77,42.74,25.2,50.91,25.25,51.01,25.31,50,25.05,50.91,41.3730354309,1.9910598993,87.1120986938,0.0141,378.154761904762
0.01,30.82,14.84,43,25.2,50.91,25.25,51.01,25.31,50,25.05,50.91,41.3730354309,1.9910598993,87.1120986938,0.0141,378.904761904762
0.01,30.57,14.75,42.83,25.22,50.77,25.25,50.83,25.34,49.7,25.09,50.77,41.3730354309,1.9910598993,87.1200027466,0.0141,378.904761904762
0.01,30.72,14.77,42.73,25.22,50.77,25.25,50.83,25.34,49.7,25.09,50.77,41.3730354309,1.9910598993,87.1200027466,0.0141,380.015873015873
0.01,30.92,14.85,43.21,25.22,50.77,25.25,50.83,25.34,49.7,25.09,50.77,41.3730354309,1.9910598993,87.1200027466,0.0141,381.126984126984
0.01,30.82,14.83,43.07,25.22,50.77,25.25,50.83,25.34,49.7,25.09,50.77,41.3730354309,1.9910598993,87.1200027466,0.0141,382.238095238095
0.01,30.51,14.74,42.82,25.22,50.77,25.25,50.83,25.34,49.7,25.09,50.77,41.3730354309,1.9910598993,87.1200027466,0.0141,383.349206349206
0.01,30.58,14.77,42.9,25.22,50.77,25.25,50.83,25.34,49.7,25.09,50.77,41.3730354309,1.9910598993,87.1200027466,0.0141,384.460317460317
0.01,30.52,14.78,42.78,25.22,50.77,25.25,50.83,25.34,49.7,25.09,50.77,41.3730354309,1.9910598993,87.1200027466,0.0141,385.571428571429
0.01,30.62,14.83,43.43,25.22,50.77,25.25,50.83,25.34,49.7,25.09,50.77,41.3730354309,1.9910598993,87.1200027466,0.0141,386.68253968254
0.01,30.91,14.84,42.79,25.22,50.77,25.25,50.83,25.34,49.7,25.09,50.77,41.3730354309,1.9910598993,87.1200027466,0.0141,387.793650793651
0.01,30.67,14.83,43.37,25.27,50.85,25.3,50.93,25.36,49.89,25.16,50.85,41.3730354309,1.9910600185,87.1268005371,0.0141,387.793650793651
0.01,30.57,14.84,43.42,25.27,50.85,25.3,50.93,25.36,49.89,25.16,50.85,41.3730354309,1.9910600185,87.1268005371,0.0141,388.904761904762
0.01,30.81,14.84,42.87,25.27,50.85,25.3,50.93,25.36,49.89,25.16,50.85,41.3730354309,1.9910600185,87.1268005371,0.0141,390.015873015873
0.01,30.88,14.89,43.51,25.27,50.85,25.3,50.93,25.36,49.89,25.16,50.85,41.3730354309,1.9910600185,87.1268005371,0.0141,391.126984126984
0.01,30.71,14.85,43.19,25.27,50.85,25.3,50.93,25.36,49.89,25.16,50.85,41.3730354309,1.9910600185,87.1268005371,0.0141,392.238095238095
0.01,30.87,14.88,42.97,25.27,50.85,25.3,50.93,25.36,49.89,25.16,50.85,41.3730354309,1.9910600185,87.1268005371,0.0141,393.349206349206
0.01,30.63,14.8,42.85,25.27,50.85,25.3,50.93,25.36,49.89,25.16,50.85,41.3730354309,1.9910600185,87.1268005371,0.0141,394.460317460317
0.01,30.88,14.85,43.08,25.27,50.85,25.3,50.93,25.36,49.89,25.16,50.85,41.3730354309,1.9910600185,87.1268005371,0.0141,395.571428571429
0.01,30.5,14.77,42.85,25.27,50.85,25.3,50.93,25.36,49.89,25.16,50.85,41.3730354309,1.9910600185,87.1268005371,0.0141,396.68253968254
0.01,30.85,14.85,43.24,25.34,50.69,25.33,50.76,25.42,49.7,25.17,50.69,41.3730354309,1.9910601377,87.1059036255,0.0141,396.68253968254
0.01,30.9,14.89,43.18,25.34,50.69,25.33,50.76,25.42,49.7,25.17,50.69,41.3730354309,1.9910601377,87.1059036255,0.0141,397.793650793651
0.01,30.61,14.81,42.82,25.34,50.69,25.33,50.76,25.42,49.7,25.17,50.69,41.3730354309,1.9910601377,87.1059036255,0.0141,398.904761904762
0.01,30.88,14.83,42.8,25.34,50.69,25.33,50.76,25.42,49.7,25.17,50.69,41.3730354309,1.9910601377,87.1059036255,0.0141,400.015873015873
0.01,30.57,14.77,43.25,25.34,50.69,25.33,50.76,25.42,49.7,25.17,50.69,41.3730354309,1.9910601377,87.1059036255,0.0141,401.126984126984
0.01,30.65,14.81,43.54,25.34,50.69,25.33,50.76,25.42,49.7,25.17,50.69,41.3730354309,1.9910601377,87.1059036255,0.0141,402.238095238095
0.01,30.92,14.88,42.95,25.34,50.69,25.33,50.76,25.42,49.7,25.17,50.69,41.3730354309,1.9910601377,87.1059036255,0.0141,403.349206349206
0.01,30.58,14.84,42.75,25.34,50.69,25.33,50.76,25.42,49.7,25.17,50.69,41.3730354309,1.9910601377,87.1059036255,0.0141,404.460317460318
0.01,30.91,14.87,43.4,25.34,50.69,25.33,50.76,25.42,49.7,25.17,50.69,41.3730354309,1.9910601377,87.1059036255,0.0141,405.571428571429
0.01,30.64,14.79,42.77,25.34,50.56,25.36,50.54,25.42,49.41,25.2,50.56,41.3730354309,1.9910601377,87.1392974854,0.0141,405.571428571429
0.01,30.59,14.83,42.97,25.34,50.56,25.36,50.54,25.42,49.41,25.2,50.56,41.3730354309,1.9910601377,87.1392974854,0.0141,406.821428571429
0.01,30.85,14.87,43.58,25.34,50.56,25.36,50.54,25.42,49.41,25.2,50.56,41.3730354309,1.9910601377,87.1392974854,0.0141,408.071428571429
0.01,30.72,14.8,43.04,25.34,50.56,25.36,50.54,25.42,49.41,25.2,50.56,41.3730354309,1.9910601377,87.1392974854,0.0141,409.321428571429
0.01,30.56,14.88,43.54,25.34,50.56,25.36,50.54,25.42,49.41,25.2,50.56,41.3730354309,1.9910601377,87.1392974854,0.0141,410.571428571429
0.01,30.78,14.87,43.32,25.34,50.56,25.36,50.54,25.42,49.41,25.2,50.56,41.3730354309,1.9910601377,87.1392974854,0.0141,411.821428571429
0.01,30.89,14.88,43.54,25.34,50.56,25.36,50.54,25.42,49.41,25.2,50.56,41.3730354309,1.9910601377,87.1392974854,0.0141,413.071428571429
0.01,30.67,14.84,43.04,25.34,50.56,25.36,50.54,25.42,49.41,25.2,50.56,41.3730354309,1.9910601377,87.1392974854,0.0141,414.321428571429
0.01,30.89,14.88,43.38,25.36,50.46,25.39,50.32,25.47,49.16,25.22,50.46,41.3730354309,1.9910600185,87.1178970337,0.0141,414.321428571429
0.01,30.86,14.85,43.39,25.36,50.46,25.39,50.32,25.47,49.16,25.22,50.46,41.3730354309,1.9910600185,87.1178970337,0.0141,415.571428571429
0.01,30.57,14.81,43.11,25.36,50.46,25.39,50.32,25.47,49.16,25.22,50.46,41.3730354309,1.9910600185,87.1178970337,0.0141,416.821428571429
0.01,30.61,14.83,43.13,25.36,50.46,25.39,50.32,25.47,49.16,25.22,50.46,41.3730354309,1.9910600185,87.1178970337,0.0141,418.071428571429
0.01,30.57,14.82,42.87,25.36,50.46,25.39,50.32,25.47,49.16,25.22,50.46,41.3730354309,1.9910600185,87.1178970337,0.0141,419.321428571429
0.01,30.93,14.88,43.59,25.36,50.46,25.39,50.32,25.47,49.16,25.22,50.46,41.3730354309,1.9910600185,87.1178970337,0.0141,420.571428571429
0.01,30.93,14.87,43.42,25.36,50.46,25.39,50.32,25.47,49.16,25.22,50.46,41.3730354309,1.9910600185,87.1178970337,0.0141,421.821428571429
0.01,30.62,14.8,43.21,25.36,50.46,25.39,50.32,25.47,49.16,25.22,50.46,41.3730354309,1.9910600185,87.1178970337,0.0141,423.071428571429
0.01,30.59,14.84,43.1,25.39,50.52,25.44,50.57,25.52,49.52,25.25,50.52,41.3730354309,1.9910600185,87.0911026001,0.0141,423.071428571429
0.01,30.69,14.82,42.87,25.39,50.52,25.44,50.57,25.52,49.52,25.25,50.52,41.3730354309,1.9910600185,87.0911026001,0.0141,424.321428571429
0.01,30.68,14.83,43.06,25.39,50.52,25.44,50.57,25.52,49.52,25.25,50.52,41.3730354309,1.9910600185,87.0911026001,0.0141,425.571428571429
0.01,30.63,14.82,43.09,25.39,50.52,25.44,50.57,25.52,49.52,25.25,50.52,41.3730354309,1.9910600185,87.0911026001,0.0141,426.821428571429
0.01,30.98,14.9,43.79,25.39,50.52,25.44,50.57,25.52,49.52,25.25,50.52,41.3730354309,1.9910600185,87.0911026001,0.0141,428.071428571429
0.01,31.01,14.85,43.46,25.39,50.52,25.44,50.57,25.52,49.52,25.25,50.52,41.3730354309,1.9910600185,87.0911026001,0.0141,429.321428571429
0.01,30.98,14.86,42.95,25.39,50.52,25.44,50.57,25.52,49.52,25.25,50.52,41.3730354309,1.9910600185,87.0911026001,0.0141,430.571428571429
0.01,30.7,14.82,43.48,25.39,50.52,25.44,50.57,25.52,49.52,25.25,50.52,41.3730354309,1.9910600185,87.0911026001,0.0141,431.821428571429
0.01,30.83,14.91,43.39,25.44,50.66,25.45,50.87,25.55,49.89,25.3,50.66,41.3730354309,1.9910600185,87.0939025879,0.0141,431.821428571429
0.01,30.8,14.92,43.45,25.44,50.66,25.45,50.87,25.55,49.89,25.3,50.66,41.3730354309,1.9910600185,87.0939025879,0.0141,432.821428571429
0.01,30.61,14.85,43.24,25.44,50.66,25.45,50.87,25.55,49.89,25.3,50.66,41.3730354309,1.9910600185,87.0939025879,0.0141,433.821428571429
0.01,30.85,14.93,43.62,25.44,50.66,25.45,50.87,25.55,49.89,25.3,50.66,41.3730354309,1.9910600185,87.0939025879,0.0141,434.821428571429
0.01,30.88,14.95,43.31,25.44,50.66,25.45,50.87,25.55,49.89,25.3,50.66,41.3730354309,1.9910600185,87.0939025879,0.0141,435.821428571429
0.01,30.77,14.92,43.7,25.44,50.66,25.45,50.87,25.55,49.89,25.3,50.66,41.3730354309,1.9910600185,87.0939025879,0.0141,436.821428571429
0.01,30.86,14.94,43.43,25.44,50.66,25.45,50.87,25.55,49.89,25.3,50.66,41.3730354309,1.9910600185,87.0939025879,0.0141,437.821428571429
0.01,30.76,14.93,43.71,25.44,50.66,25.45,50.87,25.55,49.89,25.3,50.66,41.3730354309,1.9910600185,87.0939025879,0.0141,438.821428571429
0.01,30.66,14.99,43.28,25.47,50.5,25.52,50.56,25.58,49.53,25.34,50.5,41.3730354309,1.9910598993,87.0795974731,0.0141,438.821428571429
0.01,30.7,14.94,43.7,25.47,50.5,25.52,50.56,25.58,49.53,25.34,50.5,41.3730354309,1.9910598993,87.0795974731,0.0141,439.821428571429
0.01,30.83,14.93,43.33,25.47,50.5,25.52,50.56,25.58,49.53,25.34,50.5,41.3730354309,1.9910598993,87.0795974731,0.0141,440.821428571429
0.01,30.83,14.95,42.99,25.47,50.5,25.52,50.56,25.58,49.53,25.34,50.5,41.3730354309,1.9910598993,87.0795974731,0.0141,441.821428571429
0.01,30.89,14.93,43.57,25.47,50.5,25.52,50.56,25.58,49.53,25.34,50.5,41.3730354309,1.9910598993,87.0795974731,0.0141,442.821428571429
0.01,30.8,14.93,43.75,25.47,50.5,25.52,50.56,25.58,49.53,25.34,50.5,41.3730354309,1.9910598993,87.0795974731,0.0141,443.821428571429
0.01,30.56,14.87,43.34,25.47,50.5,25.52,50.56,25.58,49.53,25.34,50.5,41.3730354309,1.9910598993,87.0795974731,0.0141,444.821428571429
0.01,30.49,14.86,43.15,25.47,50.5,25.52,50.56,25.58,49.53,25.34,50.5,41.3730354309,1.9910598993,87.0795974731,0.0141,445.821428571429
0.01,30.78,14.92,43.55,25.48,50.34,25.53,50.22,25.59,49.16,25.38,50.34,41.3730354309,1.9910598993,87.0966033936,0.0141,445.821428571429
0.01,30.55,14.89,43.55,25.48,50.34,25.53,50.22,25.59,49.16,25.38,50.34,41.3730354309,1.9910598993,87.0966033936,0.0141,446.93253968254
0.01,30.54,14.85,42.97,25.48,50.34,25.53,50.22,25.59,49.16,25.38,50.34,41.3730354309,1.9910598993,87.0966033936,0.0141,448.043650793651
0.01,30.86,14.95,43.47,25.48,50.34,25.53,50.22,25.59,49.16,25.38,50.34,41.3730354309,1.9910598993,87.0966033936,0.0141,449.154761904762
0.01,30.76,14.91,43.43,25.48,50.34,25.53,50.22,25.59,49.16,25.38,50.34,41.3730354309,1.9910598993,87.0966033936,0.0141,450.265873015873
0.01,30.43,14.86,43.19,25.48,50.34,25.53,50.22,25.59,49.16,25.38,50.34,41.3730354309,1.9910598993,87.0966033936,0.0141,451.376984126984
0.01,30.51,14.83,43.02,25.48,50.34,25.53,50.22,25.59,49.16,25.38,50.34,41.3730354309,1.9910598993,87.0966033936,0.0141,452.488095238095
0.01,30.72,14.92,43.53,25.48,50.34,25.53,50.22,25.59,49.16,25.38,50.34,41.3730354309,1.9910598993,87.0966033936,0.0141,453.599206349206
0.01,30.5,14.85,43.03,25.48,50.34,25.53,50.22,25.59,49.16,25.38,50.34,41.3730354309,1.9910598993,87.0966033936,0.0141,454.710317460318
0.01,30.83,14.88,43.61,25.58,50.29,25.59,50.2,25.69,49.15,25.44,50.29,41.3730354309,1.9910598993,87.1031036377,0.0141,454.710317460318
0.01,30.78,14.83,43.46,25.58,50.29,25.59,50.2,25.69,49.15,25.44,50.29,41.3730354309,1.9910598993,87.1031036377,0.0141,456.960317460318
0.01,30.6,14.77,42.92,25.58,50.29,25.59,50.2,25.69,49.15,25.44,50.29,41.3730354309,1.9910598993,87.1031036377,0.0141,459.210317460318
0.01,30.54,14.8,43.26,25.58,50.29,25.59,50.2,25.69,49.15,25.44,50.29,41.3730354309,1.9910598993,87.1031036377,0.0141,461.460317460318
0.01,30.46,14.78,43.03,25.58,50.29,25.59,50.2,25.69,49.15,25.44,50.29,41.3730354309,1.9910598993,87.1031036377,0.0141,463.710317460318
0.01,30.8,14.85,43.42,25.58,50.29,25.59,50.2,25.69,49.15,25.44,50.29,41.3730354309,1.9910598993,87.1031036377,0.0141,465.960317460318
0.01,30.67,14.76,42.98,25.58,50.29,25.59,50.2,25.69,49.15,25.44,50.29,41.3730354309,1.9910598993,87.1031036377,0.0141,468.210317460318
0.01,30.57,14.81,43.12,25.58,50.29,25.59,50.2,25.69,49.15,25.44,50.29,41.3730354309,1.9910598993,87.1031036377,0.0141,470.460317460318
0.01,30.93,14.85,43.72,25.61,50.19,25.64,50.14,25.69,49.06,25.48,50.19,41.3730354309,1.9910597801,87.1324005127,0.0141,470.460317460318
0.01,30.77,14.82,43.16,25.61,50.19,25.64,50.14,25.69,49.06,25.48,50.19,41.3730354309,1.9910597801,87.1324005127,0.0141,471.710317460318
0.01,30.69,14.74,43.01,25.61,50.19,25.64,50.14,25.69,49.06,25.48,50.19,41.3730354309,1.9910597801,87.1324005127,0.0141,472.960317460318
0.01,30.77,14.81,43.26,25.61,50.19,25.64,50.14,25.69,49.06,25.48,50.19,41.3730354309,1.9910597801,87.1324005127,0.0141,474.210317460318
0.01,30.56,14.77,42.96,25.61,50.19,25.64,50.14,25.69,49.06,25.48,50.19,41.3730354309,1.9910597801,87.1324005127,0.0141,475.460317460318
0.01,30.56,14.79,43.3,25.61,50.19,25.64,50.14,25.69,49.06,25.48,50.19,41.3730354309,1.9910597801,87.1324005127,0.0141,476.710317460318
0.01,30.85,14.86,43.51,25.61,50.19,25.64,50.14,25.69,49.06,25.48,50.19,41.3730354309,1.9910597801,87.1324005127,0.0141,477.960317460318
0.01,30.6,14.75,42.96,25.61,50.19,25.64,50.14,25.69,49.06,25.48,50.19,41.3730354309,1.9910597801,87.1324005127,0.0141,479.210317460318
0.01,30.61,14.82,43.58,25.64,50.32,25.67,50.48,25.73,49.49,25.47,50.32,41.3730354309,1.9910596609,87.1567001343,0.0141,479.210317460318
0.01,30.57,14.85,43.76,25.64,50.32,25.67,50.48,25.73,49.49,25.47,50.32,41.3730354309,1.9910596609,87.1567001343,0.0141,480.210317460318
0.01,30.75,14.8,43.16,25.64,50.32,25.67,50.48,25.73,49.49,25.47,50.32,41.3730354309,1.9910596609,87.1567001343,0.0141,481.210317460318
0.01,30.7,14.87,43.57,25.64,50.32,25.67,50.48,25.73,49.49,25.47,50.32,41.3730354309,1.9910596609,87.1567001343,0.0141,482.210317460318
0.01,30.7,14.83,43.56,25.64,50.32,25.67,50.48,25.73,49.49,25.47,50.32,41.3730354309,1.9910596609,87.1567001343,0.0141,483.210317460318
0.01,30.76,14.82,43.02,25.64,50.32,25.67,50.48,25.73,49.49,25.47,50.32,41.3730354309,1.9910596609,87.1567001343,0.0141,484.210317460318
0.01,30.43,14.85,43.87,25.64,50.32,25.67,50.48,25.73,49.49,25.47,50.32,41.3730354309,1.9910596609,87.1567001343,0.0141,485.210317460318
0.01,30.52,14.85,43.58,25.64,50.32,25.67,50.48,25.73,49.49,25.47,50.32,41.3730354309,1.9910596609,87.1567001343,0.0141,486.210317460318
0.01,30.76,14.82,43.1,25.66,50.25,25.67,50.33,25.77,49.31,25.56,50.25,41.3730354309,1.9910597801,87.1660003662,0.0141,486.210317460318
0.01,30.51,14.77,43.55,25.66,50.25,25.67,50.33,25.77,49.31,25.56,50.25,41.3730354309,1.9910597801,87.1660003662,0.0141,487.460317460318
0.01,30.36,14.81,43.53,25.66,50.25,25.67,50.33,25.77,49.31,25.56,50.25,41.3730354309,1.9910597801,87.1660003662,0.0141,488.710317460318
0.01,30.52,14.75,43.09,25.66,50.25,25.67,50.33,25.77,49.31,25.56,50.25,41.3730354309,1.9910597801,87.1660003662,0.0141,489.960317460318
0.01,30.53,14.78,43.37,25.66,50.25,25.67,50.33,25.77,49.31,25.56,50.25,41.3730354309,1.9910597801,87.1660003662,0.0141,491.210317460318
0.01,30.76,14.88,43.84,25.66,50.25,25.67,50.33,25.77,49.31,25.56,50.25,41.3730354309,1.9910597801,87.1660003662,0.0141,492.460317460318
0.01,30.67,14.83,43.66,25.66,50.25,25.67,50.33,25.77,49.31,25.56,50.25,41.3730354309,1.9910597801,87.1660003662,0.0141,493.710317460318
0.01,30.67,14.86,43.55,25.66,50.25,25.67,50.33,25.77,49.31,25.56,50.25,41.3730354309,1.9910597801,87.1660003662,0.0141,494.960317460318
0.01,30.74,14.84,43.51,25.7,50.35,25.75,50.62,25.81,49.7,25.53,50.35,41.3730354309,1.9910597801,87.1607971191,0.0141,494.960317460318
0.01,30.78,14.85,43.76,25.7,50.35,25.75,50.62,25.81,49.7,25.53,50.35,41.3730354309,1.9910597801,87.1607971191,0.0141,496.210317460318
0.01,30.65,14.8,43.83,25.7,50.35,25.75,50.62,25.81,49.7,25.53,50.35,41.3730354309,1.9910597801,87.1607971191,0.0141,497.460317460318
0.01,30.73,14.77,43.11,25.7,50.35,25.75,50.62,25.81,49.7,25.53,50.35,41.3730354309,1.9910597801,87.1607971191,0.0141,498.710317460318
0.01,30.57,14.78,43.32,25.7,50.35,25.75,50.62,25.81,49.7,25.53,50.35,41.3730354309,1.9910597801,87.1607971191,0.0141,499.960317460318
0.01,30.47,14.85,43.92,25.7,50.35,25.75,50.62,25.81,49.7,25.53,50.35,41.3730354309,1.9910597801,87.1607971191,0.0141,501.210317460318
0.01,30.54,14.82,43.78,25.7,50.35,25.75,50.62,25.81,49.7,25.53,50.35,41.3730354309,1.9910597801,87.1607971191,0.0141,502.460317460318
0.01,30.62,14.85,43.79,25.7,50.35,25.75,50.62,25.81,49.7,25.53,50.35,41.3730354309,1.9910597801,87.1607971191,0.0141,503.710317460318
0.01,30.78,14.85,43.7,25.73,50.36,25.75,50.66,25.8,49.81,25.58,50.36,41.3730354309,1.9910596609,87.1672973633,0.0141,503.710317460318
0.01,30.64,14.86,43.86,25.73,50.36,25.75,50.66,25.8,49.81,25.58,50.36,41.3730354309,1.9910596609,87.1672973633,0.0141,504.960317460318
0.01,30.59,14.81,43.76,25.73,50.36,25.75,50.66,25.8,49.81,25.58,50.36,41.3730354309,1.9910596609,87.1672973633,0.0141,506.210317460318
0.01,30.47,14.77,43.16,25.73,50.36,25.75,50.66,25.8,49.81,25.58,50.36,41.3730354309,1.9910596609,87.1672973633,0.0141,507.460317460318
0.01,30.39,14.8,43.41,25.73,50.36,25.75,50.66,25.8,49.81,25.58,50.36,41.3730354309,1.9910596609,87.1672973633,0.0141,508.710317460318
0.01,30.32,14.77,43.79,25.73,50.36,25.75,50.66,25.8,49.81,25.58,50.36,41.3730354309,1.9910596609,87.1672973633,0.0141,509.960317460318
0.01,30.59,14.88,43.71,25.73,50.36,25.75,50.66,25.8,49.81,25.58,50.36,41.3730354309,1.9910596609,87.1672973633,0.0141,511.210317460318
0.01,30.59,14.86,43.71,25.73,50.36,25.75,50.66,25.8,49.81,25.58,50.36,41.3730354309,1.9910596609,87.1672973633,0.0141,512.460317460318
0.01,30.28,14.89,43.97,25.77,50.28,25.77,50.53,25.86,49.64,25.59,50.28,41.3730354309,1.9910596609,87.168800354,0.0141,512.460317460318
0.01,30.49,14.87,43.76,25.77,50.28,25.77,50.53,25.86,49.64,25.59,50.28,41.3730354309,1.9910596609,87.168800354,0.0141,506.210317460318
0.01,30.72,14.9,43.95,25.77,50.28,25.77,50.53,25.86,49.64,25.59,50.28,41.3730354309,1.9910596609,87.168800354,0.0141,499.960317460318
0.01,30.29,14.83,43.43,25.77,50.28,25.77,50.53,25.86,49.64,25.59,50.28,41.3730354309,1.9910596609,87.168800354,0.0141,493.710317460318
0.01,30.28,14.82,43.31,25.77,50.28,25.77,50.53,25.86,49.64,25.59,50.28,41.3730354309,1.9910596609,87.168800354,0.0141,487.460317460318
0.01,30.57,14.86,43.95,25.77,50.28,25.77,50.53,25.86,49.64,25.59,50.28,41.3730354309,1.9910596609,87.168800354,0.0141,481.210317460318
0.01,30.32,14.87,44.04,25.77,50.28,25.77,50.53,25.86,49.64,25.59,50.28,41.3730354309,1.9910596609,87.168800354,0.0141,474.960317460318
0.01,30.52,14.84,43.44,25.77,50.28,25.77,50.53,25.86,49.64,25.59,50.28,41.3730354309,1.9910596609,87.168800354,0.0141,468.710317460318
0.01,30.3,14.79,43.61,25.73,49.98,25.78,50.03,25.88,48.95,25.64,49.98,41.3730354309,1.9910595417,87.174697876,0.0141,468.710317460318
0.01,30.38,14.83,43.86,25.73,49.98,25.78,50.03,25.88,48.95,25.64,49.98,41.3730354309,1.9910595417,87.174697876,0.0141,477.210317460318
0.01,30.68,14.88,43.45,25.73,49.98,25.78,50.03,25.88,48.95,25.64,49.98,41.3730354309,1.9910595417,87.174697876,0.0141,485.710317460318
0.01,30.74,14.9,43.75,25.73,49.98,25.78,50.03,25.88,48.95,25.64,49.98,41.3730354309,1.9910595417,87.174697876,0.0141,494.210317460318
0.01,30.64,14.9,44.04,25.73,49.98,25.78,50.03,25.88,48.95,25.64,49.98,41.3730354309,1.9910595417,87.174697876,0.0141,502.710317460318
0.01,30.62,14.83,43.88,25.73,49.98,25.78,50.03,25.88,48.95,25.64,49.98,41.3730354309,1.9910595417,87.174697876,0.0141,511.210317460318
0.01,30.38,14.8,43.38,25.73,49.98,25.78,50.03,25.88,48.95,25.64,49.98,41.3730354309,1.9910595417,87.174697876,0.0141,519.710317460318
0.01,30.47,14.78,43.32,25.73,49.98,25.78,50.03,25.88,48.95,25.64,49.98,41.3730354309,1.9910595417,87.174697876,0.0141,528.210317460318
0.01,30.78,14.81,43.96,25.83,49.96,25.89,49.98,25.94,48.94,25.7,49.96,41.3730354309,1.9910595417,87.1772003174,0.0141,528.210317460318
0.01,30.54,14.86,44.15,25.83,49.96,25.89,49.98,25.94,48.94,25.7,49.96,41.3730354309,1.9910595417,87.1772003174,0.0141,530.460317460318
0.01,30.44,14.78,43.65,25.83,49.96,25.89,49.98,25.94,48.94,25.7,49.96,41.3730354309,1.9910595417,87.1772003174,0.0141,532.710317460318
0.01,30.66,14.85,44.17,25.83,49.96,25.89,49.98,25.94,48.94,25.7,49.96,41.3730354309,1.9910595417,87.1772003174,0.0141,534.960317460318
0.01,30.54,14.83,43.93,25.83,49.96,25.89,49.98,25.94,48.94,25.7,49.96,41.3730354309,1.9910595417,87.1772003174,0.0141,537.210317460318
0.01,30.38,14.75,43.62,25.83,49.96,25.89,49.98,25.94,48.94,25.7,49.96,41.3730354309,1.9910595417,87.1772003174,0.0141,539.460317460318
0.01,30.41,14.78,43.59,25.83,49.96,25.89,49.98,25.94,48.94,25.7,49.96,41.3730354309,1.9910595417,87.1772003174,0.0141,541.710317460318
0.01,30.51,14.74,43.51,25.83,49.96,25.89,49.98,25.94,48.94,25.7,49.96,41.3730354309,1.9910595417,87.1772003174,0.0141,543.960317460318
0.01,30.38,14.77,43.91,25.84,49.85,25.91,49.71,25.97,48.77,25.73,49.85,41.3730354309,1.9910594225,87.1784973145,0.0141,543.960317460318
0.01,30.46,14.75,43.66,25.84,49.85,25.91,49.71,25.97,48.77,25.73,49.85,41.3730354309,1.9910594225,87.1784973145,0.0141,545.210317460318
0.01,30.44,14.8,43.82,25.84,49.85,25.91,49.71,25.97,48.77,25.73,49.85,41.3730354309,1.9910594225,87.1784973145,0.0141,546.460317460318
0.01,30.69,14.83,44.13,25.84,49.85,25.91,49.71,25.97,48.77,25.73,49.85,41.3730354309,1.9910594225,87.1784973145,0.0141,547.710317460318
0.01,30.42,14.77,43.88,25.84,49.85,25.91,49.71,25.97,48.77,25.73,49.85,41.3730354309,1.9910594225,87.1784973145,0.0141,548.960317460318
0.01,30.46,14.75,43.75,25.84,49.85,25.91,49.71,25.97,48.77,25.73,49.85,41.3730354309,1.9910594225,87.1784973145,0.0141,550.210317460318
0.01,30.48,14.77,43.74,25.84,49.85,25.91,49.71,25.97,48.77,25.73,49.85,41.3730354309,1.9910594225,87.1784973145,0.0141,551.460317460318
0.01,30.48,14.76,44.27,25.84,49.85,25.91,49.71,25.97,48.77,25.73,49.85,41.3730354309,1.9910594225,87.1784973145,0.0141,552.710317460318
0.01,30.6,14.85,44.31,25.89,49.8,25.92,49.8,25.98,48.77,25.75,49.8,41.3730354309,1.9910595417,87.1685028076,0.0141,552.710317460318
0.01,30.46,14.77,43.91,25.89,49.8,25.92,49.8,25.98,48.77,25.75,49.8,41.3730354309,1.9910595417,87.1685028076,0.0141,553.960317460318
0.01,30.66,14.82,44.22,25.89,49.8,25.92,49.8,25.98,48.77,25.75,49.8,41.3730354309,1.9910595417,87.1685028076,0.0141,555.210317460318
0.01,30.75,14.8,43.72,25.89,49.8,25.92,49.8,25.98,48.77,25.75,49.8,41.3730354309,1.9910595417,87.1685028076,0.0141,556.460317460318
0.01,30.44,14.75,43.82,25.89,49.8,25.92,49.8,25.98,48.77,25.75,49.8,41.3730354309,1.9910595417,87.1685028076,0.0141,557.710317460318
0.01,30.48,14.77,44.25,25.89,49.8,25.92,49.8,25.98,48.77,25.75,49.8,41.3730354309,1.9910595417,87.1685028076,0.0141,558.960317460318
0.01,30.8,14.84,44.2,25.89,49.8,25.92,49.8,25.98,48.77,25.75,49.8,41.3730354309,1.9910595417,87.1685028076,0.0141,560.210317460318
0.01,30.7,14.8,44.34,25.89,49.8,25.92,49.8,25.98,48.77,25.75,49.8,41.3730354309,1.9910595417,87.1685028076,0.0141,561.460317460318
0.01,30.42,14.72,43.74,25.92,49.93,25.97,49.99,26.02,49.08,25.8,49.93,41.3730354309,1.9910595417,87.1668014526,0.0141,561.460317460318
0.01,30.48,14.8,44.33,25.92,49.93,25.97,49.99,26.02,49.08,25.8,49.93,41.3730354309,1.9910595417,87.1668014526,0.0141,562.710317460318
0.01,30.75,14.82,44.25,25.92,49.93,25.97,49.99,26.02,49.08,25.8,49.93,41.3730354309,1.9910595417,87.1668014526,0.0141,563.960317460318
0.01,30.63,14.82,44.31,25.92,49.93,25.97,49.99,26.02,49.08,25.8,49.93,41.3730354309,1.9910595417,87.1668014526,0.0141,565.210317460318
0.01,30.73,14.78,43.85,25.92,49.93,25.97,49.99,26.02,49.08,25.8,49.93,41.3730354309,1.9910595417,87.1668014526,0.0141,566.460317460318
0.01,30.42,14.74,44.03,25.92,49.93,25.97,49.99,26.02,49.08,25.8,49.93,41.3730354309,1.9910595417,87.1668014526,0.0141,567.710317460318
0.01,30.47,14.76,43.97,25.92,49.93,25.97,49.99,26.02,49.08,25.8,49.93,41.3730354309,1.9910595417,87.1668014526,0.0141,568.960317460318
0.01,30.63,14.81,44.38,25.92,49.93,25.97,49.99,26.02,49.08,25.8,49.93,41.3730354309,1.9910595417,87.1668014526,0.0141,570.210317460318
