SGP1,SGP2,ENS1,ENS2,ENS3,ENS4,BME,SCD,T1,RH1,T2,RH2,T3,RH3,T4,RH4,LAT,LONG,ALT,ACC,t
54.59,5.35,235.84,205.03,0,983.27,141.78,483,25.41,42.22,25.36,41.76,25.39,40,25.42,40.42,41.3705978394,1.9958618879,143.5220947266,0.0944,37
54.45,5.35,201.57,199.96,0,986.94,132.32,487,25.41,42.22,25.36,41.76,25.39,40,25.42,40.42,41.3705978394,1.9958618879,143.5220947266,0.0944,38
54.54,5.35,220.31,213.46,0,1018.84,141.16,487,25.41,42.22,25.36,41.76,25.39,40,25.42,40.42,41.3705978394,1.9958618879,143.5220947266,0.0944,39
54.58,5.35,228.72,220.88,0,1004.12,133.26,487,25.41,42.22,25.36,41.76,25.39,40,25.42,40.42,41.3705978394,1.9958618879,143.5220947266,0.0944,40
54.26,5.35,228.72,207.83,0,952.8,130.81,487,25.41,42.22,25.36,41.76,25.39,40,25.42,40.42,41.3705978394,1.9958618879,143.5220947266,0.0944,41
54.39,5.35,231.36,209.59,0,977.63,151.45,487,25.41,42.22,25.36,41.76,25.39,40,25.42,40.42,41.3705978394,1.9958618879,143.5220947266,0.0944,42
54.23,5.34,232.3,209.1,0,978.29,140.39,487,25.41,42.22,25.36,41.76,25.39,40,25.42,40.42,41.3705978394,1.9958618879,143.5220947266,0.0944,43
54.28,5.35,232.46,194.75,0,1021.26,138.46,482,25.41,42.22,25.36,41.76,25.39,40,25.42,40.42,41.3705978394,1.9958618879,143.5220947266,0.0944,44
54.54,5.35,234.7,204.55,0,969.06,133.31,482,25.41,42.22,25.36,41.76,25.39,40,25.42,40.42,41.3705978394,1.9958618879,143.5220947266,0.0944,45
54.43,5.35,234.86,204,0,957.65,141.01,482,25.41,42.22,25.36,41.76,25.39,40,25.42,40.42,41.3705978394,1.9958618879,143.5220947266,0.0944,46
54.45,5.35,235.84,212.96,0,980.61,137.25,487,25.44,42.17,25.41,41.65,25.44,39.98,25.44,40.41,41.3705940247,1.9958568811,144.029006958,0.0802,46
54.32,5.35,199.22,206.78,0,964.15,150.18,487,25.44,42.17,25.41,41.65,25.44,39.98,25.44,40.41,41.3705940247,1.9958568811,144.029006958,0.0802,46.8888888888889
54.56,5.35,219.6,201.05,0,977.96,132.36,487,25.44,42.17,25.41,41.65,25.44,39.98,25.44,40.41,41.3705940247,1.9958568811,144.029006958,0.0802,47.7777777777778
54.59,5.35,227.66,197.88,0,962.2,136.09,487,25.44,42.17,25.41,41.65,25.44,39.98,25.44,40.41,41.3705940247,1.9958568811,144.029006958,0.0802,48.6666666666667
54.28,5.35,228.72,197.88,0,960.9,136.32,487,25.44,42.17,25.41,41.65,25.44,39.98,25.44,40.41,41.3705940247,1.9958568811,144.029006958,0.0802,49.5555555555556
54.57,5.35,227.66,206.99,0,978.29,145.37,487,25.44,42.17,25.41,41.65,25.44,39.98,25.44,40.41,41.3705940247,1.9958568811,144.029006958,0.0802,50.4444444444444
54.44,5.35,231.52,217.1,0,968.41,147.85,487,25.44,42.17,25.41,41.65,25.44,39.98,25.44,40.41,41.3705940247,1.9958568811,144.029006958,0.0802,51.3333333333333
54.52,5.35,233.1,200.1,0,944.45,132.32,487,25.44,42.17,25.41,41.65,25.44,39.98,25.44,40.41,41.3705940247,1.9958568811,144.029006958,0.0802,52.2222222222222
54.56,5.34,233.42,215.06,0,920.47,148.06,487,25.44,42.17,25.41,41.65,25.44,39.98,25.44,40.41,41.3705940247,1.9958568811,144.029006958,0.0802,53.1111111111111
54.61,5.35,233.9,222.16,0,1024.72,139.4,490,25.44,42.27,25.41,41.8,25.44,40.06,25.45,40.56,41.3705940247,1.9958567619,144.121307373,0.0843,53.1111111111111
54.54,5.35,199.69,207.9,0,910.86,140.54,490,25.44,42.27,25.41,41.8,25.44,40.06,25.45,40.56,41.3705940247,1.9958567619,144.121307373,0.0843,54.1111111111111
54.54,5.34,218.48,222.08,0,989.28,143.18,490,25.44,42.27,25.41,41.8,25.44,40.06,25.45,40.56,41.3705940247,1.9958567619,144.121307373,0.0843,55.1111111111111
54.46,5.35,227.2,219.91,0,982.27,148.46,490,25.44,42.27,25.41,41.8,25.44,40.06,25.45,40.56,41.3705940247,1.9958567619,144.121307373,0.0843,56.1111111111111
54.42,5.35,228.42,213.17,0,974.32,130.06,490,25.44,42.27,25.41,41.8,25.44,40.06,25.45,40.56,41.3705940247,1.9958567619,144.121307373,0.0843,57.1111111111111
54.45,5.35,230.42,200.1,0,1010.94,140.68,490,25.44,42.27,25.41,41.8,25.44,40.06,25.45,40.56,41.3705940247,1.9958567619,144.121307373,0.0843,58.1111111111111
54.49,5.35,231.67,208.75,0,985.93,135.58,490,25.44,42.27,25.41,41.8,25.44,40.06,25.45,40.56,41.3705940247,1.9958567619,144.121307373,0.0843,59.1111111111111
54.41,5.35,232.62,201.32,0,937.13,130.72,491,25.44,42.27,25.41,41.8,25.44,40.06,25.45,40.56,41.3705940247,1.9958567619,144.121307373,0.0843,60.1111111111111
54.37,5.35,233.42,215.27,0,966.12,132.95,491,25.44,42.27,25.41,41.8,25.44,40.06,25.45,40.56,41.3705940247,1.9958567619,144.121307373,0.0843,61.1111111111111
54.54,5.34,233.58,209.1,0,1056.41,147.66,491,25.44,42.27,25.41,41.8,25.44,40.06,25.45,40.56,41.3705940247,1.9958567619,144.121307373,0.0843,62.1111111111111
54.47,5.34,235.51,206.08,0,963.18,132.68,489,25.44,42.19,25.44,41.68,25.45,40,25.48,40.47,41.3705940247,1.9958580732,144.213104248,0.0785,62.1111111111111
54.46,5.35,198.87,203.03,0,1008.21,140.39,489,25.44,42.19,25.44,41.68,25.45,40,25.48,40.47,41.3705940247,1.9958580732,144.213104248,0.0785,63.1111111111111
54.38,5.35,219.04,211.81,0,1019.53,130.58,489,25.44,42.19,25.44,41.68,25.45,40,25.48,40.47,41.3705940247,1.9958580732,144.213104248,0.0785,64.1111111111111
54.43,5.35,227.05,210.09,0,972.35,133.31,489,25.44,42.19,25.44,41.68,25.45,40,25.48,40.47,41.3705940247,1.9958580732,144.213104248,0.0785,65.1111111111111
54.43,5.35,227.81,211.59,0,962.2,144.69,489,25.44,42.19,25.44,41.68,25.45,40,25.48,40.47,41.3705940247,1.9958580732,144.213104248,0.0785,66.1111111111111
54.33,5.35,229.65,217.91,0,970.38,142.35,489,25.44,42.19,25.44,41.68,25.45,40,25.48,40.47,41.3705940247,1.9958580732,144.213104248,0.0785,67.1111111111111
54.21,5.35,230.73,208.32,0,986.94,130.32,489,25.44,42.19,25.44,41.68,25.45,40,25.48,40.47,41.3705940247,1.9958580732,144.213104248,0.0785,68.1111111111111
54.25,5.35,232.62,206.5,0,980.28,142.11,490,25.44,42.19,25.44,41.68,25.45,40,25.48,40.47,41.3705940247,1.9958580732,144.213104248,0.0785,69.1111111111111
54.38,5.34,233.1,208.75,0,961.22,134.49,490,25.44,42.19,25.44,41.68,25.45,40,25.48,40.47,41.3705940247,1.9958580732,144.213104248,0.0785,70.1111111111111
54.17,5.34,233.9,204.69,0,1030.98,147.01,490,25.44,42.19,25.44,41.68,25.45,40,25.48,40.47,41.3705940247,1.9958580732,144.213104248,0.0785,71.1111111111111
54.37,5.34,235.35,199.22,0,1065.03,128.13,489,25.47,42.21,25.45,41.75,25.47,40.03,25.47,40.5,41.3705940247,1.9958585501,144.1761016846,0.0814,71.1111111111111
54.23,5.34,199.1,209.74,0,880.55,139.97,489,25.47,42.21,25.45,41.75,25.47,40.03,25.47,40.5,41.3705940247,1.9958585501,144.1761016846,0.0814,72.1111111111111
54.26,5.34,218.34,197.61,0,945.09,135.68,489,25.47,42.21,25.45,41.75,25.47,40.03,25.47,40.5,41.3705940247,1.9958585501,144.1761016846,0.0814,73.1111111111111
54.24,5.34,226.9,202,0,1012.99,139.07,489,25.47,42.21,25.45,41.75,25.47,40.03,25.47,40.5,41.3705940247,1.9958585501,144.1761016846,0.0814,74.1111111111111
54.38,5.34,227.51,206.01,0,980.61,146.26,489,25.47,42.21,25.45,41.75,25.47,40.03,25.47,40.5,41.3705940247,1.9958585501,144.1761016846,0.0814,75.1111111111111
54.52,5.34,229.34,199.02,0,983.27,135.45,487,25.47,42.21,25.45,41.75,25.47,40.03,25.47,40.5,41.3705940247,1.9958585501,144.1761016846,0.0814,76.1111111111111
54.33,5.34,229.8,211.73,0,912.4,139.02,487,25.47,42.21,25.45,41.75,25.47,40.03,25.47,40.5,41.3705940247,1.9958585501,144.1761016846,0.0814,77.1111111111111
54.32,5.34,231.36,213.17,0,958.3,134.53,487,25.47,42.21,25.45,41.75,25.47,40.03,25.47,40.5,41.3705940247,1.9958585501,144.1761016846,0.0814,78.1111111111111
54.47,5.33,232.15,214.4,0,922.03,136.97,487,25.47,42.21,25.45,41.75,25.47,40.03,25.47,40.5,41.3705940247,1.9958585501,144.1761016846,0.0814,79.1111111111111
54.47,5.33,230.58,206.92,0,921.09,135.45,487,25.47,42.21,25.45,41.75,25.47,40.03,25.47,40.5,41.3705940247,1.9958585501,144.1761016846,0.0814,80.1111111111111
54.34,5.34,234.54,203.51,0,959.27,142.84,491,25.48,42.2,25.45,41.73,25.48,40.06,25.53,40.53,41.3705940247,1.9958587885,144.2234954834,0.0746,80.1111111111111
54.48,5.34,198.07,214.62,0,954.09,125.51,491,25.48,42.2,25.45,41.73,25.48,40.06,25.53,40.53,41.3705940247,1.9958587885,144.2234954834,0.0746,81.1111111111111
54.25,5.34,218.2,210.66,0,963.83,132.59,491,25.48,42.2,25.45,41.73,25.48,40.06,25.53,40.53,41.3705940247,1.9958587885,144.2234954834,0.0746,82.1111111111111
54.28,5.35,225.4,202.14,0,966.77,142.74,491,25.48,42.2,25.45,41.73,25.48,40.06,25.53,40.53,41.3705940247,1.9958587885,144.2234954834,0.0746,83.1111111111111
54.5,5.34,227.35,215.2,0,949.9,141.97,488,25.48,42.2,25.45,41.73,25.48,40.06,25.53,40.53,41.3705940247,1.9958587885,144.2234954834,0.0746,84.1111111111111
54.43,5.34,228.26,196.87,0,1030.28,141.54,488,25.48,42.2,25.45,41.73,25.48,40.06,25.53,40.53,41.3705940247,1.9958587885,144.2234954834,0.0746,85.1111111111111
54.48,5.34,229.8,211.38,0,939.03,138.55,488,25.48,42.2,25.45,41.73,25.48,40.06,25.53,40.53,41.3705940247,1.9958587885,144.2234954834,0.0746,86.1111111111111
54.32,5.34,231.05,206.78,0,961.55,131.47,488,25.48,42.2,25.45,41.73,25.48,40.06,25.53,40.53,41.3705940247,1.9958587885,144.2234954834,0.0746,87.1111111111111
54.33,5.34,231.99,207.27,0,890.74,129.09,488,25.48,42.2,25.45,41.73,25.48,40.06,25.53,40.53,41.3705940247,1.9958587885,144.2234954834,0.0746,88.1111111111111
54.33,5.34,232.3,208.46,0,975.31,138.79,488,25.48,42.2,25.45,41.73,25.48,40.06,25.53,40.53,41.3705940247,1.9958587885,144.2234954834,0.0746,89.1111111111111
54.6,5.34,233.26,214.69,0,970.7,130.06,488,25.5,42.25,25.5,41.79,25.52,40.12,25.53,40.64,41.3705940247,1.9958591461,144.2100982666,0.0708,89.1111111111111
54.3,5.34,197.61,206.36,0,938.4,145.23,488,25.5,42.25,25.5,41.79,25.52,40.12,25.53,40.64,41.3705940247,1.9958591461,144.2100982666,0.0708,89.9111111111111
54.34,5.34,218.2,207.27,0,958.62,138.13,488,25.5,42.25,25.5,41.79,25.52,40.12,25.53,40.64,41.3705940247,1.9958591461,144.2100982666,0.0708,90.7111111111111
54.11,5.34,226.6,211.16,0,972.68,142.11,488,25.5,42.25,25.5,41.79,25.52,40.12,25.53,40.64,41.3705940247,1.9958591461,144.2100982666,0.0708,91.5111111111111
54.41,5.34,227.2,194.36,0,931.12,133.31,484,25.5,42.25,25.5,41.79,25.52,40.12,25.53,40.64,41.3705940247,1.9958591461,144.2100982666,0.0708,92.3111111111111
54.41,5.34,227.81,212.52,0,943.18,139.97,484,25.5,42.25,25.5,41.79,25.52,40.12,25.53,40.64,41.3705940247,1.9958591461,144.2100982666,0.0708,93.1111111111111
54.28,5.34,229.65,215.71,0,998.02,128.83,484,25.5,42.25,25.5,41.79,25.52,40.12,25.53,40.64,41.3705940247,1.9958591461,144.2100982666,0.0708,93.9111111111111
54.43,5.33,231.2,209.95,0,921.09,141.44,484,25.5,42.25,25.5,41.79,25.52,40.12,25.53,40.64,41.3705940247,1.9958591461,144.2100982666,0.0708,94.7111111111111
54.34,5.34,232.62,205.31,0,962.52,149.67,484,25.5,42.25,25.5,41.79,25.52,40.12,25.53,40.64,41.3705940247,1.9958591461,144.2100982666,0.0708,95.5111111111111
54.42,5.34,232.94,211.09,0,1007.87,141.68,488,25.5,42.25,25.5,41.79,25.52,40.12,25.53,40.64,41.3705940247,1.9958591461,144.2100982666,0.0708,96.3111111111111
54.47,5.34,232.94,212.02,0,947.65,133.35,488,25.53,42.54,25.52,42.17,25.52,40.57,25.53,41.11,41.3705940247,1.9958600998,144.2796936035,0.0667,96.3111111111111
54.4,5.34,197.84,199.02,0,1036.23,135.45,488,25.53,42.54,25.52,42.17,25.52,40.57,25.53,41.11,41.3705940247,1.9958600998,144.2796936035,0.0667,97.3111111111111
54.29,5.34,218.2,201.05,0,962.2,134.03,487,25.53,42.54,25.52,42.17,25.52,40.57,25.53,41.11,41.3705940247,1.9958600998,144.2796936035,0.0667,98.3111111111111
54.42,5.34,226.15,211.81,0,905.64,145.37,487,25.53,42.54,25.52,42.17,25.52,40.57,25.53,41.11,41.3705940247,1.9958600998,144.2796936035,0.0667,99.3111111111111
54.38,5.34,227.81,206.36,0,968.73,132.41,487,25.53,42.54,25.52,42.17,25.52,40.57,25.53,41.11,41.3705940247,1.9958600998,144.2796936035,0.0667,100.311111111111
54.34,5.34,229.18,201.19,0,921.09,124.88,487,25.53,42.54,25.52,42.17,25.52,40.57,25.53,41.11,41.3705940247,1.9958600998,144.2796936035,0.0667,101.311111111111
54.26,5.34,230.58,209.81,0,964.48,141.54,487,25.53,42.54,25.52,42.17,25.52,40.57,25.53,41.11,41.3705940247,1.9958600998,144.2796936035,0.0667,102.311111111111
54.11,5.33,232.15,208.68,0,900.14,139.73,487,25.53,42.54,25.52,42.17,25.52,40.57,25.53,41.11,41.3705940247,1.9958600998,144.2796936035,0.0667,103.311111111111
54.11,5.33,233.58,205.24,0,1057.13,135.31,487,25.53,42.54,25.52,42.17,25.52,40.57,25.53,41.11,41.3705940247,1.9958600998,144.2796936035,0.0667,104.311111111111
54.06,5.33,232.15,212.96,0,983.6,146.21,487,25.53,42.54,25.52,42.17,25.52,40.57,25.53,41.11,41.3705940247,1.9958600998,144.2796936035,0.0667,105.311111111111
54.37,5.34,236.32,213.1,0,1048.58,134.99,487,25.55,42.52,25.52,42.02,25.55,40.35,25.55,40.85,41.3705940247,1.995860815,144.3065032959,0.0721,105.311111111111
54.25,5.33,198.99,209.59,0,891.95,138.46,487,25.55,42.52,25.52,42.02,25.55,40.35,25.55,40.85,41.3705940247,1.995860815,144.3065032959,0.0721,100.111111111111
54.16,5.33,218.06,204.69,0,947.34,129.84,486,25.55,42.52,25.52,42.02,25.55,40.35,25.55,40.85,41.3705940247,1.995860815,144.3065032959,0.0721,94.9111111111111
54.16,5.33,225.55,195.41,0,1057.48,135.68,486,25.55,42.52,25.52,42.02,25.55,40.35,25.55,40.85,41.3705940247,1.995860815,144.3065032959,0.0721,89.7111111111111
54.3,5.33,227.35,198.55,0,914.88,125.47,486,25.55,42.52,25.52,42.02,25.55,40.35,25.55,40.85,41.3705940247,1.995860815,144.3065032959,0.0721,84.5111111111111
54.26,5.33,228.57,211.23,0,958.62,134.81,486,25.55,42.52,25.52,42.02,25.55,40.35,25.55,40.85,41.3705940247,1.995860815,144.3065032959,0.0721,79.3111111111111
54.16,5.33,229.18,208.04,0,983.6,135.22,486,25.55,42.52,25.52,42.02,25.55,40.35,25.55,40.85,41.3705940247,1.995860815,144.3065032959,0.0721,74.1111111111111
54.42,5.34,230.27,213.17,0,992.63,135.95,487,25.55,42.52,25.52,42.02,25.55,40.35,25.55,40.85,41.3705940247,1.995860815,144.3065032959,0.0721,68.9111111111111
54.21,5.33,231.99,206.36,0,895.27,130.14,487,25.55,42.52,25.52,42.02,25.55,40.35,25.55,40.85,41.3705940247,1.995860815,144.3065032959,0.0721,63.7111111111111
54.33,5.34,233.42,202.82,0,893.46,138.37,487,25.55,42.52,25.52,42.02,25.55,40.35,25.55,40.85,41.3705940247,1.995860815,144.3065032959,0.0721,58.5111111111111
54.28,5.33,233.9,213.6,0,954.41,138.65,483,25.58,42.64,25.53,42.17,25.55,40.62,25.58,41.12,41.3705940247,1.9958611727,144.3307037354,0.0772,58.5111111111111
54.2,5.34,198.87,204.41,0,1066.83,149.16,483,25.58,42.64,25.53,42.17,25.55,40.62,25.58,41.12,41.3705940247,1.9958611727,144.3307037354,0.0772,65.5111111111111
54.39,5.33,219.32,197.34,0,962.2,144.2,483,25.58,42.64,25.53,42.17,25.55,40.62,25.58,41.12,41.3705940247,1.9958611727,144.3307037354,0.0772,72.5111111111111
54.18,5.34,227.35,212.52,0,962.2,158.69,483,25.58,42.64,25.53,42.17,25.55,40.62,25.58,41.12,41.3705940247,1.9958611727,144.3307037354,0.0772,79.5111111111111
54.27,5.33,229.18,217.91,0,972.68,138.27,483,25.58,42.64,25.53,42.17,25.55,40.62,25.58,41.12,41.3705940247,1.9958611727,144.3307037354,0.0772,86.5111111111111
54.33,5.33,230.58,208.53,0,968.41,140.44,483,25.58,42.64,25.53,42.17,25.55,40.62,25.58,41.12,41.3705940247,1.9958611727,144.3307037354,0.0772,93.5111111111111
54.45,5.34,229.96,219.47,0,966.12,142.16,484,25.58,42.64,25.53,42.17,25.55,40.62,25.58,41.12,41.3705940247,1.9958611727,144.3307037354,0.0772,100.511111111111
54.46,5.34,233.26,206.71,0,958.62,135.95,484,25.58,42.64,25.53,42.17,25.55,40.62,25.58,41.12,41.3705940247,1.9958611727,144.3307037354,0.0772,107.511111111111
54.36,5.33,235.02,208.32,0,949.26,123.45,484,25.58,42.64,25.53,42.17,25.55,40.62,25.58,41.12,41.3705940247,1.9958611727,144.3307037354,0.0772,114.511111111111
54.32,5.34,234.54,195.08,0,972.68,142.69,484,25.58,42.64,25.53,42.17,25.55,40.62,25.58,41.12,41.3705940247,1.9958611727,144.3307037354,0.0772,121.511111111111
54.08,5.34,237.81,209.59,0,992.63,127.14,484,25.59,42.72,25.55,42.21,25.58,40.46,25.59,40.82,41.3705940247,1.9958623648,144.1916046143,0.0745,121.511111111111
54.16,5.34,200.39,201.8,0,905.64,141.06,484,25.59,42.72,25.55,42.21,25.58,40.46,25.59,40.82,41.3705940247,1.9958623648,144.1916046143,0.0745,122.311111111111
54.39,5.34,220.31,205.38,0,969.06,146.21,484,25.59,42.72,25.55,42.21,25.58,40.46,25.59,40.82,41.3705940247,1.9958623648,144.1916046143,0.0745,123.111111111111
54.39,5.34,228.11,210.59,0,1016.43,145.47,484,25.59,42.72,25.55,42.21,25.58,40.46,25.59,40.82,41.3705940247,1.9958623648,144.1916046143,0.0745,123.911111111111
54.14,5.33,229.18,211.73,0,928.29,137.25,484,25.59,42.72,25.55,42.21,25.58,40.46,25.59,40.82,41.3705940247,1.9958623648,144.1916046143,0.0745,124.711111111111
54.25,5.34,230.27,193.18,0,1003.1,146.96,485,25.59,42.72,25.55,42.21,25.58,40.46,25.59,40.82,41.3705940247,1.9958623648,144.1916046143,0.0745,125.511111111111
54.34,5.34,232.3,208.68,0,1030.98,140.16,485,25.59,42.72,25.55,42.21,25.58,40.46,25.59,40.82,41.3705940247,1.9958623648,144.1916046143,0.0745,126.311111111111
54.21,5.34,233.26,204.83,0,899.83,141.63,485,25.59,42.72,25.55,42.21,25.58,40.46,25.59,40.82,41.3705940247,1.9958623648,144.1916046143,0.0745,127.111111111111
54.15,5.34,233.74,214.98,0,1002.42,137.29,485,25.59,42.72,25.55,42.21,25.58,40.46,25.59,40.82,41.3705940247,1.9958623648,144.1916046143,0.0745,127.911111111111
53.97,5.34,234.7,199.76,0,996,142.94,485,25.59,42.72,25.55,42.21,25.58,40.46,25.59,40.82,41.3705940247,1.9958623648,144.1916046143,0.0745,128.711111111111
54.2,5.34,234.86,205.94,0,1047.16,119.14,490,25.59,42,25.56,41.54,25.58,39.98,25.61,40.86,41.3705940247,1.9958641529,144.1022949219,0.0699,128.711111111111
54.33,5.33,198.53,207.13,0,1058.56,134.31,490,25.59,42,25.56,41.54,25.58,39.98,25.61,40.86,41.3705940247,1.9958641529,144.1022949219,0.0699,129.511111111111
54.35,5.34,218.34,206.08,0,969.06,134.35,490,25.59,42,25.56,41.54,25.58,39.98,25.61,40.86,41.3705940247,1.9958641529,144.1022949219,0.0699,130.311111111111
54.4,5.34,227.35,200.44,0,929.55,130.81,490,25.59,42,25.56,41.54,25.58,39.98,25.61,40.86,41.3705940247,1.9958641529,144.1022949219,0.0699,131.111111111111
54.41,5.34,229.34,217.32,0,969.39,151.14,490,25.59,42,25.56,41.54,25.58,39.98,25.61,40.86,41.3705940247,1.9958641529,144.1022949219,0.0699,131.911111111111
54.26,5.34,228.88,209.95,0,1041.15,146.26,486,25.59,42,25.56,41.54,25.58,39.98,25.61,40.86,41.3705940247,1.9958641529,144.1022949219,0.0699,132.711111111111
54.54,5.33,232.62,206.57,0,882.34,129.18,486,25.59,42,25.56,41.54,25.58,39.98,25.61,40.86,41.3705940247,1.9958641529,144.1022949219,0.0699,133.511111111111
54.44,5.33,233.74,206.85,0,949.26,131.07,486,25.59,42,25.56,41.54,25.58,39.98,25.61,40.86,41.3705940247,1.9958641529,144.1022949219,0.0699,134.311111111111
54.42,5.34,235.02,196.08,0,998.02,136.09,486,25.59,42,25.56,41.54,25.58,39.98,25.61,40.86,41.3705940247,1.9958641529,144.1022949219,0.0699,135.111111111111
54.3,5.34,236.16,204.2,0,908.71,135.03,486,25.59,42,25.56,41.54,25.58,39.98,25.61,40.86,41.3705940247,1.9958641529,144.1022949219,0.0699,135.911111111111
54.38,5.33,236.82,212.45,0,947.01,129.48,478,25.61,42.29,25.61,41.68,25.62,39.91,25.64,40.34,41.3705940247,1.9958655834,144.0363006592,0.0993,135.911111111111
54.28,5.33,198.53,193.05,0,974.32,131.74,478,25.61,42.29,25.61,41.68,25.62,39.91,25.64,40.34,41.3705940247,1.9958655834,144.0363006592,0.0993,136.911111111111
54.11,5.34,217.64,212.74,0,997.68,132.01,478,25.61,42.29,25.61,41.68,25.62,39.91,25.64,40.34,41.3705940247,1.9958655834,144.0363006592,0.0993,137.911111111111
54.25,5.34,226.15,202,0,1008.21,141.97,478,25.61,42.29,25.61,41.68,25.62,39.91,25.64,40.34,41.3705940247,1.9958655834,144.0363006592,0.0993,138.911111111111
54.23,5.33,227.35,199.35,0,900.44,138.83,478,25.61,42.29,25.61,41.68,25.62,39.91,25.64,40.34,41.3705940247,1.9958655834,144.0363006592,0.0993,139.911111111111
54.11,5.33,228.72,207.13,0,1039.74,130.41,477,25.61,42.29,25.61,41.68,25.62,39.91,25.64,40.34,41.3705940247,1.9958655834,144.0363006592,0.0993,140.911111111111
53.98,5.33,229.8,191.29,0,909.63,137.48,477,25.61,42.29,25.61,41.68,25.62,39.91,25.64,40.34,41.3705940247,1.9958655834,144.0363006592,0.0993,141.911111111111
54.37,5.33,231.2,212.02,0,969.72,137.34,477,25.61,42.29,25.61,41.68,25.62,39.91,25.64,40.34,41.3705940247,1.9958655834,144.0363006592,0.0993,142.911111111111
54.03,5.33,233.1,204.27,0,886.83,142.4,477,25.61,42.29,25.61,41.68,25.62,39.91,25.64,40.34,41.3705940247,1.9958655834,144.0363006592,0.0993,143.911111111111
54.38,5.33,233.42,212.74,0,933.02,128.57,481,25.61,42.29,25.61,41.68,25.62,39.91,25.64,40.34,41.3705940247,1.9958655834,144.0363006592,0.0993,144.911111111111
54.59,5.33,234.54,209.31,0,994.65,139.49,481,750.98,128,25.64,41.9,25.64,40.27,25.67,40.71,41.3705940247,1.9958726168,144.1302947998,0.3871,144.911111111111
54.38,5.32,198.41,204.41,0,897.1,146.21,481,750.98,128,25.64,41.9,25.64,40.27,25.67,40.71,41.3705940247,1.9958726168,144.1302947998,0.3871,145.911111111111
54.32,5.33,218.76,218.36,0,949.58,144.2,481,750.98,128,25.64,41.9,25.64,40.27,25.67,40.71,41.3705940247,1.9958726168,144.1302947998,0.3871,146.911111111111
54.35,5.33,226.9,202.28,0,968.73,131.83,484,750.98,128,25.64,41.9,25.64,40.27,25.67,40.71,41.3705940247,1.9958726168,144.1302947998,0.3871,147.911111111111
54.28,5.33,228.11,209.95,0,921.72,147.01,484,750.98,128,25.64,41.9,25.64,40.27,25.67,40.71,41.3705940247,1.9958726168,144.1302947998,0.3871,148.911111111111
54.32,5.33,229.65,202.62,0,1067.92,126.28,484,750.98,128,25.64,41.9,25.64,40.27,25.67,40.71,41.3705940247,1.9958726168,144.1302947998,0.3871,149.911111111111
54.1,5.33,230.89,211.95,0,990.28,139.4,484,750.98,128,25.64,41.9,25.64,40.27,25.67,40.71,41.3705940247,1.9958726168,144.1302947998,0.3871,150.911111111111
54.54,5.33,231.99,196.81,0,962.2,132.99,484,750.98,128,25.64,41.9,25.64,40.27,25.67,40.71,41.3705940247,1.9958726168,144.1302947998,0.3871,151.911111111111
54.06,5.33,232.94,209.88,0,1003.44,143.71,484,750.98,128,25.64,41.9,25.64,40.27,25.67,40.71,41.3705940247,1.9958726168,144.1302947998,0.3871,152.911111111111
54.25,5.33,234.86,204.55,0,1021.95,125.47,477,750.98,128,25.64,41.9,25.64,40.27,25.67,40.71,41.3705940247,1.9958726168,144.1302947998,0.3871,153.911111111111
54.58,5.33,235.67,201.73,0,1045.39,151.76,477,750.98,128,25.66,40.78,25.66,39.01,25.67,39.4,41.3705940247,1.9958765507,143.6669006348,0.5315,153.911111111111
54.46,5.33,198.87,209.74,0,953.12,125.47,477,750.98,128,25.66,40.78,25.66,39.01,25.67,39.4,41.3705940247,1.9958765507,143.6669006348,0.5315,154.8
54.32,5.33,219.74,229.34,0,969.72,131.87,478,750.98,128,25.66,40.78,25.66,39.01,25.67,39.4,41.3705940247,1.9958765507,143.6669006348,0.5315,155.688888888889
54.36,5.33,228.72,198.61,0,1075.17,130.98,478,750.98,128,25.66,40.78,25.66,39.01,25.67,39.4,41.3705940247,1.9958765507,143.6669006348,0.5315,156.577777777778
54.52,5.33,230.42,210.95,0,1067.92,130.32,478,750.98,128,25.66,40.78,25.66,39.01,25.67,39.4,41.3705940247,1.9958765507,143.6669006348,0.5315,157.466666666667
54.25,5.33,230.11,204.2,0,1033.78,140.92,478,750.98,128,25.66,40.78,25.66,39.01,25.67,39.4,41.3705940247,1.9958765507,143.6669006348,0.5315,158.355555555556
54.55,5.33,235.35,208.18,0,963.18,129.88,478,750.98,128,25.66,40.78,25.66,39.01,25.67,39.4,41.3705940247,1.9958765507,143.6669006348,0.5315,159.244444444444
54.6,5.33,236,209.1,0,923.9,138.83,478,750.98,128,25.66,40.78,25.66,39.01,25.67,39.4,41.3705940247,1.9958765507,143.6669006348,0.5315,160.133333333333
54.52,5.33,236.98,197.14,0,969.39,138.83,479,750.98,128,25.66,40.78,25.66,39.01,25.67,39.4,41.3705940247,1.9958765507,143.6669006348,0.5315,161.022222222222
54.52,5.33,238.14,209.88,0,997.35,142.69,479,750.98,128,25.66,40.42,25.69,38.63,25.69,39.02,41.3705978394,1.9958758354,143.9087982178,0.4336,161.022222222222
54.54,5.33,202.53,209.67,0,970.38,137.62,479,750.98,128,25.66,40.42,25.69,38.63,25.69,39.02,41.3705978394,1.9958758354,143.9087982178,0.4336,161.822222222222
54.6,5.33,222.9,208.96,0,967.1,145.62,479,750.98,128,25.66,40.42,25.69,38.63,25.69,39.02,41.3705978394,1.9958758354,143.9087982178,0.4336,162.622222222222
54.86,5.34,232.15,218.06,0,944.13,144.69,486,750.98,128,25.66,40.42,25.69,38.63,25.69,39.02,41.3705978394,1.9958758354,143.9087982178,0.4336,163.422222222222
54.78,5.34,236.65,216.44,0,985.27,129.75,486,750.98,128,25.66,40.42,25.69,38.63,25.69,39.02,41.3705978394,1.9958758354,143.9087982178,0.4336,164.222222222222
54.59,5.34,239.64,218.5,0,1016.09,122.04,486,750.98,128,25.66,40.42,25.69,38.63,25.69,39.02,41.3705978394,1.9958758354,143.9087982178,0.4336,165.022222222222
54.69,5.34,240.83,197.94,0,988.27,133.35,486,750.98,128,25.66,40.42,25.69,38.63,25.69,39.02,41.3705978394,1.9958758354,143.9087982178,0.4336,165.822222222222
54.58,5.34,241.85,216.66,0,1029.24,139.49,486,750.98,128,25.66,40.42,25.69,38.63,25.69,39.02,41.3705978394,1.9958758354,143.9087982178,0.4336,166.622222222222
54.78,5.34,242.37,220.21,0,990.62,147.6,482,750.98,128,25.66,40.42,25.69,38.63,25.69,39.02,41.3705978394,1.9958758354,143.9087982178,0.4336,167.422222222222
54.69,5.34,243.23,213.68,0,946.69,134.9,482,750.98,128,25.66,40.42,25.69,38.63,25.69,39.02,41.3705978394,1.9958758354,143.9087982178,0.4336,168.222222222222
54.71,5.34,245.86,218.87,0,1024.72,140.25,482,750.98,128,25.67,40.38,25.69,38.56,25.72,39.04,41.3705406189,1.9959177971,144.082901001,0.6233,168.222222222222
54.84,5.34,209.36,221.93,0,1079.18,151.19,482,750.98,128,25.67,40.38,25.69,38.56,25.72,39.04,41.3705406189,1.9959177971,144.082901001,0.6233,169.111111111111
54.68,5.34,230.42,227.72,0,1043.62,136.69,486,750.98,128,25.67,40.38,25.69,38.56,25.72,39.04,41.3705406189,1.9959177971,144.082901001,0.6233,170
54.99,5.34,238.97,215.42,0,988.27,154.77,486,750.98,128,25.67,40.38,25.69,38.56,25.72,39.04,41.3705406189,1.9959177971,144.082901001,0.6233,170.888888888889
54.92,5.34,240.32,208.46,0,1011.62,136.46,486,750.98,128,25.67,40.38,25.69,38.56,25.72,39.04,41.3705406189,1.9959177971,144.082901001,0.6233,171.777777777778
54.8,5.34,240.49,232.7,0,1062.87,147.6,486,750.98,128,25.67,40.38,25.69,38.56,25.72,39.04,41.3705406189,1.9959177971,144.082901001,0.6233,172.666666666667
54.46,5.34,243.93,211.81,0,1020.22,143.61,486,750.98,128,25.67,40.38,25.69,38.56,25.72,39.04,41.3705406189,1.9959177971,144.082901001,0.6233,173.555555555556
54.86,5.34,244.45,211.3,0,1084.67,133.22,484,750.98,128,25.67,40.38,25.69,38.56,25.72,39.04,41.3705406189,1.9959177971,144.082901001,0.6233,174.444444444444
54.97,5.34,243.23,213.32,0,1071.9,135.49,484,750.98,128,25.67,40.38,25.69,38.56,25.72,39.04,41.3705406189,1.9959177971,144.082901001,0.6233,175.333333333333
54.71,5.35,246.75,204,0,1045.39,130.32,473,750.98,128,25.69,41.89,25.7,40.28,25.75,40.76,41.3704071045,1.9959915876,143.7386932373,1.3554,175.333333333333
54.76,5.35,208.09,220.51,0,1027.85,132.81,473,750.98,128,25.69,41.89,25.7,40.28,25.75,40.76,41.3704071045,1.9959915876,143.7386932373,1.3554,177.733333333333
54.56,5.35,228.57,205.45,0,1074.44,141.06,473,750.98,128,25.69,41.89,25.7,40.28,25.75,40.76,41.3704071045,1.9959915876,143.7386932373,1.3554,180.133333333333
54.42,5.35,237.64,215.86,0,1122.01,132.81,473,750.98,128,25.69,41.89,25.7,40.28,25.75,40.76,41.3704071045,1.9959915876,143.7386932373,1.3554,182.533333333333
54.5,5.34,237.97,211.23,0,957.33,148.46,473,750.98,128,25.69,41.89,25.7,40.28,25.75,40.76,41.3704071045,1.9959915876,143.7386932373,1.3554,184.933333333333
54.28,5.36,246.93,215.57,0,1103.93,130.06,473,750.98,128,25.72,41.69,25.7,40.11,25.75,40.61,41.3703460693,1.9960893393,142.2333984375,2.9669,184.933333333333
54.23,5.35,209.62,218.65,0,1053.91,135.95,473,750.98,128,25.72,41.69,25.7,40.11,25.75,40.61,41.3703460693,1.9960893393,142.2333984375,2.9669,185.933333333333
54.21,5.36,229.8,222.23,0,1008.21,145.82,473,750.98,128,25.72,41.69,25.7,40.11,25.75,40.61,41.3703460693,1.9960893393,142.2333984375,2.9669,186.933333333333
54.01,5.36,238.8,208.75,0,1008.89,147.06,473,750.98,128,25.72,41.69,25.7,40.11,25.75,40.61,41.3703460693,1.9960893393,142.2333984375,2.9669,187.933333333333
53.98,5.36,240.32,214.69,0,1085.77,130.45,473,750.98,128,25.72,41.69,25.7,40.11,25.75,40.61,41.3703460693,1.9960893393,142.2333984375,2.9669,188.933333333333
53.85,5.36,242.37,210.73,0,1023.68,131.69,474,750.98,128,25.72,41.69,25.7,40.11,25.75,40.61,41.3703460693,1.9960893393,142.2333984375,2.9669,189.933333333333
53.96,5.36,243.93,207.55,0,993.64,137.85,474,750.98,128,25.72,41.69,25.7,40.11,25.75,40.61,41.3703460693,1.9960893393,142.2333984375,2.9669,190.933333333333
53.94,5.36,244.62,207.13,0,1092.78,142.16,474,750.98,128,25.72,41.69,25.7,40.11,25.75,40.61,41.3703460693,1.9960893393,142.2333984375,2.9669,191.933333333333
53.71,5.36,246.04,205.38,0,1072.26,145.37,474,750.98,128,25.72,41.69,25.7,40.11,25.75,40.61,41.3703460693,1.9960893393,142.2333984375,2.9669,192.933333333333
54.11,5.36,243.58,202,0,1012.99,140.44,474,750.98,128,25.72,41.69,25.7,40.11,25.75,40.61,41.3703460693,1.9960893393,142.2333984375,2.9669,193.933333333333
53.87,5.35,248.54,209.95,0,1009.57,134.03,476,750.98,128,25.75,41.69,25.73,40.13,25.77,40.59,41.3703155518,1.9961174726,142.8699951172,4.9333,193.933333333333
53.93,5.36,210.01,217.54,0,1050,132.05,476,750.98,128,25.75,41.69,25.73,40.13,25.77,40.59,41.3703155518,1.9961174726,142.8699951172,4.9333,194.933333333333
54,5.36,230.58,227.41,0,1102.06,142.79,476,750.98,128,25.75,41.69,25.73,40.13,25.77,40.59,41.3703155518,1.9961174726,142.8699951172,4.9333,195.933333333333
53.58,5.36,244.8,206.36,0,1018.15,125.77,471,750.98,128,25.75,41.69,25.73,40.13,25.77,40.59,41.3703155518,1.9961174726,142.8699951172,4.9333,196.933333333333
53.53,5.36,245.5,204.9,0,1099.46,139.31,471,750.98,128,25.75,41.69,25.73,40.13,25.77,40.59,41.3703155518,1.9961174726,142.8699951172,4.9333,197.933333333333
53.7,5.36,247.46,207.97,0,1100.95,127.14,471,750.98,128,25.75,41.69,25.73,40.13,25.77,40.59,41.3703155518,1.9961174726,142.8699951172,4.9333,198.933333333333
53.66,5.36,247.28,212.67,0,1073.71,129.7,471,750.98,128,25.73,41.73,25.77,40.17,25.78,40.67,41.3702774048,1.9961241484,146.3410949707,6.8374,198.933333333333
53.63,5.36,209.24,201.73,0,1050.35,133.13,471,750.98,128,25.73,41.73,25.77,40.17,25.78,40.67,41.3702774048,1.9961241484,146.3410949707,6.8374,199.733333333333
53.43,5.36,229.34,209.74,0,1063.95,133.49,471,750.98,128,25.73,41.73,25.77,40.17,25.78,40.67,41.3702774048,1.9961241484,146.3410949707,6.8374,200.533333333333
53.63,5.37,238.47,203.03,0,1051.42,138.04,471,750.98,128,25.73,41.73,25.77,40.17,25.78,40.67,41.3702774048,1.9961241484,146.3410949707,6.8374,201.333333333333
53.37,5.36,239.64,214.26,0,1083.94,140.49,471,750.98,128,25.73,41.73,25.77,40.17,25.78,40.67,41.3702774048,1.9961241484,146.3410949707,6.8374,202.133333333333
53.4,5.36,241.51,210.02,0,977.63,140.25,469,750.98,128,25.73,41.73,25.77,40.17,25.78,40.67,41.3702774048,1.9961241484,146.3410949707,6.8374,202.933333333333
53.37,5.36,242.02,209.95,0,1009.23,132.05,469,750.98,128,25.73,41.73,25.77,40.17,25.78,40.67,41.3702774048,1.9961241484,146.3410949707,6.8374,203.733333333333
53.3,5.37,244.45,214.62,0,1050.35,134.12,469,750.98,128,25.73,41.73,25.77,40.17,25.78,40.67,41.3702774048,1.9961241484,146.3410949707,6.8374,204.533333333333
53.23,5.37,245.5,208.04,0,941.26,139.07,469,750.98,128,25.73,41.73,25.77,40.17,25.78,40.67,41.3702774048,1.9961241484,146.3410949707,6.8374,205.333333333333
53.22,5.37,243.58,211.95,0,1068.64,134.9,476,750.98,128,25.73,41.73,25.77,40.17,25.78,40.67,41.3702774048,1.9961241484,146.3410949707,6.8374,206.133333333333
52.28,5.38,236,191.87,0,805.28,97.47,478,750.98,128,25.84,40.84,25.89,39.11,25.92,39.58,41.3702659607,1.9961844683,135.953994751,5.5518,206.133333333333
52.3,5.38,201.22,191.03,0,835.26,103.25,478,750.98,128,25.84,40.84,25.89,39.11,25.92,39.58,41.3702659607,1.9961844683,135.953994751,5.5518,219.733333333333
52.23,5.38,220.17,189.04,0,885.33,103.74,478,750.98,128,25.84,40.84,25.89,39.11,25.92,39.58,41.3702659607,1.9961844683,135.953994751,5.5518,233.333333333333
52.31,5.38,228.26,194.56,0,874.02,116.15,477,750.98,128,25.84,40.84,25.89,39.11,25.92,39.58,41.3702659607,1.9961844683,135.953994751,5.5518,246.933333333333
52.53,5.38,229.96,193.96,0,797.15,107.38,477,750.98,128,25.84,40.84,25.89,39.11,25.92,39.58,41.3702659607,1.9961844683,135.953994751,5.5518,260.533333333333
52.83,5.38,238.64,190.51,0,834.7,114.17,476,750.98,128,25.86,40.91,25.91,39.19,25.91,39.63,41.3702468872,1.9961713552,138.3325042725,5.3261,260.533333333333
52.94,5.38,203.01,194.56,0,844.36,116.94,476,750.98,128,25.86,40.91,25.91,39.19,25.91,39.63,41.3702468872,1.9961713552,138.3325042725,5.3261,261.533333333333
53.21,5.38,221.45,193.96,0,801.75,111.42,476,750.98,128,25.86,40.91,25.91,39.19,25.91,39.63,41.3702468872,1.9961713552,138.3325042725,5.3261,262.533333333333
52.87,5.38,229.34,177.81,0,913.95,114.59,474,750.98,128,25.86,40.91,25.91,39.19,25.91,39.63,41.3702468872,1.9961713552,138.3325042725,5.3261,263.533333333333
53.09,5.38,230.58,197.21,0,894.37,122.29,474,750.98,128,25.86,40.91,25.91,39.19,25.91,39.63,41.3702468872,1.9961713552,138.3325042725,5.3261,264.533333333333
52.82,5.38,232.15,196.61,0,799.85,113.32,474,750.98,128,25.86,40.91,25.91,39.19,25.91,39.63,41.3702468872,1.9961713552,138.3325042725,5.3261,265.533333333333
53,5.38,233.9,199.96,0,856.45,118.1,474,750.98,128,25.86,40.91,25.91,39.19,25.91,39.63,41.3702468872,1.9961713552,138.3325042725,5.3261,266.533333333333
52.85,5.38,235.02,203.86,0,832.16,126.45,474,750.98,128,25.86,40.91,25.91,39.19,25.91,39.63,41.3702468872,1.9961713552,138.3325042725,5.3261,267.533333333333
53.16,5.38,236.82,197.88,0,844.65,125.01,474,750.98,128,25.86,40.91,25.91,39.19,25.91,39.63,41.3702468872,1.9961713552,138.3325042725,5.3261,268.533333333333
53.07,5.38,237.64,196.41,0,874.61,110.85,474,750.98,128,25.86,40.91,25.91,39.19,25.91,39.63,41.3702468872,1.9961713552,138.3325042725,5.3261,269.533333333333
52.57,5.35,228.72,169.06,0,834.7,137.85,408,750.98,128,25.97,40.72,25.98,39.04,26.02,39.51,41.3702888489,1.9961646795,123.7627029419,8.3608,269.533333333333
52.66,5.35,194.23,178.47,0,779.01,126.11,408,750.98,128,25.97,40.72,25.98,39.04,26.02,39.51,41.3702888489,1.9961646795,123.7627029419,8.3608,276.133333333333
52.58,5.35,210.14,179.86,0,774.28,123.03,408,750.98,128,25.97,40.72,25.98,39.04,26.02,39.51,41.3702888489,1.9961646795,123.7627029419,8.3608,282.733333333333
52.82,5.35,217.78,183.12,0,801.75,118.78,408,750.98,128,25.97,40.72,25.98,39.04,26.02,39.51,41.3702888489,1.9961646795,123.7627029419,8.3608,289.333333333333
52.78,5.34,219.04,170.79,0,852.98,121.87,408,750.98,128,25.97,40.72,25.98,39.04,26.02,39.51,41.3702888489,1.9961646795,123.7627029419,8.3608,295.933333333333
52.78,5.34,221.31,171.6,0,785.37,120.27,409,750.98,128,25.97,40.72,25.98,39.04,26.02,39.51,41.3702888489,1.9961646795,123.7627029419,8.3608,302.533333333333
52.54,5.35,222.32,173.23,0,833.29,117.62,409,750.98,128,25.97,40.72,25.98,39.04,26.02,39.51,41.3702888489,1.9961646795,123.7627029419,8.3608,309.133333333333
52.64,5.35,223.78,169.18,0,774.28,131.6,409,750.98,128,25.97,40.72,25.98,39.04,26.02,39.51,41.3702888489,1.9961646795,123.7627029419,8.3608,315.733333333333
52.52,5.34,225.1,165.83,0,737.95,118.74,409,750.98,128,25.97,40.72,25.98,39.04,26.02,39.51,41.3702888489,1.9961646795,123.7627029419,8.3608,322.333333333333
52.67,5.35,225.7,171.13,0,783.24,124.25,409,750.98,128,25.97,40.72,25.98,39.04,26.02,39.51,41.3702888489,1.9961646795,123.7627029419,8.3608,328.933333333333
52.65,5.34,226.3,167.01,0,754.62,123.66,341,750.98,128,25.95,40.68,26,39.02,26,39.47,41.3703155518,1.9961054325,128.4026031494,8.0226,328.933333333333
52.69,5.34,192.92,171.13,0,761.8,120.36,341,750.98,128,25.95,40.68,26,39.02,26,39.47,41.3703155518,1.9961054325,128.4026031494,8.0226,329.822222222222
52.7,5.34,209.36,170.96,0,823.48,135.49,341,750.98,128,25.95,40.68,26,39.02,26,39.47,41.3703155518,1.9961054325,128.4026031494,8.0226,330.711111111111
52.53,5.34,215.99,176.31,0,765.16,116.98,341,750.98,128,25.95,40.68,26,39.02,26,39.47,41.3703155518,1.9961054325,128.4026031494,8.0226,331.6
52.57,5.34,217.5,176.72,0,823.75,129.75,345,750.98,128,25.95,40.68,26,39.02,26,39.47,41.3703155518,1.9961054325,128.4026031494,8.0226,332.488888888889
52.43,5.34,217.64,172.53,0,774.28,124.92,345,750.98,128,25.95,40.68,26,39.02,26,39.47,41.3703155518,1.9961054325,128.4026031494,8.0226,333.377777777778
52.41,5.34,221.02,180.96,0,780.07,128.78,345,750.98,128,25.95,40.68,26,39.02,26,39.47,41.3703155518,1.9961054325,128.4026031494,8.0226,334.266666666667
52.56,5.34,222.17,173.82,0,769.58,129.62,345,750.98,128,25.95,40.68,26,39.02,26,39.47,41.3703155518,1.9961054325,128.4026031494,8.0226,335.155555555555
52.43,5.34,223.34,180.11,0,869.3,118.26,345,750.98,128,25.95,40.68,26,39.02,26,39.47,41.3703155518,1.9961054325,128.4026031494,8.0226,336.044444444444
52.53,5.34,225.1,173.47,0,850.1,116.78,349,750.98,128,25.97,40.51,25.98,38.76,26.02,39.23,41.3703613281,1.9960123301,135.2754058838,6.6145,336.044444444444
52.86,5.34,191.72,182.44,0,773.23,127.66,349,750.98,128,25.97,40.51,25.98,38.76,26.02,39.23,41.3703613281,1.9960123301,135.2754058838,6.6145,337.377777777778
52.7,5.34,208.34,169.35,0,800.94,121.01,349,750.98,128,25.97,40.51,25.98,38.76,26.02,39.23,41.3703613281,1.9960123301,135.2754058838,6.6145,338.711111111111
52.8,5.34,214.63,182.62,0,777.7,120.36,349,750.98,128,25.97,40.51,25.98,38.76,26.02,39.23,41.3703613281,1.9960123301,135.2754058838,6.6145,340.044444444444
52.68,5.34,216.95,168.03,0,809.38,119.46,978,750.98,128,25.97,40.51,25.98,38.76,26.02,39.23,41.3703613281,1.9960123301,135.2754058838,6.6145,341.377777777778
52.81,5.34,219.46,173.23,0,789.36,124.75,978,750.98,128,25.97,40.51,25.98,38.76,26.02,39.23,41.3703613281,1.9960123301,135.2754058838,6.6145,342.711111111111
52.76,5.34,220.88,173.76,0,784.84,120.81,978,750.98,128,25.97,40.51,25.98,38.76,26.02,39.23,41.3703613281,1.9960123301,135.2754058838,6.6145,344.044444444444
52.68,5.33,221.88,168.09,0,773.23,118.5,978,750.98,128,25.97,40.51,25.98,38.76,26.02,39.23,41.3703613281,1.9960123301,135.2754058838,6.6145,345.377777777778
52.82,5.33,221.74,172.53,0,753.09,120.27,978,750.98,128,25.97,40.51,25.98,38.76,26.02,39.23,41.3703613281,1.9960123301,135.2754058838,6.6145,346.711111111111
52.76,5.34,225.1,173.06,0,840.08,129.62,1127,750.98,128,26,40.57,26.02,38.86,26.05,39.34,41.3703346252,1.9960501194,134.2028045654,5.639,346.711111111111
52.84,5.33,192.81,174.53,0,775.07,111.27,1127,750.98,128,26,40.57,26.02,38.86,26.05,39.34,41.3703346252,1.9960501194,134.2028045654,5.639,347.511111111111
52.79,5.34,208.85,170.38,0,799.85,126.11,1127,750.98,128,26,40.57,26.02,38.86,26.05,39.34,41.3703346252,1.9960501194,134.2028045654,5.639,348.311111111111
53.02,5.34,216.12,171.48,0,750.8,121.09,1127,750.98,128,26,40.57,26.02,38.86,26.05,39.34,41.3703346252,1.9960501194,134.2028045654,5.639,349.111111111111
53,5.33,218.06,170.79,0,773.23,119.91,1386,750.98,128,26,40.57,26.02,38.86,26.05,39.34,41.3703346252,1.9960501194,134.2028045654,5.639,349.911111111111
52.85,5.33,220.17,172.18,0,796.88,126.28,1386,750.98,128,26,40.57,26.02,38.86,26.05,39.34,41.3703346252,1.9960501194,134.2028045654,5.639,350.711111111111
53.02,5.34,220.88,168.72,0,834.7,116.47,1386,750.98,128,26,40.57,26.02,38.86,26.05,39.34,41.3703346252,1.9960501194,134.2028045654,5.639,351.511111111111
52.94,5.33,223.92,188.27,0,770.62,121.67,1386,750.98,128,26,40.57,26.02,38.86,26.05,39.34,41.3703346252,1.9960501194,134.2028045654,5.639,352.311111111111
52.78,5.34,225.4,173,0,754.11,134.85,1386,750.98,128,26,40.57,26.02,38.86,26.05,39.34,41.3703346252,1.9960501194,134.2028045654,5.639,353.111111111111
53.08,5.34,223.92,174.35,0,851.25,124.37,1386,750.98,128,26,40.57,26.02,38.86,26.05,39.34,41.3703346252,1.9960501194,134.2028045654,5.639,353.911111111111
52.84,5.33,227.2,167.64,0,725.08,135.68,0,750.98,128,26,40.67,26.02,38.95,26.03,39.44,41.3703231812,1.996094346,131.616394043,1.8583,353.911111111111
53,5.34,192.81,173.06,0,774.28,122.12,0,750.98,128,26,40.67,26.02,38.95,26.03,39.44,41.3703231812,1.996094346,131.616394043,1.8583,354.911111111111
52.97,5.33,210.14,174.7,0,736.45,120.52,0,750.98,128,26,40.67,26.02,38.95,26.03,39.44,41.3703231812,1.996094346,131.616394043,1.8583,355.911111111111
52.66,5.33,218.06,183.74,0,810.48,125.51,1553,750.98,128,26,40.67,26.02,38.95,26.03,39.44,41.3703231812,1.996094346,131.616394043,1.8583,356.911111111111
52.87,5.33,219.74,174.41,0,831.6,122.37,1553,750.98,128,26,40.67,26.02,38.95,26.03,39.44,41.3703231812,1.996094346,131.616394043,1.8583,357.911111111111
52.98,5.33,221.17,173,0,776.64,127.4,1553,750.98,128,26,40.67,26.02,38.95,26.03,39.44,41.3703231812,1.996094346,131.616394043,1.8583,358.911111111111
53.1,5.33,223.19,176.61,0,764.65,127.27,1553,750.98,128,26,40.67,26.02,38.95,26.03,39.44,41.3703231812,1.996094346,131.616394043,1.8583,359.911111111111
52.84,5.33,223.63,173.94,0,772.71,127.01,1553,750.98,128,26,40.67,26.02,38.95,26.03,39.44,41.3703231812,1.996094346,131.616394043,1.8583,360.911111111111
52.92,5.33,225.1,178.11,0,786.7,120.07,1553,750.98,128,26,40.67,26.02,38.95,26.03,39.44,41.3703231812,1.996094346,131.616394043,1.8583,361.911111111111
53,5.33,226.45,174.88,0,758.97,132.41,1556,750.98,128,26,40.67,26.02,38.95,26.03,39.44,41.3703231812,1.996094346,131.616394043,1.8583,362.911111111111
53.24,5.33,229.65,176.01,0,837.81,124.08,1012,750.98,128,26.05,40.86,26.06,39.2,26.06,39.72,41.370300293,1.9960398674,137.8585968018,1.4096,362.911111111111
53.1,5.32,196.13,173.64,0,802.29,120.4,1012,750.98,128,26.05,40.86,26.06,39.2,26.06,39.72,41.370300293,1.9960398674,137.8585968018,1.4096,367.311111111111
53.32,5.33,212.1,183.06,0,792.85,121.58,1012,750.98,128,26.05,40.86,26.06,39.2,26.06,39.72,41.370300293,1.9960398674,137.8585968018,1.4096,371.711111111111
53.18,5.33,221.02,185.61,0,792.58,122.7,1012,750.98,128,26.05,40.86,26.06,39.2,26.06,39.72,41.370300293,1.9960398674,137.8585968018,1.4096,376.111111111111
53.16,5.32,229.49,179.68,0,790.43,124.25,950,750.98,128,26.05,40.86,26.06,39.2,26.06,39.72,41.370300293,1.9960398674,137.8585968018,1.4096,380.511111111111
53.34,5.32,230.58,189.74,0,799.85,136.97,773,750.98,128,26.05,40.89,26.06,39.3,26.09,39.82,41.3703079224,1.9960565567,138.8242950439,1.5025,380.511111111111
53.18,5.32,196.81,170.67,0,801.21,130.32,773,750.98,128,26.05,40.89,26.06,39.3,26.09,39.82,41.3703079224,1.9960565567,138.8242950439,1.5025,382.511111111111
53.39,5.32,213.69,179.44,0,833.29,125.64,773,750.98,128,26.05,40.89,26.06,39.3,26.09,39.82,41.3703079224,1.9960565567,138.8242950439,1.5025,384.511111111111
53.19,5.32,229.8,188.46,0,829.35,127.96,685,750.98,128,26.05,40.89,26.06,39.3,26.09,39.82,41.3703079224,1.9960565567,138.8242950439,1.5025,386.511111111111
53.11,5.32,230.42,188.53,0,819.58,125.69,685,750.98,128,26.05,40.89,26.06,39.3,26.09,39.82,41.3703079224,1.9960565567,138.8242950439,1.5025,388.511111111111
53.26,5.32,231.36,179.74,0,792.04,118.9,663,750.98,128,26.05,40.99,26.03,39.54,26.09,40.27,41.3703079224,1.9960631132,138.3148956299,2.2597,388.511111111111
53.2,5.32,197.61,185.11,0,801.21,119.99,663,750.98,128,26.05,40.99,26.03,39.54,26.09,40.27,41.3703079224,1.9960631132,138.3148956299,2.2597,389.511111111111
53.37,5.32,223.48,186.5,0,817.09,123.7,663,750.98,128,26.05,40.99,26.03,39.54,26.09,40.27,41.3703079224,1.9960631132,138.3148956299,2.2597,390.511111111111
53.45,5.32,225.4,181.02,0,810.75,125.01,658,750.98,128,26.05,40.99,26.03,39.54,26.09,40.27,41.3703079224,1.9960631132,138.3148956299,2.2597,391.511111111111
53.4,5.32,226.6,183.86,0,777.17,136,658,750.98,128,26.05,40.99,26.03,39.54,26.09,40.27,41.3703079224,1.9960631132,138.3148956299,2.2597,392.511111111111
53.5,5.32,228.57,174.88,0,854.71,126.41,658,750.98,128,26.05,40.99,26.03,39.54,26.09,40.27,41.3703079224,1.9960631132,138.3148956299,2.2597,393.511111111111
53.42,5.32,229.96,175.35,0,792.58,118.3,658,750.98,128,26.05,40.99,26.03,39.54,26.09,40.27,41.3703079224,1.9960631132,138.3148956299,2.2597,394.511111111111
53.1,5.32,228.11,183.68,0,802.56,125.01,658,750.98,128,26.05,40.99,26.03,39.54,26.09,40.27,41.3703079224,1.9960631132,138.3148956299,2.2597,395.511111111111
52.36,5.32,229.34,176.43,0,765.68,123.49,644,750.98,128,26.05,41.78,26.08,40.2,26.09,40.48,41.3703079224,1.996065259,138.2955932617,1.9548,395.511111111111
52.1,5.32,193.35,184.11,0,761.29,122.7,644,750.98,128,26.05,41.78,26.08,40.2,26.09,40.48,41.3703079224,1.996065259,138.2955932617,1.9548,397.511111111111
52.16,5.32,209.11,178.47,0,715.81,108.04,644,750.98,128,26.05,41.78,26.08,40.2,26.09,40.48,41.3703079224,1.996065259,138.2955932617,1.9548,399.511111111111
52.54,5.32,229.18,174.59,0,793.65,122.04,577,750.98,128,26.08,40.73,26.09,39.15,26.09,39.58,41.3703079224,1.9960809946,137.2033996582,1.5648,399.511111111111
52.71,5.32,195.9,176.13,0,810.48,112.94,577,750.98,128,26.08,40.73,26.09,39.15,26.09,39.58,41.3703079224,1.9960809946,137.2033996582,1.5648,401.955555555556
52.69,5.32,211.96,170.15,0,837.53,126.11,577,750.98,128,26.08,40.73,26.09,39.15,26.09,39.58,41.3703079224,1.9960809946,137.2033996582,1.5648,404.4
52.78,5.32,219.46,185.55,0,776.12,137.11,561,750.98,128,26.08,40.73,26.09,39.15,26.09,39.58,41.3703079224,1.9960809946,137.2033996582,1.5648,406.844444444444
52.62,5.32,221.31,182.75,0,780.07,131.07,561,750.98,128,26.08,40.73,26.09,39.15,26.09,39.58,41.3703079224,1.9960809946,137.2033996582,1.5648,409.288888888889
52.62,5.32,221.88,178.05,0,834.98,111.12,561,750.98,128,26.08,40.73,26.09,39.15,26.09,39.58,41.3703079224,1.9960809946,137.2033996582,1.5648,411.733333333333
52.9,5.32,225.1,183.49,0,763.87,117.94,561,750.98,128,26.08,40.73,26.09,39.15,26.09,39.58,41.3703079224,1.9960809946,137.2033996582,1.5648,414.177777777778
53.02,5.32,226.3,185.93,0,840.65,118.9,561,750.98,128,26.08,40.73,26.09,39.15,26.09,39.58,41.3703079224,1.9960809946,137.2033996582,1.5648,416.622222222222
52.95,5.32,227.35,181.64,0,818.47,125.69,561,750.98,128,26.08,40.73,26.09,39.15,26.09,39.58,41.3703079224,1.9960809946,137.2033996582,1.5648,419.066666666667
53.05,5.32,229.49,178.71,0,760,122.41,559,750.98,128,26.11,40.84,26.08,39.28,26.11,39.73,41.3703079224,1.9960941076,135.3029937744,1.8173,419.066666666667
52.92,5.32,195.79,185.55,0,750.04,126.75,559,750.98,128,26.11,40.84,26.08,39.28,26.11,39.73,41.3703079224,1.9960941076,135.3029937744,1.8173,420.066666666667
53.08,5.33,212.62,172.53,0,773.76,127.14,559,750.98,128,26.11,40.84,26.08,39.28,26.11,39.73,41.3703079224,1.9960941076,135.3029937744,1.8173,421.066666666667
53.09,5.33,220.45,181.64,0,793.11,111.72,563,750.98,128,26.11,40.84,26.08,39.28,26.11,39.73,41.3703079224,1.9960941076,135.3029937744,1.8173,422.066666666667
52.92,5.32,222.03,183.37,0,795.26,129.57,563,750.98,128,26.11,40.84,26.08,39.28,26.11,39.73,41.3703079224,1.9960941076,135.3029937744,1.8173,423.066666666667
52.88,5.31,223.48,192.46,0,771.67,131.6,563,750.98,128,26.11,40.84,26.08,39.28,26.11,39.73,41.3703079224,1.9960941076,135.3029937744,1.8173,424.066666666667
53.26,5.31,225.4,179.44,0,821.8,115.21,563,750.98,128,26.11,40.84,26.08,39.28,26.11,39.73,41.3703079224,1.9960941076,135.3029937744,1.8173,425.066666666667
53.13,5.32,226.75,183.18,0,844.36,130.1,563,750.98,128,26.11,40.84,26.08,39.28,26.11,39.73,41.3703079224,1.9960941076,135.3029937744,1.8173,426.066666666667
53.32,5.32,228.57,203.38,0,836.96,121.09,563,750.98,128,26.11,40.84,26.08,39.28,26.11,39.73,41.3703079224,1.9960941076,135.3029937744,1.8173,427.066666666667
53.15,5.32,229.34,170.56,0,742.21,131.25,563,750.98,128,26.11,40.84,26.08,39.28,26.11,39.73,41.3703079224,1.9960941076,135.3029937744,1.8173,428.066666666667
53.19,5.31,230.58,179.13,0,793.38,130.67,555,750.98,128,26.08,40.84,26.11,39.27,26.14,39.77,41.3703079224,1.9960920811,135.6994934082,3.6808,428.066666666667
53.23,5.32,197.04,178.05,0,749.78,126.62,555,750.98,128,26.08,40.84,26.11,39.27,26.14,39.77,41.3703079224,1.9960920811,135.6994934082,3.6808,428.866666666667
53.16,5.32,214.49,194.95,0,833.01,124.16,441,750.98,128,26.08,40.84,26.11,39.27,26.14,39.77,41.3703079224,1.9960920811,135.6994934082,3.6808,429.666666666667
53.39,5.31,221.88,185.93,0,797.96,122.08,441,750.98,128,26.08,40.84,26.11,39.27,26.14,39.77,41.3703079224,1.9960920811,135.6994934082,3.6808,430.466666666667
53.46,5.31,223.63,186.24,0,804.74,121.38,441,750.98,128,26.08,40.84,26.11,39.27,26.14,39.77,41.3703079224,1.9960920811,135.6994934082,3.6808,431.266666666667
53.14,5.31,225.85,185.8,0,769.06,136.27,441,750.98,128,26.08,40.84,26.11,39.27,26.14,39.77,41.3703079224,1.9960920811,135.6994934082,3.6808,432.066666666667
53.46,5.31,226.6,191.35,0,772.71,119.26,441,750.98,128,26.08,40.84,26.11,39.27,26.14,39.77,41.3703079224,1.9960920811,135.6994934082,3.6808,432.866666666667
53.39,5.32,229.03,198.34,0,797.42,124.5,441,750.98,128,26.08,40.84,26.11,39.27,26.14,39.77,41.3703079224,1.9960920811,135.6994934082,3.6808,433.666666666667
53.26,5.32,229.65,181.82,0,867.53,132.95,442,750.98,128,26.08,40.84,26.11,39.27,26.14,39.77,41.3703079224,1.9960920811,135.6994934082,3.6808,434.466666666667
53.52,5.32,231.67,178.89,0,789.1,143.42,442,750.98,128,26.08,40.84,26.11,39.27,26.14,39.77,41.3703079224,1.9960920811,135.6994934082,3.6808,435.266666666667
53.67,5.32,232.46,188.4,0,821.8,129.22,444,750.98,128,26.12,41.28,26.14,39.87,26.16,40.32,41.3703079224,1.996098876,135.4371032715,2.0876,435.266666666667
53.55,5.31,197.26,192.46,0,837.25,128.39,444,750.98,128,26.12,41.28,26.14,39.87,26.16,40.32,41.3703079224,1.996098876,135.4371032715,2.0876,437.066666666667
53.52,5.32,215.71,185.55,0,778.75,145.18,444,750.98,128,26.12,41.28,26.14,39.87,26.16,40.32,41.3703079224,1.996098876,135.4371032715,2.0876,438.866666666667
53.5,5.32,223.63,193.64,0,815.99,119.46,444,750.98,128,26.12,41.28,26.14,39.87,26.16,40.32,41.3703079224,1.996098876,135.4371032715,2.0876,440.666666666667
53.84,5.31,225.25,200.91,0,849.81,123.41,444,750.98,128,26.12,41.28,26.14,39.87,26.16,40.32,41.3703079224,1.996098876,135.4371032715,2.0876,442.466666666667
53.63,5.32,227.66,181.94,0,922.65,118.3,444,750.98,128,26.12,41.28,26.14,39.87,26.16,40.32,41.3703079224,1.996098876,135.4371032715,2.0876,444.266666666667
53.84,5.32,229.03,211.3,0,818.47,124.67,444,750.98,128,26.12,41.28,26.14,39.87,26.16,40.32,41.3703079224,1.996098876,135.4371032715,2.0876,446.066666666667
53.58,5.32,230.73,181.64,0,821.8,138.27,443,750.98,128,26.12,41.28,26.14,39.87,26.16,40.32,41.3703079224,1.996098876,135.4371032715,2.0876,447.866666666667
53.84,5.32,231.67,182.93,0,818.75,128.05,443,750.98,128,26.12,41.28,26.14,39.87,26.16,40.32,41.3703079224,1.996098876,135.4371032715,2.0876,449.666666666667
53.61,5.32,232.46,181.7,0,824.31,133.99,443,750.98,128,26.12,41.28,26.14,39.87,26.16,40.32,41.3703079224,1.996098876,135.4371032715,2.0876,451.466666666667
53.71,5.32,233.74,183.06,0,817.09,130.72,442,750.98,128,26.12,40.64,26.14,39.02,26.2,39.55,41.3703079224,1.996098876,135.9156036377,2.1835,451.466666666667
53.66,5.31,199.34,185.43,0,798.77,127.79,442,750.98,128,26.12,40.64,26.14,39.02,26.2,39.55,41.3703079224,1.996098876,135.9156036377,2.1835,452.266666666667
53.66,5.31,216.67,196.28,0,826.83,122.99,442,750.98,128,26.12,40.64,26.14,39.02,26.2,39.55,41.3703079224,1.996098876,135.9156036377,2.1835,453.066666666667
53.97,5.31,224.96,190.32,0,821.8,118.62,442,750.98,128,26.12,40.64,26.14,39.02,26.2,39.55,41.3703079224,1.996098876,135.9156036377,2.1835,453.866666666667
53.93,5.32,227.05,195.15,0,856.45,121.71,442,750.98,128,26.12,40.64,26.14,39.02,26.2,39.55,41.3703079224,1.996098876,135.9156036377,2.1835,454.666666666667
54.03,5.32,228.26,191.1,0,803.65,137.15,444,750.98,128,26.12,40.64,26.14,39.02,26.2,39.55,41.3703079224,1.996098876,135.9156036377,2.1835,455.466666666667
53.76,5.31,230.73,192.46,0,868.42,140.11,444,750.98,128,26.12,40.64,26.14,39.02,26.2,39.55,41.3703079224,1.996098876,135.9156036377,2.1835,456.266666666667
53.86,5.32,232.62,191.87,0,767.5,135.72,444,750.98,128,26.12,40.64,26.14,39.02,26.2,39.55,41.3703079224,1.996098876,135.9156036377,2.1835,457.066666666667
53.81,5.31,233.74,191.55,0,827.11,121.46,444,750.98,128,26.12,40.64,26.14,39.02,26.2,39.55,41.3703079224,1.996098876,135.9156036377,2.1835,457.866666666667
53.9,5.31,235.19,184.55,0,874.61,122.37,444,750.98,128,26.12,40.64,26.14,39.02,26.2,39.55,41.3703079224,1.996098876,135.9156036377,2.1835,458.666666666667
53.98,5.32,236.65,182.31,0,877.87,125.98,450,750.98,128,26.12,40.62,26.17,39.04,26.16,39.54,41.3703155518,1.9960923195,137.1289978027,2.8803,458.666666666667
53.85,5.31,201.34,182.69,0,915.5,128.44,450,750.98,128,26.12,40.62,26.17,39.04,26.16,39.54,41.3703155518,1.9960923195,137.1289978027,2.8803,459.666666666667
53.85,5.32,219.6,199.29,0,844.36,127.36,450,750.98,128,26.12,40.62,26.17,39.04,26.16,39.54,41.3703155518,1.9960923195,137.1289978027,2.8803,460.666666666667
53.81,5.31,227.81,191.49,0,837.53,134.4,450,750.98,128,26.12,40.62,26.17,39.04,26.16,39.54,41.3703155518,1.9960923195,137.1289978027,2.8803,461.666666666667
54.16,5.31,229.18,197.47,0,802.56,140.68,450,750.98,128,26.12,40.62,26.17,39.04,26.16,39.54,41.3703155518,1.9960923195,137.1289978027,2.8803,462.666666666667
53.93,5.31,231.2,182.13,0,781.65,127.79,453,750.98,128,26.12,40.62,26.17,39.04,26.16,39.54,41.3703155518,1.9960923195,137.1289978027,2.8803,463.666666666667
53.71,5.31,233.1,185.55,0,905.33,140.39,453,750.98,128,26.12,40.62,26.17,39.04,26.16,39.54,41.3703155518,1.9960923195,137.1289978027,2.8803,464.666666666667
53.98,5.31,234.22,194.62,0,793.65,150.94,453,750.98,128,26.12,40.62,26.17,39.04,26.16,39.54,41.3703155518,1.9960923195,137.1289978027,2.8803,465.666666666667
53.85,5.31,235.19,200.64,0,878.47,130.1,453,750.98,128,26.12,40.62,26.17,39.04,26.16,39.54,41.3703155518,1.9960923195,137.1289978027,2.8803,466.666666666667
53.85,5.31,235.35,188.85,0,836.4,132.14,453,750.98,128,26.12,40.62,26.17,39.04,26.16,39.54,41.3703155518,1.9960923195,137.1289978027,2.8803,467.666666666667
53.75,5.31,238.3,197.61,0,870.18,132.86,450,750.98,128,26.14,40.83,26.17,39.33,26.2,39.79,41.3703651428,1.9960800409,137.921005249,4.5038,467.666666666667
53.76,5.31,201.93,190,0,835.83,132.68,450,750.98,128,26.14,40.83,26.17,39.33,26.2,39.79,41.3703651428,1.9960800409,137.921005249,4.5038,457.666666666667
53.93,5.31,220.74,197.21,0,852.4,128.22,450,750.98,128,26.14,40.83,26.17,39.33,26.2,39.79,41.3703651428,1.9960800409,137.921005249,4.5038,447.666666666667
53.63,5.31,228.88,192.26,0,876.39,141.83,450,750.98,128,26.14,40.83,26.17,39.33,26.2,39.79,41.3703651428,1.9960800409,137.921005249,4.5038,437.666666666667
53.91,5.31,237.64,195.68,0,820.97,132.86,455,750.98,128,26.14,40.83,26.17,39.33,26.2,39.79,41.3703651428,1.9960800409,137.921005249,4.5038,427.666666666667
53.78,5.31,239.64,190.45,0,861.97,120.4,457,750.98,128,26.14,40.7,26.19,39.12,26.19,39.6,41.3704872131,1.9959536791,139.7933044434,1.3249,427.666666666667
53.88,5.31,202.41,197.14,0,791.5,135.86,457,750.98,128,26.14,40.7,26.19,39.12,26.19,39.6,41.3704872131,1.9959536791,139.7933044434,1.3249,435.866666666667
53.77,5.31,221.45,196.94,0,923.59,133.08,459,750.98,128,26.14,40.7,26.19,39.12,26.19,39.6,41.3704872131,1.9959536791,139.7933044434,1.3249,444.066666666667
53.74,5.31,230.42,216.96,0,802.56,142.79,459,750.98,128,26.14,40.7,26.19,39.12,26.19,39.6,41.3704872131,1.9959536791,139.7933044434,1.3249,452.266666666667
54.03,5.31,230.73,201.05,0,889.54,141.06,459,750.98,128,26.14,40.7,26.19,39.12,26.19,39.6,41.3704872131,1.9959536791,139.7933044434,1.3249,460.466666666667
54.16,5.31,233.74,201.8,0,899.53,138.37,459,750.98,128,26.14,40.7,26.19,39.12,26.19,39.6,41.3704872131,1.9959536791,139.7933044434,1.3249,468.666666666667
53.75,5.31,234.7,192.33,0,821.25,138.51,459,750.98,128,26.14,40.7,26.19,39.12,26.19,39.6,41.3704872131,1.9959536791,139.7933044434,1.3249,476.866666666667
53.87,5.31,236.32,204.34,0,871.95,139.63,459,750.98,128,26.14,40.7,26.19,39.12,26.19,39.6,41.3704872131,1.9959536791,139.7933044434,1.3249,485.066666666667
53.71,5.31,236.98,196.08,0,894.97,133.58,461,750.98,128,26.14,40.7,26.19,39.12,26.19,39.6,41.3704872131,1.9959536791,139.7933044434,1.3249,493.266666666667
54.01,5.31,238.3,202.82,0,930.81,137.48,461,750.98,128,26.14,40.7,26.19,39.12,26.19,39.6,41.3704872131,1.9959536791,139.7933044434,1.3249,501.466666666667
53.75,5.31,239.14,202.48,0,843.5,126.8,461,750.98,128,26.19,40.65,26.19,39.1,26.23,39.63,41.3705406189,1.9959312677,141.008605957,1.13,501.466666666667
53.83,5.31,202.65,193.44,0,872.25,139.92,461,750.98,128,26.19,40.65,26.19,39.1,26.23,39.63,41.3705406189,1.9959312677,141.008605957,1.13,502.266666666667
53.86,5.31,222.17,198.75,0,867.53,136.32,461,750.98,128,26.19,40.65,26.19,39.1,26.23,39.63,41.3705406189,1.9959312677,141.008605957,1.13,503.066666666667
54.01,5.31,231.52,192.13,0,903.8,145.87,461,750.98,128,26.19,40.65,26.19,39.1,26.23,39.63,41.3705406189,1.9959312677,141.008605957,1.13,503.866666666667
54.11,5.31,232.78,188.78,0,873.43,149.97,461,750.98,128,26.19,40.65,26.19,39.1,26.23,39.63,41.3705406189,1.9959312677,141.008605957,1.13,504.666666666667
54.1,5.3,233.74,191.55,0,938.08,142.4,461,750.98,128,26.19,40.65,26.19,39.1,26.23,39.63,41.3705406189,1.9959312677,141.008605957,1.13,505.466666666667
54.1,5.31,236.82,197.34,0,940.31,126.58,461,750.98,128,26.19,40.65,26.19,39.1,26.23,39.63,41.3705406189,1.9959312677,141.008605957,1.13,506.266666666667
53.98,5.3,237.81,205.59,0,831.88,137.06,460,750.98,128,26.19,40.65,26.19,39.1,26.23,39.63,41.3705406189,1.9959312677,141.008605957,1.13,507.066666666667
53.92,5.31,239.48,188.4,0,827.67,127.4,460,750.98,128,26.19,40.65,26.19,39.1,26.23,39.63,41.3705406189,1.9959312677,141.008605957,1.13,507.866666666667
54.14,5.31,240.15,193.18,0,806.38,122.45,460,750.98,128,26.19,40.65,26.19,39.1,26.23,39.63,41.3705406189,1.9959312677,141.008605957,1.13,508.666666666667
54.2,5.31,240.66,208.53,0,892.55,121.91,465,750.98,128,26.19,40.55,26.17,39.06,26.23,39.57,41.37059021,1.9959107637,140.7445983887,1.5213,508.666666666667
54.13,5.31,203.62,204.06,0,893.76,145.62,465,750.98,128,26.19,40.55,26.17,39.06,26.23,39.57,41.37059021,1.9959107637,140.7445983887,1.5213,509.666666666667
54.07,5.3,223.34,201.87,0,841.51,142.55,465,750.98,128,26.19,40.55,26.17,39.06,26.23,39.57,41.37059021,1.9959107637,140.7445983887,1.5213,510.666666666667
53.9,5.31,231.99,198.61,0,945.09,134.21,465,750.98,128,26.19,40.55,26.17,39.06,26.23,39.57,41.37059021,1.9959107637,140.7445983887,1.5213,511.666666666667
54.1,5.31,233.58,182.93,0,890.14,138.13,465,750.98,128,26.19,40.55,26.17,39.06,26.23,39.57,41.37059021,1.9959107637,140.7445983887,1.5213,512.666666666667
54.1,5.31,234.86,189.17,0,931.44,139.26,465,750.98,128,26.19,40.55,26.17,39.06,26.23,39.57,41.37059021,1.9959107637,140.7445983887,1.5213,513.666666666667
54.11,5.31,236.98,195.81,0,883.54,139.82,469,750.98,128,26.19,40.55,26.17,39.06,26.23,39.57,41.37059021,1.9959107637,140.7445983887,1.5213,514.666666666667
54.2,5.31,237.97,187.57,0,927.03,146.06,469,750.98,128,26.19,40.55,26.17,39.06,26.23,39.57,41.37059021,1.9959107637,140.7445983887,1.5213,515.666666666667
54.1,5.31,239.64,195.22,0,891.95,133.31,469,750.98,128,26.19,40.55,26.17,39.06,26.23,39.57,41.37059021,1.9959107637,140.7445983887,1.5213,516.666666666667
54.23,5.3,239.31,194.09,0,918.29,128.87,469,750.98,128,26.19,40.55,26.17,39.06,26.23,39.57,41.37059021,1.9959107637,140.7445983887,1.5213,517.666666666667
54.38,5.3,242.54,193.44,0,865.48,131.12,466,750.98,128,26.19,40.46,26.19,38.94,26.23,39.4,41.3705940247,1.9959021807,141.7487945557,0.7369,517.666666666667
54,5.3,204.6,200.98,0,873.72,128.7,466,750.98,128,26.19,40.46,26.19,38.94,26.23,39.4,41.3705940247,1.9959021807,141.7487945557,0.7369,518.666666666667
54.1,5.3,223.78,198.55,0,938.08,133.44,466,750.98,128,26.19,40.46,26.19,38.94,26.23,39.4,41.3705940247,1.9959021807,141.7487945557,0.7369,519.666666666667
54.15,5.3,234.38,203.44,0,883.54,141.78,466,750.98,128,26.19,40.46,26.19,38.94,26.23,39.4,41.3705940247,1.9959021807,141.7487945557,0.7369,520.666666666667
54.12,5.3,234.22,199.22,0,894.37,136.5,466,750.98,128,26.19,40.46,26.19,38.94,26.23,39.4,41.3705940247,1.9959021807,141.7487945557,0.7369,521.666666666667
54.1,5.31,236,204.83,0,876.68,131.83,469,750.98,128,26.19,40.46,26.19,38.94,26.23,39.4,41.3705940247,1.9959021807,141.7487945557,0.7369,522.666666666667
54.19,5.3,237.31,194.16,0,969.06,137.71,469,750.98,128,26.19,40.46,26.19,38.94,26.23,39.4,41.3705940247,1.9959021807,141.7487945557,0.7369,523.666666666667
54.15,5.3,238.8,201.8,0,876.39,142.16,469,750.98,128,26.19,40.46,26.19,38.94,26.23,39.4,41.3705940247,1.9959021807,141.7487945557,0.7369,524.666666666667
54.3,5.31,240.32,199.09,0,821.8,145.67,469,750.98,128,26.19,40.46,26.19,38.94,26.23,39.4,41.3705940247,1.9959021807,141.7487945557,0.7369,525.666666666667
54.03,5.3,241.34,189.1,0,894.97,126.32,469,750.98,128,26.19,40.46,26.19,38.94,26.23,39.4,41.3705940247,1.9959021807,141.7487945557,0.7369,526.666666666667
54.27,5.3,242.37,192.92,0,892.55,146.96,471,750.98,128,26.23,40.37,26.22,38.8,26.23,39.33,41.3706016541,1.995872736,145.1654968262,0.454,526.666666666667
54.28,5.31,204.96,197.61,0,887.13,147.85,471,750.98,128,26.23,40.37,26.22,38.8,26.23,39.33,41.3706016541,1.995872736,145.1654968262,0.454,521.666666666667
54.1,5.3,224.51,196.87,0,947.98,152.38,471,750.98,128,26.23,40.37,26.22,38.8,26.23,39.33,41.3706016541,1.995872736,145.1654968262,0.454,516.666666666667
54.28,5.31,233.58,202,0,1009.91,147.56,471,750.98,128,26.23,40.37,26.22,38.8,26.23,39.33,41.3706016541,1.995872736,145.1654968262,0.454,511.666666666667
54.26,5.3,235.51,193.96,0,916.43,132.63,466,750.98,128,26.23,40.37,26.22,38.8,26.23,39.33,41.3706016541,1.995872736,145.1654968262,0.454,506.666666666667
54.16,5.3,236.98,202.69,0,938.08,150.58,466,750.98,128,26.23,40.37,26.22,38.8,26.23,39.33,41.3706016541,1.995872736,145.1654968262,0.454,501.666666666667
54.24,5.3,238.14,193.77,0,902.58,136,466,750.98,128,26.23,40.37,26.22,38.8,26.23,39.33,41.3706016541,1.995872736,145.1654968262,0.454,496.666666666667
54.18,5.31,240.83,209.1,0,895.88,126.2,466,750.98,128,26.23,40.37,26.22,38.8,26.23,39.33,41.3706016541,1.995872736,145.1654968262,0.454,491.666666666667
54.46,5.31,242.02,192.66,0,917.36,139.35,466,750.98,128,26.23,40.37,26.22,38.8,26.23,39.33,41.3706016541,1.995872736,145.1654968262,0.454,486.666666666667
54.32,5.3,240.83,206.08,0,902.88,121.87,466,750.98,128,26.23,40.37,26.22,38.8,26.23,39.33,41.3706016541,1.995872736,145.1654968262,0.454,481.666666666667
