2025-04-23 11:24:49,"MXD#54.59,5.35,235.84,205.03,0.00,983.27,141.78,483#54.45,5.35,201.57,199.96,0.00,986.94,132.32,487#54.54,5.35,220.31,213.46,0.00,1018.84,141.16,487#54.58,5.35,228.72,220.88,0.00,1004.12,133.26,487#54.26,5.35,228.72,207.83,0.00,952.80,130.81,487#54.39,5.35,231.36,209.59,0.00,977.63,151.45,487#54.23,5.34,232.30,209.10,0.00,978.29,140.39,487#54.28,5.35,232.46,194.75,0.00,1021.26,138.46,482#54.54,5.35,234.70,204.55,0.00,969.06,133.31,482#54.43,5.35,234.86,204.00,0.00,957.65,141.01,482#TRH#25.41,42.22,25.36,41.76,25.39,40.00,25.42,40.42!","9:24:47, 41.3705978394, 1.9958618879, 143.5220947266, 0.0944"
2025-04-23 11:24:52,"MXA#23.82,17.78,10.55,40.75#23.77,17.80,10.55,40.53#23.61,17.80,10.57,40.70#23.88,17.77,10.51,40.34#23.08,17.72,10.55,41.00#23.40,17.73,10.54,40.72#23.41,17.79,10.57,40.79#24.01,17.82,10.53,40.28#TRH#33.47,44.48,33.53,41.50,33.64,39.35,33.38,44.48!","9:24:49, 41.3705978394, 1.9958610535, 143.7084045410, 0.0846"
2025-04-23 11:24:55,"ECS#0.37,-0.17,0.18,27.00,2.27#0.37,-0.23,0.18,25.00,2.18#0.18,-0.19,0.18,26.00,2.27#0.47,-0.17,0.19,25.00,2.18#0.47,-0.21,0.19,25.00,2.18#0.37,-0.19,0.18,25.00,2.18#0.18,-0.21,0.18,26.00,2.18#0.28,-0.17,0.18,25.00,2.09#0.28,-0.21,0.18,27.00,2.36#0.28,-0.21,0.18,25.00,2.18#0.18,-0.21,0.18,25.00,2.27#0.28,-0.25,0.18,26.00,2.27#0.18,-0.23,0.18,26.00,2.18#0.18,-0.23,0.18,27.00,2.27#TRH#25.03,40.85,24.81,45.96!","9:24:51, 41.3705978394, 1.9958597422, 143.8144989014, 0.0821"
2025-04-23 11:24:58,,"9:24:53, 41.3705940247, 1.9958583117, 143.9647979736, 0.0834"
2025-04-23 11:24:59,"MXD#54.45,5.35,235.84,212.96,0.00,980.61,137.25,487#54.32,5.35,199.22,206.78,0.00,964.15,150.18,487#54.56,5.35,219.60,201.05,0.00,977.96,132.36,487#54.59,5.35,227.66,197.88,0.00,962.20,136.09,487#54.28,5.35,228.72,197.88,0.00,960.90,136.32,487#54.57,5.35,227.66,206.99,0.00,978.29,145.37,487#54.44,5.35,231.52,217.10,0.00,968.41,147.85,487#54.52,5.35,233.10,200.10,0.00,944.45,132.32,487#54.56,5.34,233.42,215.06,0.00,920.47,148.06,487#TRH#25.44,42.17,25.41,41.65,25.44,39.98,25.44,40.41!","9:24:55, 41.3705940247, 1.9958568811, 144.0290069580, 0.0802"
2025-04-23 11:25:02,,"9:24:57, 41.3705940247, 1.9958564043, 144.1215972900, 0.0827"
2025-04-23 11:25:02,"MXA#23.02,17.79,10.54,40.17#23.50,17.83,10.58,40.34#23.26,18.00,10.65,40.87#23.82,17.95,10.64,40.62#23.92,17.97,10.62,40.28#23.92,17.99,10.65,40.41#23.17,17.86,10.59,40.22#23.20,17.84,10.60,40.35#TRH#33.47,44.50,33.53,41.54,33.62,39.33,33.38,44.50!","9:24:59, 41.3705940247, 1.9958559275, 144.0762939453, 0.0867"
2025-04-23 11:25:04,"ECS#0.28,-0.21,0.18,26.00,2.18#0.47,-0.19,0.18,26.00,2.18#0.37,-0.23,0.18,25.00,2.18#0.37,-0.19,0.18,25.00,2.18#0.37,-0.19,0.18,27.00,2.27#0.37,-0.17,0.19,25.00,2.18#0.56,-0.21,0.18,26.00,2.09#0.37,-0.21,0.18,25.00,2.09#0.28,-0.19,0.18,26.00,2.18#0.28,-0.21,0.18,25.00,2.18#0.28,-0.19,0.18,26.00,2.18#0.28,-0.19,0.18,25.00,2.09#0.37,-0.25,0.18,26.00,2.18#0.47,-0.17,0.18,26.00,2.18#TRH#25.06,40.90,24.84,45.98!","9:24:1, 41.3705940247, 1.9958564043, 144.1018066406, 0.0866"
2025-04-23 11:25:07,,"9:25:3, 41.3705940247, 1.9958567619, 144.1820068359, 0.0812"
2025-04-23 11:25:09,"MXD#54.61,5.35,233.90,222.16,0.00,1024.72,139.40,490#54.54,5.35,199.69,207.90,0.00,910.86,140.54,490#54.54,5.34,218.48,222.08,0.00,989.28,143.18,490#54.46,5.35,227.20,219.91,0.00,982.27,148.46,490#54.42,5.35,228.42,213.17,0.00,974.32,130.06,490#54.45,5.35,230.42,200.10,0.00,1010.94,140.68,490#54.49,5.35,231.67,208.75,0.00,985.93,135.58,490#54.41,5.35,232.62,201.32,0.00,937.13,130.72,491#54.37,5.35,233.42,215.27,0.00,966.12,132.95,491#54.54,5.34,233.58,209.10,0.00,1056.41,147.66,491#TRH#25.44,42.27,25.41,41.80,25.44,40.06,25.45,40.56!","9:25:5, 41.3705940247, 1.9958567619, 144.1213073730, 0.0843"
2025-04-23 11:25:12,,"9:25:7, 41.3705940247, 1.9958568811, 144.1452026367, 0.0883"
2025-04-23 11:25:12,"MXA#23.77,18.05,10.65,40.86#23.57,17.99,10.64,40.78#23.74,17.84,10.62,40.59#24.20,18.01,10.64,40.05#24.29,18.05,10.67,40.06#23.94,17.98,10.65,40.51#23.80,17.95,10.66,40.61#23.93,17.94,10.65,40.67#TRH#33.52,44.47,33.55,41.46,33.69,39.30,33.42,44.47!","9:25:9, 41.3705940247, 1.9958574772, 144.1309967041, 0.0933"
2025-04-23 11:25:14,"ECS#0.28,-0.21,0.18,25.00,2.18#0.28,-0.21,0.18,25.00,2.09#0.47,-0.25,0.19,25.00,2.18#0.28,-0.23,0.18,26.00,2.27#0.18,-0.25,0.18,27.00,2.27#0.28,-0.17,0.18,25.00,2.18#0.47,-0.23,0.19,26.00,2.18#0.47,-0.19,0.18,26.00,2.27#0.28,-0.23,0.18,24.00,2.09#0.18,-0.23,0.18,26.00,2.09#0.28,-0.23,0.18,27.00,2.27#0.28,-0.21,0.18,25.00,2.18#0.28,-0.21,0.18,26.00,2.18#0.37,-0.17,0.19,26.00,2.18#0.28,-0.19,0.18,25.00,2.18#TRH#25.08,40.87,24.88,45.97!","9:25:11, 41.3705940247, 1.9958578348, 144.1701049805, 0.0974"
2025-04-23 11:25:18,,"9:25:13, 41.3705940247, 1.9958575964, 144.1961975098, 0.0760"
2025-04-23 11:25:19,"MXD#54.47,5.34,235.51,206.08,0.00,963.18,132.68,489#54.46,5.35,198.87,203.03,0.00,1008.21,140.39,489#54.38,5.35,219.04,211.81,0.00,1019.53,130.58,489#54.43,5.35,227.05,210.09,0.00,972.35,133.31,489#54.43,5.35,227.81,211.59,0.00,962.20,144.69,489#54.33,5.35,229.65,217.91,0.00,970.38,142.35,489#54.21,5.35,230.73,208.32,0.00,986.94,130.32,489#54.25,5.35,232.62,206.50,0.00,980.28,142.11,490#54.38,5.34,233.10,208.75,0.00,961.22,134.49,490#54.17,5.34,233.90,204.69,0.00,1030.98,147.01,490#TRH#25.44,42.19,25.44,41.68,25.45,40.00,25.48,40.47!","9:25:15, 41.3705940247, 1.9958580732, 144.2131042480, 0.0785"
2025-04-23 11:25:22,,"9:25:17, 41.3705940247, 1.9958580732, 144.2100067139, 0.0771"
2025-04-23 11:25:23,"MXA#23.65,18.03,10.72,40.65#24.29,18.16,10.74,40.59#24.19,18.19,10.71,40.10#24.22,18.06,10.69,40.29#23.72,18.09,10.76,40.83#23.79,18.10,10.76,40.68#24.23,18.12,10.78,40.67#24.06,18.23,10.74,40.08#24.03,18.27,10.77,40.15#TRH#33.55,44.46,33.59,41.51,33.73,39.33,33.45,44.46!","9:25:19, 41.3705940247, 1.9958583117, 144.2243041992, 0.0751"
2025-04-23 11:25:25,"ECS#0.28,-0.17,0.18,26.00,2.09#0.37,-0.17,0.18,25.00,2.18#0.28,-0.21,0.18,24.00,2.18#0.18,-0.19,0.18,26.00,2.18#0.18,-0.19,0.18,26.00,2.18#0.47,-0.23,0.18,25.00,2.18#0.28,-0.23,0.18,27.00,2.27#0.08,-0.25,0.18,25.00,2.18#0.47,-0.23,0.18,25.00,2.18#0.47,-0.21,0.18,26.00,2.36#0.47,-0.21,0.19,25.00,2.18#0.56,-0.17,0.18,26.00,2.36#0.47,-0.23,0.18,25.00,2.18#0.56,-0.17,0.18,25.00,2.18#0.28,-0.21,0.18,26.00,2.27#0.18,-0.21,0.18,26.00,2.18#TRH#25.11,40.93,24.88,45.97!","9:25:21, 41.3705940247, 1.9958586693, 144.1791992188, 0.0867"
2025-04-23 11:25:28,,"9:25:23, 41.3705940247, 1.9958586693, 144.1652984619, 0.0801"
2025-04-23 11:25:29,"MXD#54.37,5.34,235.35,199.22,0.00,1065.03,128.13,489#54.23,5.34,199.10,209.74,0.00,880.55,139.97,489#54.26,5.34,218.34,197.61,0.00,945.09,135.68,489#54.24,5.34,226.90,202.00,0.00,1012.99,139.07,489#54.38,5.34,227.51,206.01,0.00,980.61,146.26,489#54.52,5.34,229.34,199.02,0.00,983.27,135.45,487#54.33,5.34,229.80,211.73,0.00,912.40,139.02,487#54.32,5.34,231.36,213.17,0.00,958.30,134.53,487#54.47,5.33,232.15,214.40,0.00,922.03,136.97,487#54.47,5.33,230.58,206.92,0.00,921.09,135.45,487#TRH#25.47,42.21,25.45,41.75,25.47,40.03,25.47,40.50!","9:25:25, 41.3705940247, 1.9958585501, 144.1761016846, 0.0814"
2025-04-23 11:25:32,,"9:25:27, 41.3705940247, 1.9958585501, 144.2024993896, 0.0815"
2025-04-23 11:25:32,"MXA#23.72,18.23,10.78,40.67#23.82,18.29,10.81,40.61#23.64,18.27,10.81,40.75#23.83,18.16,10.75,40.44#24.01,18.20,10.74,40.28#23.58,18.28,10.84,40.40#23.75,18.27,10.83,40.63#23.73,18.26,10.85,40.82#TRH#33.56,44.40,33.59,41.43,33.75,39.29,33.47,44.40!","9:25:29, 41.3705940247, 1.9958587885, 144.1856994629, 0.0740"
2025-04-23 11:25:35,"ECS#0.37,-0.23,0.18,25.00,2.18#0.28,-0.21,0.18,25.00,2.09#0.47,-0.21,0.18,25.00,2.18#0.47,-0.21,0.18,26.00,2.18#0.28,-0.21,0.18,25.00,2.09#0.56,-0.19,0.19,25.00,2.27#0.47,-0.17,0.18,25.00,2.18#0.28,-0.23,0.18,26.00,2.27#0.37,-0.21,0.18,26.00,2.18#0.28,-0.21,0.18,25.00,2.09#0.28,-0.17,0.18,26.00,2.27#0.28,-0.19,0.18,26.00,2.27#0.08,-0.23,0.18,25.00,2.18#0.37,-0.21,0.18,26.00,2.09#TRH#25.06,40.90,24.89,45.97!","9:25:31, 41.3705940247, 1.9958587885, 144.2180938721, 0.0783"
2025-04-23 11:25:38,,"9:25:33, 41.3705940247, 1.9958587885, 144.2407989502, 0.0767"
2025-04-23 11:25:39,"MXD#54.34,5.34,234.54,203.51,0.00,959.27,142.84,491#54.48,5.34,198.07,214.62,0.00,954.09,125.51,491#54.25,5.34,218.20,210.66,0.00,963.83,132.59,491#54.28,5.35,225.40,202.14,0.00,966.77,142.74,491#54.50,5.34,227.35,215.20,0.00,949.90,141.97,488#54.43,5.34,228.26,196.87,0.00,1030.28,141.54,488#54.48,5.34,229.80,211.38,0.00,939.03,138.55,488#54.32,5.34,231.05,206.78,0.00,961.55,131.47,488#54.33,5.34,231.99,207.27,0.00,890.74,129.09,488#54.33,5.34,232.30,208.46,0.00,975.31,138.79,488#TRH#25.48,42.20,25.45,41.73,25.48,40.06,25.53,40.53!","9:25:35, 41.3705940247, 1.9958587885, 144.2234954834, 0.0746"
2025-04-23 11:25:42,"MXA#24.40,18.40,10.86,40.65#24.30,18.34,10.81,40.28#24.36,18.37,10.80,40.10#23.66,18.36,10.83,40.31#24.13,18.50,10.82,40.38#24.17,18.42,10.89,40.76#24.12,18.47,10.88,40.57#23.83,18.49,10.91,40.49#TRH#33.61,44.44,33.64,41.45,33.80,39.31,33.50,44.44!","9:25:37, 41.3705940247, 1.9958586693, 144.2017974854, 0.0777"
2025-04-23 11:25:45,"ECS#0.37,-0.23,0.18,27.00,2.18#0.18,-0.25,0.18,25.00,2.09#0.56,-0.23,0.18,25.00,2.18#0.28,-0.21,0.18,27.00,2.27#0.37,-0.25,0.18,26.00,2.36#0.28,-0.23,0.18,25.00,2.18#0.28,-0.21,0.18,26.00,2.18#0.08,-0.19,0.18,27.00,2.27#0.56,-0.14,0.18,26.00,2.09#0.37,-0.19,0.18,26.00,2.09#0.37,-0.19,0.18,26.00,2.18#0.28,-0.21,0.18,25.00,2.18#0.56,-0.17,0.19,25.00,2.18#0.28,-0.17,0.18,26.00,2.18#0.66,-0.17,0.18,26.00,2.18#TRH#25.11,40.98,24.91,46.03!","9:25:39, 41.3705940247, 1.9958589077, 144.1855010986, 0.0817"
2025-04-23 11:25:48,,"9:25:41, 41.3705940247, 1.9958590269, 144.1799011230, 0.0737"
2025-04-23 11:25:50,"MXD#54.60,5.34,233.26,214.69,0.00,970.70,130.06,488#54.30,5.34,197.61,206.36,0.00,938.40,145.23,488#54.34,5.34,218.20,207.27,0.00,958.62,138.13,488#54.11,5.34,226.60,211.16,0.00,972.68,142.11,488#54.41,5.34,227.20,194.36,0.00,931.12,133.31,484#54.41,5.34,227.81,212.52,0.00,943.18,139.97,484#54.28,5.34,229.65,215.71,0.00,998.02,128.83,484#54.43,5.33,231.20,209.95,0.00,921.09,141.44,484#54.34,5.34,232.62,205.31,0.00,962.52,149.67,484#54.42,5.34,232.94,211.09,0.00,1007.87,141.68,488#TRH#25.50,42.25,25.50,41.79,25.52,40.12,25.53,40.64!","9:25:43, 41.3705940247, 1.9958591461, 144.2100982666, 0.0708"
2025-04-23 11:25:53,,"9:25:45, 41.3705940247, 1.9958595037, 144.2442932129, 0.0666"
2025-04-23 11:25:53,"MXA#24.38,18.49,10.91,40.65#24.00,18.41,10.90,40.23#24.05,18.34,10.88,40.19#23.93,18.43,10.88,40.01#24.64,18.55,10.92,40.48#24.58,18.52,10.94,40.63#24.31,18.44,10.92,40.49#24.49,18.51,10.94,40.06#23.78,18.45,10.89,40.18#TRH#33.66,44.45,33.70,41.54,33.83,39.37,33.53,44.45!","9:25:47, 41.3705940247, 1.9958599806, 144.2359008789, 0.0716"
2025-04-23 11:25:56,"ECS#0.37,-0.21,0.18,25.00,2.36#0.37,-0.21,0.18,24.00,2.18#0.56,-0.19,0.19,26.00,2.18#0.18,-0.23,0.18,24.00,2.18#0.28,-0.23,0.18,25.00,2.18#0.37,-0.21,0.18,25.00,2.09#0.18,-0.19,0.18,25.00,2.09#0.37,-0.17,0.18,26.00,2.18#0.28,-0.19,0.18,25.00,2.18#0.28,-0.19,0.18,25.00,2.18#0.37,-0.23,0.18,25.00,2.09#0.18,-0.25,0.18,26.00,2.18#0.28,-0.19,0.18,25.00,2.18#0.28,-0.19,0.18,26.00,2.09#0.28,-0.17,0.19,26.00,2.27#0.28,-0.21,0.18,25.00,2.18#TRH#25.09,41.07,24.94,46.10!","9:25:49, 41.3705940247, 1.9958600998, 144.2333068848, 0.0747"
2025-04-23 11:25:59,,"9:25:51, 41.3705940247, 1.9958598614, 144.3128051758, 0.0679"
2025-04-23 11:26:00,"MXD#54.47,5.34,232.94,212.02,0.00,947.65,133.35,488#54.40,5.34,197.84,199.02,0.00,1036.23,135.45,488#54.29,5.34,218.20,201.05,0.00,962.20,134.03,487#54.42,5.34,226.15,211.81,0.00,905.64,145.37,487#54.38,5.34,227.81,206.36,0.00,968.73,132.41,487#54.34,5.34,229.18,201.19,0.00,921.09,124.88,487#54.26,5.34,230.58,209.81,0.00,964.48,141.54,487#54.11,5.33,232.15,208.68,0.00,900.14,139.73,487#54.11,5.33,233.58,205.24,0.00,1057.13,135.31,487#54.06,5.33,232.15,212.96,0.00,983.60,146.21,487#TRH#25.53,42.54,25.52,42.17,25.52,40.57,25.53,41.11!","9:25:53, 41.3705940247, 1.9958600998, 144.2796936035, 0.0667"
2025-04-23 11:26:03,"MXA#24.07,18.45,10.97,40.57#24.62,18.55,10.97,40.46#24.68,18.56,10.95,39.84#24.11,18.47,10.94,39.95#23.87,18.41,10.92,40.09#24.64,18.53,11.01,40.58#24.68,18.52,10.99,40.39#24.04,18.39,10.97,40.03#TRH#33.67,44.62,33.72,41.86,33.89,39.85,33.55,44.62!","9:25:55, 41.3705940247, 1.9958605766, 144.2778015137, 0.0638"
2025-04-23 11:26:05,"ECS#0.28,-0.21,0.18,25.00,2.18#0.47,-0.17,0.18,26.00,2.18#0.47,-0.17,0.18,25.00,2.18#0.47,-0.17,0.18,26.00,2.09#0.56,-0.19,0.19,27.00,2.27#0.28,-0.19,0.18,26.00,2.18#0.18,-0.23,0.18,26.00,2.18#0.28,-0.21,0.18,25.00,2.18#0.28,-0.21,0.19,25.00,2.09#0.18,-0.21,0.18,25.00,2.27#0.18,-0.17,0.19,26.00,2.27#0.47,-0.23,0.18,26.00,2.18#0.28,-0.21,0.18,25.00,2.09#0.18,-0.21,0.18,26.00,2.18#TRH#25.12,41.79,24.98,46.64!","9:25:57, 41.3705940247, 1.9958605766, 144.3287048340, 0.0903"
2025-04-23 11:26:08,,"9:25:59, 41.3705940247, 1.9958606958, 144.3134002686, 0.0670"
2025-04-23 11:26:10,"MXD#54.37,5.34,236.32,213.10,0.00,1048.58,134.99,487#54.25,5.33,198.99,209.59,0.00,891.95,138.46,487#54.16,5.33,218.06,204.69,0.00,947.34,129.84,486#54.16,5.33,225.55,195.41,0.00,1057.48,135.68,486#54.30,5.33,227.35,198.55,0.00,914.88,125.47,486#54.26,5.33,228.57,211.23,0.00,958.62,134.81,486#54.16,5.33,229.18,208.04,0.00,983.60,135.22,486#54.42,5.34,230.27,213.17,0.00,992.63,135.95,487#54.21,5.33,231.99,206.36,0.00,895.27,130.14,487#54.33,5.34,233.42,202.82,0.00,893.46,138.37,487#TRH#25.55,42.52,25.52,42.02,25.55,40.35,25.55,40.85!","9:25:1, 41.3705940247, 1.9958608150, 144.3065032959, 0.0721"
2025-04-23 11:26:13,,"9:26:3, 41.3705940247, 1.9958609343, 144.2931976318, 0.0727"
2025-04-23 11:26:14,"MXA#23.80,18.41,10.94,40.10#24.04,18.46,10.95,40.00#24.66,18.55,11.00,40.38#24.15,18.43,10.98,40.43#24.44,18.57,11.02,40.28#24.45,18.64,11.04,40.15#24.24,18.61,10.99,40.36#24.61,18.57,11.05,40.69#24.71,18.62,11.04,40.37#TRH#33.70,44.47,33.73,41.62,33.91,39.51,33.62,44.47!","9:26:5, 41.3705940247, 1.9958610535, 144.2841033936, 0.0671"
2025-04-23 11:26:16,"ECS#0.47,-0.14,0.19,26.00,2.18#0.28,-0.17,0.18,26.00,2.18#0.47,-0.17,0.19,25.00,2.18#0.37,-0.21,0.18,26.00,2.18#0.28,-0.21,0.19,26.00,2.09#0.18,-0.19,0.18,26.00,2.18#0.28,-0.19,0.18,26.00,2.18#0.18,-0.21,0.18,25.00,2.09#0.18,-0.25,0.18,25.00,2.00#0.37,-0.21,0.19,25.00,2.18#0.37,-0.21,0.19,25.00,2.18#0.28,-0.17,0.18,25.00,2.09#0.37,-0.21,0.18,26.00,2.18#0.47,-0.17,0.19,25.00,2.18#0.47,-0.21,0.18,27.00,2.27#0.28,-0.19,0.18,26.00,2.27#TRH#25.12,41.50,24.97,46.40!","9:26:7, 41.3705940247, 1.9958610535, 144.3164062500, 0.0766"
2025-04-23 11:26:19,,"9:26:9, 41.3705940247, 1.9958609343, 144.2783050537, 0.0701"
2025-04-23 11:26:20,"MXD#54.28,5.33,233.90,213.60,0.00,954.41,138.65,483#54.20,5.34,198.87,204.41,0.00,1066.83,149.16,483#54.39,5.33,219.32,197.34,0.00,962.20,144.20,483#54.18,5.34,227.35,212.52,0.00,962.20,158.69,483#54.27,5.33,229.18,217.91,0.00,972.68,138.27,483#54.33,5.33,230.58,208.53,0.00,968.41,140.44,483#54.45,5.34,229.96,219.47,0.00,966.12,142.16,484#54.46,5.34,233.26,206.71,0.00,958.62,135.95,484#54.36,5.33,235.02,208.32,0.00,949.26,123.45,484#54.32,5.34,234.54,195.08,0.00,972.68,142.69,484#TRH#25.58,42.64,25.53,42.17,25.55,40.62,25.58,41.12!","9:26:11, 41.3705940247, 1.9958611727, 144.3307037354, 0.0772"
2025-04-23 11:26:23,,"9:26:13, 41.3705940247, 1.9958614111, 144.2998046875, 0.0808"
2025-04-23 11:26:26,"ECS#0.18,-0.21,0.18,25.00,2.27#0.18,-0.23,0.18,26.00,2.27#0.18,-0.29,0.18,26.00,2.27#0.28,-0.21,0.18,25.00,2.18#0.18,-0.21,0.18,25.00,2.18#0.28,-0.19,0.18,25.00,2.18#0.56,-0.21,0.19,25.00,2.09#0.28,-0.23,0.18,25.00,2.09#0.76,-0.21,0.19,27.00,2.18#0.18,-0.19,0.18,27.00,2.36#0.18,-0.19,0.18,26.00,2.18#0.28,-0.23,0.18,26.00,2.18#0.18,-0.23,0.18,27.00,2.18#0.28,-0.21,0.18,25.00,2.18#TRH#25.14,41.69,24.98,46.51!","9:26:15, 41.3705940247, 1.9958616495, 144.2693939209, 0.0789"
2025-04-23 11:26:29,,"9:26:17, 41.3705940247, 1.9958620071, 144.2308959961, 0.0929"
2025-04-23 11:26:30,"MXD#54.08,5.34,237.81,209.59,0.00,992.63,127.14,484#54.16,5.34,200.39,201.80,0.00,905.64,141.06,484#54.39,5.34,220.31,205.38,0.00,969.06,146.21,484#54.39,5.34,228.11,210.59,0.00,1016.43,145.47,484#54.14,5.33,229.18,211.73,0.00,928.29,137.25,484#54.25,5.34,230.27,193.18,0.00,1003.10,146.96,485#54.34,5.34,232.30,208.68,0.00,1030.98,140.16,485#54.21,5.34,233.26,204.83,0.00,899.83,141.63,485#54.15,5.34,233.74,214.98,0.00,1002.42,137.29,485#53.97,5.34,234.70,199.76,0.00,996.00,142.94,485#TRH#25.59,42.72,25.55,42.21,25.58,40.46,25.59,40.82!","9:26:19, 41.3705940247, 1.9958623648, 144.1916046143, 0.0745"
2025-04-23 11:26:33,"MXA#24.72,18.68,11.11,40.49#24.76,18.66,11.09,40.36#24.15,18.58,11.05,40.02#24.71,18.73,11.11,40.09#24.75,18.76,11.10,39.85#24.69,18.77,11.11,40.07#23.95,18.69,11.09,40.15#24.25,18.74,11.07,39.95#TRH#33.80,44.30,33.83,41.33,33.95,39.18,33.66,44.30!","9:26:21, 41.3705940247, 1.9958628416, 144.1687927246, 0.0754"
2025-04-23 11:26:36,"ECS#0.28,-0.23,0.18,26.00,2.18#0.37,-0.23,0.19,26.00,2.18#0.37,-0.23,0.19,25.00,2.09#0.37,-0.21,0.18,27.00,2.09#0.47,-0.19,0.18,25.00,2.18#0.56,-0.23,0.19,26.00,2.18#0.37,-0.21,0.18,27.00,2.27#0.18,-0.21,0.18,26.00,2.18#0.28,-0.23,0.18,26.00,2.18#0.18,-0.19,0.18,25.00,2.18#0.37,-0.21,0.18,26.00,2.27#0.47,-0.23,0.19,25.00,2.18#0.37,-0.25,0.19,26.00,2.18#0.18,-0.17,0.19,26.00,2.18#0.18,-0.19,0.18,25.00,2.18#TRH#25.16,40.97,25.02,46.05!","9:26:23, 41.3705940247, 1.9958631992, 144.1658020020, 0.0747"
2025-04-23 11:26:39,,"9:26:25, 41.3705940247, 1.9958635569, 144.1410980225, 0.0744"
2025-04-23 11:26:40,"MXD#54.20,5.34,234.86,205.94,0.00,1047.16,119.14,490#54.33,5.33,198.53,207.13,0.00,1058.56,134.31,490#54.35,5.34,218.34,206.08,0.00,969.06,134.35,490#54.40,5.34,227.35,200.44,0.00,929.55,130.81,490#54.41,5.34,229.34,217.32,0.00,969.39,151.14,490#54.26,5.34,228.88,209.95,0.00,1041.15,146.26,486#54.54,5.33,232.62,206.57,0.00,882.34,129.18,486#54.44,5.33,233.74,206.85,0.00,949.26,131.07,486#54.42,5.34,235.02,196.08,0.00,998.02,136.09,486#54.30,5.34,236.16,204.20,0.00,908.71,135.03,486#TRH#25.59,42.00,25.56,41.54,25.58,39.98,25.61,40.86!","9:26:27, 41.3705940247, 1.9958641529, 144.1022949219, 0.0699"
2025-04-23 11:26:43,,"9:26:29, 41.3705940247, 1.9958645105, 144.0552062988, 0.0736"
2025-04-23 11:26:44,"MXA#24.42,18.77,11.10,40.51#24.85,18.94,11.19,40.49#24.80,18.90,11.18,40.51#24.04,18.82,11.13,40.32#24.85,18.96,11.21,40.68#24.94,19.01,11.20,40.38#24.86,18.85,11.20,40.45#24.87,18.59,11.12,39.94#24.88,18.55,11.12,39.77#TRH#33.80,44.63,33.88,41.97,33.95,39.90,33.69,44.63!","9:26:31, 41.3705940247, 1.9958649874, 144.0301971436, 0.0743"
2025-04-23 11:26:47,"ECS#0.47,-0.19,0.19,25.00,2.09#0.28,-0.19,0.18,27.00,2.27#0.47,-0.23,0.18,26.00,2.27#0.28,-0.21,0.19,26.00,2.18#0.76,-0.21,0.19,27.00,2.27#0.47,-0.23,0.18,27.00,2.18#0.37,-0.21,0.18,27.00,2.27#0.18,-0.21,0.18,26.00,2.18#0.28,-0.19,0.19,26.00,2.18#0.18,-0.23,0.18,25.00,2.09#0.37,-0.14,0.19,27.00,2.27#0.47,-0.17,0.18,26.00,2.18#0.37,-0.21,0.18,25.00,2.18#0.47,-0.19,0.19,26.00,2.18#0.37,-0.19,0.19,25.00,2.18#0.37,-0.19,0.18,26.00,2.18#TRH#25.14,41.71,25.00,46.55!","9:26:33, 41.3705940247, 1.9958655834, 143.9716033936, 0.0734"
2025-04-23 11:26:50,,"9:26:35, 41.3705940247, 1.9958655834, 144.0149993896, 0.0993"
2025-04-23 11:26:51,"MXD#54.38,5.33,236.82,212.45,0.00,947.01,129.48,478#54.28,5.33,198.53,193.05,0.00,974.32,131.74,478#54.11,5.34,217.64,212.74,0.00,997.68,132.01,478#54.25,5.34,226.15,202.00,0.00,1008.21,141.97,478#54.23,5.33,227.35,199.35,0.00,900.44,138.83,478#54.11,5.33,228.72,207.13,0.00,1039.74,130.41,477#53.98,5.33,229.80,191.29,0.00,909.63,137.48,477#54.37,5.33,231.20,212.02,0.00,969.72,137.34,477#54.03,5.33,233.10,204.27,0.00,886.83,142.40,477#54.38,5.33,233.42,212.74,0.00,933.02,128.57,481#TRH#25.61,42.29,25.61,41.68,25.62,39.91,25.64,40.34!","9:26:37, 41.3705940247, 1.9958655834, 144.0363006592, 0.0993"
2025-04-23 11:26:54,,"9:26:39, 41.3705940247, 1.9958659410, 144.1179962158, 0.1057"
2025-04-23 11:26:54,"MXA#24.48,18.60,11.16,40.24#24.58,18.73,11.19,40.12#24.63,18.76,11.21,40.32#24.26,18.71,11.16,40.01#24.26,18.75,11.15,40.04#24.62,18.96,11.24,40.66#24.68,19.03,11.23,40.33#24.91,18.98,11.18,39.95#TRH#33.83,44.41,33.88,41.52,34.02,39.52,33.73,44.41!","9:26:41, 41.3705940247, 1.9958720207, 144.3675994873, 0.0141"
2025-04-23 11:26:56,"ECS#0.37,-0.21,0.19,26.00,2.27#0.37,-0.21,0.18,26.00,2.18#0.37,-0.23,0.19,26.00,2.18#0.28,-0.23,0.19,25.00,2.18#0.37,-0.23,0.18,27.00,2.18#0.37,-0.23,0.19,26.00,2.18#0.37,-0.19,0.19,25.00,2.18#0.28,-0.19,0.18,26.00,2.27#0.47,-0.23,0.19,27.00,2.27#0.47,-0.23,0.19,25.00,2.18#0.37,-0.19,0.18,26.00,2.18#0.37,-0.25,0.19,25.00,2.09#0.37,-0.21,0.18,26.00,2.18#0.47,-0.19,0.18,26.00,2.27#TRH#25.16,41.54,25.03,46.35!","9:26:43, 41.3705940247, 1.9958720207, 144.4640960693, 0.0141"
2025-04-23 11:26:59,,"9:26:45, 41.3705940247, 1.9958720207, 144.4138946533, 0.0155"
2025-04-23 11:27:01,"MXD#54.59,5.33,234.54,209.31,0.00,994.65,139.49,481#54.38,5.32,198.41,204.41,0.00,897.10,146.21,481#54.32,5.33,218.76,218.36,0.00,949.58,144.20,481#54.35,5.33,226.90,202.28,0.00,968.73,131.83,484#54.28,5.33,228.11,209.95,0.00,921.72,147.01,484#54.32,5.33,229.65,202.62,0.00,1067.92,126.28,484#54.10,5.33,230.89,211.95,0.00,990.28,139.40,484#54.54,5.33,231.99,196.81,0.00,962.20,132.99,484#54.06,5.33,232.94,209.88,0.00,1003.44,143.71,484#54.25,5.33,234.86,204.55,0.00,1021.95,125.47,477#TRH#750.98,128.00,25.64,41.90,25.64,40.27,25.67,40.71!","9:26:47, 41.3705940247, 1.9958726168, 144.1302947998, 0.3871"
2025-04-23 11:27:04,"MXA#24.31,18.86,11.15,39.91#24.36,18.88,11.19,39.97#24.27,19.06,11.18,40.01#24.82,18.97,11.17,39.88#24.85,18.99,11.17,39.76#24.14,18.94,11.20,40.46#24.26,19.00,11.22,40.17#24.02,19.05,11.20,39.87#TRH#33.84,44.22,33.89,41.12,34.02,38.93,33.73,44.22!","9:26:49, 41.3705940247, 1.9958724976, 143.6174011230, 0.2228"
2025-04-23 11:27:06,"ECS#0.28,-0.19,0.18,26.00,2.27#0.28,-0.19,0.18,27.00,2.18#0.47,-0.21,0.19,27.00,2.36#0.18,-0.17,0.18,26.00,2.18#0.37,-0.17,0.18,25.00,2.09#0.47,-0.19,0.18,27.00,2.27#0.18,-0.17,0.18,27.00,2.18#0.37,-0.23,0.19,25.00,2.18#0.28,-0.19,0.18,27.00,2.27#0.37,-0.23,0.18,26.00,2.18#0.28,-0.19,0.18,25.00,2.09#0.47,-0.19,0.18,26.00,2.18#0.66,-0.21,0.19,26.00,2.27#0.37,-0.21,0.18,26.00,2.18#TRH#25.17,40.66,25.03,45.80!","9:26:51, 41.3705940247, 1.9958734512, 143.5131988525, 0.5638"
2025-04-23 11:27:09,,"9:26:53, 41.3705940247, 1.9958748817, 143.5135955811, 0.9423"
2025-04-23 11:27:10,"MXD#54.58,5.33,235.67,201.73,0.00,1045.39,151.76,477#54.46,5.33,198.87,209.74,0.00,953.12,125.47,477#54.32,5.33,219.74,229.34,0.00,969.72,131.87,478#54.36,5.33,228.72,198.61,0.00,1075.17,130.98,478#54.52,5.33,230.42,210.95,0.00,1067.92,130.32,478#54.25,5.33,230.11,204.20,0.00,1033.78,140.92,478#54.55,5.33,235.35,208.18,0.00,963.18,129.88,478#54.60,5.33,236.00,209.10,0.00,923.90,138.83,478#54.52,5.33,236.98,197.14,0.00,969.39,138.83,479#TRH#750.98,128.00,25.66,40.78,25.66,39.01,25.67,39.40!","9:26:55, 41.3705940247, 1.9958765507, 143.6669006348, 0.5315"
2025-04-23 11:27:13,,"9:26:57, 41.3705940247, 1.9958771467, 143.6228942871, 0.4967"
2025-04-23 11:27:16,"ECS#0.37,-0.19,0.19,26.00,2.27#0.28,-0.23,0.18,25.00,2.18#0.37,-0.27,0.18,25.00,2.09#0.08,-0.23,0.18,26.00,2.27#0.37,-0.19,0.19,25.00,2.00#0.28,-0.25,0.18,26.00,2.18#0.08,-0.23,0.18,26.00,2.18#0.08,-0.23,0.18,25.00,2.18#0.18,-0.23,0.18,25.00,2.09#0.18,-0.23,0.18,25.00,2.18#0.18,-0.23,0.18,25.00,2.09#0.28,-0.21,0.18,26.00,2.18#0.47,-0.23,0.19,25.00,2.09#0.37,-0.27,0.19,25.00,2.18#0.18,-0.23,0.18,24.00,2.09#TRH#25.19,39.99,25.05,45.15!","9:26:59, 41.3705940247, 1.9958769083, 143.6441040039, 0.3732"
2025-04-23 11:27:19,,"9:26:1, 41.3705940247, 1.9958769083, 143.7124938965, 0.4567"
2025-04-23 11:27:20,"MXD#54.52,5.33,238.14,209.88,0.00,997.35,142.69,479#54.54,5.33,202.53,209.67,0.00,970.38,137.62,479#54.60,5.33,222.90,208.96,0.00,967.10,145.62,479#54.86,5.34,232.15,218.06,0.00,944.13,144.69,486#54.78,5.34,236.65,216.44,0.00,985.27,129.75,486#54.59,5.34,239.64,218.50,0.00,1016.09,122.04,486#54.69,5.34,240.83,197.94,0.00,988.27,133.35,486#54.58,5.34,241.85,216.66,0.00,1029.24,139.49,486#54.78,5.34,242.37,220.21,0.00,990.62,147.60,482#54.69,5.34,243.23,213.68,0.00,946.69,134.90,482#TRH#750.98,128.00,25.66,40.42,25.69,38.63,25.69,39.02!","9:27:3, 41.3705978394, 1.9958758354, 143.9087982178, 0.4336"
2025-04-23 11:27:23,"MXA#24.26,19.55,11.33,39.94#25.12,19.73,11.40,40.63#25.21,19.86,11.43,40.49#25.06,19.77,11.42,40.18#25.11,19.80,11.40,40.26#24.36,19.85,11.50,40.79#24.42,19.90,11.50,40.61#24.45,19.92,11.48,40.26#TRH#33.91,43.90,33.97,40.59,34.12,38.29,33.81,43.90!","9:27:5, 41.3705940247, 1.9958763123, 143.8170013428, 0.7325"
2025-04-23 11:27:26,"0.28,-0.21,0.17,25.00,2.09#0.37,-0.23,0.18,25.00,2.18#0.18,-0.25,0.17,26.00,2.18#0.18,-0.25,0.18,25.00,2.18#0.18,-0.25,0.18,25.00,2.18#0.08,-0.23,0.18,26.00,2.27#TRH#25.17,39.50,25.06,44.69!","9:27:7, 41.3705787659, 1.9958850145, 143.9306030273, 0.8612"
2025-04-23 11:27:29,,"9:27:9, 41.3705596924, 1.9959019423, 144.2268066406, 0.8624"
2025-04-23 11:27:30,"MXD#54.71,5.34,245.86,218.87,0.00,1024.72,140.25,482#54.84,5.34,209.36,221.93,0.00,1079.18,151.19,482#54.68,5.34,230.42,227.72,0.00,1043.62,136.69,486#54.99,5.34,238.97,215.42,0.00,988.27,154.77,486#54.92,5.34,240.32,208.46,0.00,1011.62,136.46,486#54.80,5.34,240.49,232.70,0.00,1062.87,147.60,486#54.46,5.34,243.93,211.81,0.00,1020.22,143.61,486#54.86,5.34,244.45,211.30,0.00,1084.67,133.22,484#54.97,5.34,243.23,213.32,0.00,1071.90,135.49,484#TRH#750.98,128.00,25.67,40.38,25.69,38.56,25.72,39.04!","9:27:11, 41.3705406189, 1.9959177971, 144.0829010010, 0.6233"
2025-04-23 11:27:33,,"9:27:13, 41.3705215454, 1.9959319830, 144.0433044434, 0.7120"
2025-04-23 11:27:33,"MXA#24.77,19.99,11.55,40.85#24.67,19.96,11.55,40.76#25.20,20.10,11.57,40.36#24.87,20.12,11.59,40.76#25.38,20.06,11.53,40.27#25.45,20.07,11.54,40.08#25.15,20.12,11.63,40.71#25.33,20.10,11.56,40.24#TRH#33.94,44.03,33.98,40.77,34.14,38.54,33.88,44.03!","9:27:15, 41.3704986572, 1.9959439039, 144.1520996094, 0.9683"
2025-04-23 11:27:35,"ECS#0.56,-0.21,0.18,25.00,2.18#0.47,-0.19,0.18,26.00,2.18#0.47,-0.19,0.18,25.00,2.09#0.37,-0.23,0.18,25.00,2.09#0.28,-0.21,0.18,25.00,2.18#0.47,-0.23,0.18,26.00,2.27#0.18,-0.21,0.18,25.00,2.09#0.28,-0.23,0.18,26.00,2.18#0.18,-0.25,0.17,25.00,2.18#0.18,-0.23,0.17,25.00,2.27#0.28,-0.23,0.18,25.00,2.18#0.37,-0.21,0.18,25.00,2.09#0.28,-0.21,0.17,25.00,2.18#0.56,-0.23,0.18,24.00,2.18#TRH#25.19,39.92,25.09,44.94!","9:27:17, 41.3704719543, 1.9959548712, 144.0744934082, 0.9228"
2025-04-23 11:27:38,,"9:27:19, 41.3704490662, 1.9959665537, 143.7225036621, 0.8733"
2025-04-23 11:27:46,"MXD#54.97,5.34,246.75,233.89,0.00,998.70,150.94,484#54.90,5.34,210.27,218.95,0.00,1080.28,130.10,484#54.90,5.34,231.36,208.53,0.00,1044.68,135.12,482#54.85,5.34,239.81,217.62,0.00,1000.05,144.59,482#54.71,5.34,241.00,210.80,0.00,1056.41,126.67,482#54.94,5.35,242.54,216.15,0.00,941.26,152.43,482#54.99,5.35,243.93,216.00,0.00,1012.99,140.06,482#54.86,5.35,244.62,223.21,0.00,983.60,151.25,480#54.88,5.34,245.86,217.18,0.00,957.33,141.30,480#54.83,5.35,246.04,219.931#24.78,19.92,11.57,40.10#24.99,20.07,","9:27:21, 41.3704261780, 1.9959785938, 143.6103057861, 1.0034"
2025-04-23 11:27:50,"MXD#54.71,5.35,246.75,204.00,0.00,1045.39,130.32,473#54.76,5.35,208.09,220.51,0.00,1027.85,132.81,473#54.56,5.35,228.57,205.45,0.00,1074.44,141.06,473#54.42,5.35,237.64,215.86,0.00,1122.01,132.81,473#54.50,5.34,237.97,211.23,0.00,957.33,148.46,473#5417.47,0.00,1076.99,129.66,473#TRH#750.98,128.00,25.69,41.89,25.70,40.28,25.75,40.76!","9:27:23, 41.3704071045, 1.9959915876, 143.7386932373, 1.3554"
2025-04-23 11:27:53,,"9:27:25, 41.3703880310, 1.9960057735, 144.1428985596, 0.9800"
2025-04-23 11:27:54,"71#TRH#34.02,44.33,34.03,41.39,34.23,39.27,33.91,44.33!","9:27:27, 41.3703727722, 1.9960277081, 143.6528015137, 1.3313"
2025-04-23 11:27:59,"ECS#0.37,-0.23,0.18,25.00,2.09#0.37,-0.25,0.18,27.00,2.27#0.37,-0.17,0.18,25.00,2.18#0.37,-0.19,0.18,26.00,2.27#0.37,-0.21,0.18,26.00,2.36#0.47,-0.23,0.18,26.00,2.09#0.37,-0.23,0.18,26.00,2.18#0.28,-0.19,0.19,","9:27:29, 41.3703613281, 1.9960446358, 143.9243011475, 1.8046"
2025-04-23 11:28:02,SPLRon,"9:27:31, 41.3703536987, 1.9960589409, 143.7120056152, 2.3959"
2025-04-23 11:28:02,"MXD#54.28,5.36,246.93,215.57,0.00,1103.93,130.06,473#54.23,5.35,209.62,218.65,0.00,1053.91,135.95,473#54.21,5.36,229.80,222.23,0.00,1008.21,145.82,473#54.01,5.36,238.80,208.75,0.00,1008.89,147.06,473#53.98,5.36,240.32,214.69,0.00,1085.77,130.45,473#53.85,5.36,242.37,210.73,0.00,1023.68,131.69,474#53.96,5.36,243.93,207.55,0.00,993.64,137.85,474#53.94,5.36,244.62,207.13,0.00,1092.78,142.16,474#53.71,5.36,246.04,205.38,0.00,1072.26,145.37,474#54.11,5.36,243.58,202.00,0.00,1012.99,140.44,474#TRH#750.98,128.00,25.72,41.69,25.70,40.11,25.75,40.61!","9:27:33, 41.3703460693, 1.9960893393, 142.2333984375, 2.9669"
2025-04-23 11:28:03,"MXA#24.88,19.76,11.66,39.11#25.17,19.84,11.70,39.08#25.13,19.81,11.72,39.26#24.74,19.65,11.67,38.94#24.78,19.67,11.64,38.66#24.76,19.71,11.67,38.67#24.35,19.84,11.74,38.94#24.68,19.74,11.69,39.12#TRH#34.05,44.29,34.06,41.36,34.20,39.21,33.92,44.29!","9:27:35, 41.3703346252, 1.9961049557, 142.0877075195, 3.5761"
2025-04-23 11:28:09,"ECS#0.18,-0.19,0.18,25.00,2.18#0.18,-0.19,0.18,25.00,2.09#0.47,-0.23,0.19,26.00,2.18#0.47,-0.21,0.18,27.00,2.27#0.18,-0.21,0.18,26.00,2.18#0.37,-0.14,0.19,26.00,2.09#0.37,-0.25,0.18,24.00,2.09#0.47,-0.19,0.19,26.00,2.18#0.37,-0.23,0.18,26.00,2.18#0.2","9:27:37, 41.3703231812, 1.9961181879, 142.7886047363, 4.2397"
2025-04-23 11:28:10,"MXD#53.87,5.35,248.54,209.95,0.00,1009.57,134.03,476#53.93,5.36,210.01,217.54,0.00,1050.00,132.05,476#54.00,5.36,230.58,227.41,0.00,1102.06,142.79,476#53.65,5.36,239.14,210.73,0.00,985.93,135.49,47.68,5.36,243.75,208.75,0.00,1037.63,133.49,471#53.58,5.36,244.80,206.36,0.00,1018.15,125.77,471#53.53,5.36,245.50,204.90,0.00,1099.46,139.31,471#53.70,5.36,247.46,207.97,0.00,1100.95,127.14,471#TRH#750.98,128.00,25.75,41.69,25.73,40.13,25.77,40.59!","9:27:39, 41.3703155518, 1.9961174726, 142.8699951172, 4.9333"
2025-04-23 11:28:13,,"9:27:41, 41.3703041077, 1.9961256981, 142.7355957031, 5.5651"
2025-04-23 11:28:14,"MXA#24.17,19.76,11.76,39.07#24.21,19.79,11.76,38.91#24.56,19.82,11.78,39.01#25.08,19.87,11.71,38.83#25.08,19.89,11.77,38.81#25.00,19.89,11.79,38.91#24.54,19.84,11.76,38.97,44.24!","9:27:43, 41.3702964783, 1.9961299896, 143.5016021729, 6.0877"
2025-04-23 11:28:20,"ECS#0.28,-0.23,0.18,27.00,2.27#0.18,-0.19,0.18,25.00,2.09#0.28,-0.25,0.18,26.00,2.18#0.37,-0.21,0.19,26.00,2.18#0.37,-0.21,0.19,25.00,2.09#0.47,-0.19,0.19,26.00,2.18#0.28,-0.21,0.19,25.00,2.18#0.37,-0.23,0.18,25.00,2.18#0.28,-0.23,0.19,25.00,2.18#0.1","9:27:45, 41.3702888489, 1.9961363077, 144.2001037598, 6.5167"
2025-04-23 11:28:21,"MXD#53.66,5.36,247.28,212.67,0.00,1073.71,129.70,471#53.63,5.36,209.24,201.73,0.00,1050.35,133.13,471#53.43,5.36,229.34,209.74,0.00,1063.95,133.49,471#53.63,5.37,238.47,203.03,0.00,1051.42,138.04,471#53.37,5.36,239.64,214.26,0.00,1083.94,140.49,471#53.40,5.36,241.51,210.02,0.00,977.63,140.25,469#53.37,5.36,242.02,209.95,0.00,1009.23,132.05,469#53.30,5.37,244.45,214.62,0.00,1050.35,134.12,469#53.23,5.37,245.50,208.04,0.00,941.26,139.07,469#53.22,5.37,243.58,211.95,0.00,1068.64,134.90,476#TRH#750.98,128.00,25.73,41.73,25.77,40.17,25.78,40.67!","9:27:47, 41.3702774048, 1.9961241484, 146.3410949707, 6.8374"
2025-04-23 11:28:24,,"9:27:49, 41.3702774048, 1.9961327314, 146.4981994629, 7.0552"
2025-04-23 11:28:27,"MXA#25.08,19.92,11.78,38.63#25.00,19.90,11.81,38.72#24.16,19.85,11.77,38.20#24.77,19.98,11.81,38.39#24.41,19.89,11.76,38.15#24.44,19.85,11.76,38.20#24.90,19.90,11.75,38.14#24.37,19.90,11.81,38.01#TRH#34.09,44.","9:27:51, 41.3702850342, 1.9961389303, 142.2093048096, 7.1168"
2025-04-23 11:28:31,".47,142.45,480#53.21,5.37,241.17,207.27,0.00,985.60,138.27,480#53.11,5.37,242.88,204.06,0.00,1071.90,121.05,480#53.13,5.37,244.27,208.68,0.00,914.57,142.74,480#53.15,5.37,245.33,212.96,0.00,993.30,121.62,481#53.07,5.37,245.68,205.17,0.00,1018.50,142.11,481#TRH#750.98,128.00,25.75,41.78,25.75,40.19,25.80,40.67!","9:27:53, 41.3702888489, 1.9961621761, 139.8253021240, 7.1549"
2025-04-23 11:28:34,".03,34.06,44.09!","9:27:55, 41.3702888489, 1.9961714745, 139.3869018555, 6.4585"
2025-04-23 11:28:37,,"9:27:57, 41.3702926636, 1.9961915016, 137.8950958252, 5.8799"
2025-04-23 11:28:41,"94,134.99,398#53.19,5.37,239.98,199.96,0.00,958.62,144.78,398#52.95,5.36,243.40,206.78,0.00,1044.33,139.87,398#52.89,5.37,245.33,203.86,0.00,962.20,144.10,398#52.95,5.37,245.68,205.59,0.00,1079.18,132.23,395#53.03,5.37,246.57,205.87,0.00,982.94,127.31,395#TRH#750.98,128.00,25.78,41.30,25.78,39.66,25.81,40.15!","9:27:59, 41.3702964783, 1.9961922169, 137.3910064697, 5.6376"
2025-04-23 11:28:44,,"9:27:1, 41.3702964783, 1.9962100983, 136.3070983887, 5.5475"
2025-04-23 11:28:47,"MXA#24.83,19.98,11.74,37.61#24.87,20.05,11.78,37.60#24.31,20.05,11.80,37.78#24.49,20.24,11.86,38.08#24.63,20.30,11.86,37.92#0,2.09#TRH#25.23,40.94,25.14,45.70!","9:28:3, 41.3703002930, 1.9962093830, 136.2601928711, 4.8841"
2025-04-23 11:28:50,,"9:28:5, 41.3703002930, 1.9962052107, 136.8094024658, 4.1322"
2025-04-23 11:28:54,",5.37,240.32,205.31,0.00,1044.68,124.58,279#53.07,5.37,242.37,202.35,0.00,997.01,132.63,279#52.96,5.37,243.58,207.62,0.00,972.68,131.16,280#52.91,5.37,244.62,204.62,0.00,1019.53,133.22,280#52.89,5.37,243.58,209.38,0.00,","9:28:7, 41.3703002930, 1.9962054491, 137.2151947021, 3.8479"
2025-04-23 11:28:57,"18,26.00,2.27#0.47,-0.14,0.19,26.00,2.18#0.37,-0.25,0.19,25.00,2.09#0.37,-0.21,0.19,25.00,2.18#0.28,-0.25,0.19,26.00,2.09#0.18,-0.17,0.18,25.00,2.18#0.47,-0.21,0.19,25.00,2.18#0.47,-0.23,0.19,26.00,2.18#0.47,-0.23,0.19,26.00,2.27#0.47,-0.21,0.19,27.00,2.27#0.37,-0.19,0.19,25.00,2.18#0.18,-0.21,0.19,25.00,2.18#TRH#25.25,41.40,25.14,46.12!","9:28:9, 41.3702926636, 1.9961988926, 137.7059020996, 3.4658"
2025-04-23 11:29:00,,"9:28:11, 41.3702888489, 1.9961910248, 138.0885925293, 3.1462"
2025-04-23 11:29:04,"285#52.26,5.37,241.00,192.78,0.00,894.97,13.97,19.96,11.62,36.60#23.48,20.15,11.72,36.41#24.05,20.24,11.72,36.68#23.91,20.20,11.72,36.66#23.89,20.22,11.71,36.53#23.48,20.12,11.66,36.36#23.50,20.17,11.75,36.70#TRH#34.20,44.08,34.22,41.21,34.39,39.10,34.11,44.08!","9:28:13, 41.3702850342, 1.9961867332, 138.3273010254, 2.9954"
2025-04-23 11:29:07,,"9:28:15, 41.3702812195, 1.9961860180, 138.3730926514, 2.9581"
2025-04-23 11:29:11,"5.37,237.15,191.94,0.00,948.94,119.54,292#52.09,5.38,239.48,202.28,0.00,1019.53,118.74,292#52.16,5.38,241.17,199.02,0.00,981.27,140.49,292#52.22,5.37,242.02,189.42,0.00,937.13,124.50,292#TRH#750.98,128.00,25.81,41.19,25.83,39.54,25.84,39.95!","9:28:17, 41.3702812195, 1.9961832762, 138.5314025879, 2.9220"
2025-04-23 11:29:14,,"9:28:21, 41.3702735901, 1.9961845875, 138.2709045410, 2.6874"
2025-04-23 11:29:17,"7,-0.25,0.19,26.00,2.18#0.28,-0.25,0.19,26.00,2.09#0.28,-0.25,0.19,26.00,2.27#0.47,-0.17,0.18,25.00,2.18#0.28,-0.23,0.18,27.00,2.27#0.37,-0.23,0.19,26.00,2.09#0.28,-0.19,0.18,27.00,2.18#0.18,-0.21,0.18,28.00,2.27#TRH#25.27,41.37,25.17,46.02!","9:28:23, 41.3702735901, 1.9961844683, 138.3432006836, 2.7324"
2025-04-23 11:29:20,,"9:28:25, 41.3702697754, 1.9961822033, 138.3632965088, 2.7731"
2025-04-23 11:29:21,"196.54,0.00,921.40,121.87,403#52.31,5.38,232.15,193.44,0.00,1004.80,121.71,403#52.43,5.38,232.46,206.15,0.00,999.71,122.29,403#52.53,5.38,233.58,194.56,0.00,944.45,122.58,476#52.54,5.38,235.02,190.39,0.00,888.33,115.33,476#52.52,5.38,235.02,194.16,0.00,884.13,121.83,476#52.46,5.38,235.51,199.69,0.00,871.36,111.91,476#52.53,5.38,235.67,187.70,0.00,863.14,111.12,476#TRH#750.98,128.00,25.84,41.32,25.81,39.69,25.86,40.12!","9:28:27, 41.3702659607, 1.9961810112, 138.3563995361, 2.8164"
2025-04-23 11:29:24,"MXA#23.99,20.42,11.77,37.05#23.92,20.38,11.72,36.93#23.78,20.40,11.65,36.83#23.44,20.39,11.53,36.76#23.15,20.42,11.41,36.65#22.10,20.42,11.38,36.80#22.08,20.41,11.32,37.26#22.59,20.66,11.40,36.75#TRH#34.25,44.01,34.31,41.10,34.45,39.07,34.17,44.01!","9:28:29, 41.3702659607, 1.9961807728, 138.4501953125, 2.6714"
2025-04-23 11:29:26,"ECS#0.28,-0.23,0.18,26.00,2.18#0.37,-0.25,0.18,26.00,2.27#0.18,-0.23,0.19,25.00,2.18#0.47,-0.21,0.19,26.00,2.18#0.28,-0.21,0.18,25.00,2.09#0.28,-0.19,0.18,25.00,2.18#0.28,-0.23,0.18,27.00,2.18#0.37,-0.23,0.19,25.00,2.09#0.28,-0.21,0.18,26.00,2.27#0.18,-0.21,0.18,26.00,2.09#0.28,-0.17,0.18,24.00,2.18#0.18,-0.21,0.19,27.00,2.27#0.18,-0.23,0.18,26.00,2.18#0.18,-0.27,0.18,25.00,2.18#TRH#25.25,41.15,25.16,45.92!","9:28:31, 41.3702659607, 1.9961791039, 138.6479034424, 2.4250"
2025-04-23 11:29:29,,"9:28:33, 41.3702659607, 1.9961801767, 138.5601043701, 2.3366"
2025-04-23 11:29:33,"MXD#52.46,5.38,235.67,204.00,0.00,847.51,96.26,487#52.40,5.37,202.65,198.88,0.00,897.10,104.80,487#52.24,5.38,221.02,205.80,0.00,917.05,112.71,487#52.30,5.38,229.49,194.42,0.00,928.29,108.04,487#52.45,5.38,230.73,197.14,0.00,901.36,129.48,483#52.39,5.38,231.36,183.43,0.00,864.31,108.33,483#52.43,5.38,234.70,184.11,0.00,869.30,117.18,483#52.59,5.38,236.00,193.05,0.00,899.22,111.23,483#52.33,5.38,237.31,192.53,0.00,895.88,106.12,483#TRH#750.98","9:28:35, 41.3702697754, 1.9961831570, 138.2978057861, 2.5012"
2025-04-23 11:29:34,".09,34.19,44.01!","9:28:37, 41.3702697754, 1.9961814880, 138.1851959229, 2.7786"
2025-04-23 11:29:37,,"9:28:39, 41.3702659607, 1.9961804152, 138.1607055664, 3.0077"
2025-04-23 11:29:40,"MXD#52.15,5.38,238.30,196.41,0.00,863.73,99.00,476#52.27,5.38,201.81,193.31,0.00,933.65,100.12,476#52.31,5.38,219.32,200.50,0.00,825.99,112.14,476#52.22,5.38,226.15,192.20,0.00,857.90,103.46,476#52.16,5.38,228.42,190.84,0.00,930.49,116.47,476#51.96,5.38,230.58,187.64,0.00,921.40,106.98,472#52.12,5.39,232.62,186.56,0.00,842.36,109.73,472#52.23,5.38,233.58,179.19,0.00,864.31,105.97,472#52.24,5.38,40.10!","9:28:41, 41.3702659607, 1.9961768389, 138.2821960449, 3.2189"
2025-04-23 11:29:43,"MXA#22.23,20.44,11.29,36.31#22.17,20.53,11.36,36.43#22.17,20.49,11.33,36.55#21.66,20.46,11.33,36.60#21.57,20.42,11.30,36.69#21.54,20.49,11.27,36.57#21.81,20.62,11.30,36.86#21.47,20.65,11.30,36.82#TRH#34.31,43.88,34.34,40.97,34.50,38.85,34.23,43.88!","9:28:43, 41.3702659607, 1.9961794615, 137.9315948486, 3.4832"
2025-04-23 11:29:46,"ECS#0.47,-0.21,0.19,26.00,2.18#0.28,-0.19,0.19,26.00,2.18#0.28,-0.21,0.18,25.00,2.18#0.37,-0.23,0.18,25.00,2.18#0.28,-0.25,0.18,26.00,2.27#0.28,-0.21,0.19,26.00,2.09#0.37,-0.23,0.18,28.00,1.82#0.08,-0.23,0.18,25.00,2.09#0.37,-0.29,0.19,25.00,2.18#0.28,-0.25,0.19,25.00,2.18#0.28,-0.25,0.19,25.00,2.09#0.37,-0.21,0.18,25.00,2.18#0.37,-0.21,0.18,26.00,2.18#0.18,-0.23,0.18,25.00,2.18#0.28,-0.21,0.18,26.00,2.27#TRH#25.25,41.02,25.22,45.84!","9:28:45, 41.3702659607, 1.9961837530, 137.5180053711, 3.7255"
2025-04-23 11:29:49,,"9:28:47, 41.3702659607, 1.9961845875, 137.2263031006, 4.0008"
2025-04-23 11:29:54,".29,5.38,235.19,200.84,0.00,864.60,98.64,478#52.35,5.38,200.63,189.55,0.00,859.35,96.39,478#52.33,5.39,218.48,174.88,0.00,866.65,100.29,478#52.20,5.39,224.22,190.00,0.00,747.00,104.80,478#52.09,5.38,225.40,186.94,0.00,754.11,94.78,478#52.26,5.39,225.10,189.23,0.00,752.58,94.30,481#52.15,5.38,228.72,188.72,0.00,800.94,87.68,481#51.93,5.38,230.58,197.47,0.00,806.65,98.04,481#52.09,5.38,232.15,186.94,0.00,811.03,100.83,481#52.07,5.39,233.74,192.53,0.00,867.83,103.53,478#TRH#750.98,128.00,25.84,41","9:28:49, 41.3702697754, 1.9961884022, 136.5375976563, 4.2780"
2025-04-23 11:29:54,"MXA#21.08,20.54,11.06,36.85#20.86,20.51,10.96,36.77#20.68,20.58,10.97,36.67#20.48,20.45,10.96,36.34#20.24,20.55,11.10,36.74#20.63,20.54,11.21,37.00#21.20,20.56,11.29,36.99#20.78,20.53,11.29,36.89#21.55,20.65,11.41,37.31#TRH#34.34,43.79,34.38,40.83,34.52,38.65,34.28,43.79!","9:28:51, 41.3702697754, 1.9961891174, 136.4011993408, 4.6767"
2025-04-23 11:30:00,"ECS#0.37,-0.19,0.19,26.00,2.18#0.28,-0.23,0.18,27.00,2.27#0.18,-0.19,0.19,26.00,2.09#0.28,-0.23,0.18,25.00,2.09#0.28,-0.23,0.18,26.00,2.18#0.47,-0.23,0.18,25.00,2.18#0.18,-0.21,0.18,26.00,2.18#0.47,-0.25,0.19,25.00,2.09#0.28,-0.21,0.18,27.00,2.18#0.3","9:28:53, 41.3702659607, 1.9961870909, 135.9660034180, 5.1313"
2025-04-23 11:30:01,"MXD#52.28,5.38,236.00,191.87,0.00,805.28,97.47,478#52.30,5.38,201.22,191.03,0.00,835.26,103.25,478#52.23,5.38,220.17,189.04,0.00,885.33,103.74,478#52.31,5.38,228.26,194.56,0.00,874.02,116.15,477#52.53,5.38,229.96,193.96,0.00,797.15,107.38,477#52.26,5,843.22,111.57,476#TRH#750.98,128.00,25.84,40.84,25.89,39.11,25.92,39.58!","9:28:55, 41.3702659607, 1.9961844683, 135.9539947510, 5.5518"
2025-04-23 11:30:04,,"9:28:57, 41.3702545166, 1.9961858988, 135.4351959229, 5.9568"
2025-04-23 11:30:04,"MXA#21.81,20.69,11.45,36.99#21.93,20.76,11.51,37.01#21.70,20.67,11.55,37.56#21.71,20.65,11.62,37.72#21.67,20.72,11.66,37.69#22.24,20.92,11.75,37.61#22.37,20.88,11.81,37.63#22.50,20.75,11.84,37.71#TRH#34.36,43.75,34.44,40.78,34.56,38.58,34.25,43.75!","9:28:59, 41.3702468872, 1.9961895943, 135.3507995605, 6.3000"
2025-04-23 11:30:09,"ECS#0.37,-0.21,0.18,26.00,2.18#0.37,-0.21,0.19,26.00,2.18#0.28,-0.19,0.19,26.00,2.27#0.08,-0.23,0.18,27.00,2.27#0.37,-0.19,0.18,26.00,2.18#0.28,-0.19,0.18,25.00,2.09#0.28,-0.23,0.18,26.00,2.18#0.28,-0.23,0.18,27.00,2.18#0.28,-0.23,0","9:28:1, 41.3702468872, 1.9961899519, 135.1078948975, 6.4033"
2025-04-23 11:30:11,"MXD#52.83,5.38,238.64,190.51,0.00,834.70,114.17,476#52.94,5.38,203.01,194.56,0.00,844.36,116.94,476#53.21,5.38,221.45,193.96,0.00,801.75,111.42,476#52.87,5.38,229.34,177.81,0.00,913.95,114.59,474#53.09,5.38,230.58,197.21,0.00,894.37,122.29,474#52.82,5.38,232.15,196.61,0.00,799.85,113.32,474#53.00,5.38,233.90,199.96,0.00,856.45,118.10,474#52.85,5.38,235.02,203.86,0.00,832.16,126.45,474#53.16,5.38,236.82,197.88,0.00,844.65,125.01,474#53.07,5.38,237.64,196.41,0.00,874.61,110.85,474#TRH#750.98,128.00,25.86,40.91,25.91,39.19,25.91,39.63!","9:29:5, 41.3702468872, 1.9961713552, 138.3325042725, 5.3261"
2025-04-23 11:30:14,"4.39,43.62,34.44,40.66,34.61,38.46,34.31,43.62!","9:29:7, 41.3702430725, 1.9961563349, 139.2489929199, 5.5089"
2025-04-23 11:30:19,"ECS#0.37,-0.10,0.19,25.00,2.18#0.18,-0.21,0.18,25.00,2.18#0.56,-0.17,0.19,25.00,2.18#0.28,-0.23,0.18,26.00,2.18#0.28,-0.23,0.19,26.00,2.09#0.37,-0.23,0.18,25.00,2.18#0.18,-0.23,0.18,27.00,2.27#0.28,-0.21,0.18,26.00,2.18#0.47,-0.23,0.19,26.00,2.18#0.4","9:29:9, 41.3702354431, 1.9961382151, 141.6320953369, 5.5691"
2025-04-23 11:30:20,"MXD#52.91,5.38,238.14,197.47,0.00,791.50,124.33,472#53.03,5.38,202.29,201.05,0.00,871.07,131.92,472#53.23,5.38,221.31,194.69,0.00,922.34,123.12,472#53.13,5.37,229.65,191.29,0.00,835.55,121.42,472#53.29,5.38,230.89,193.83,0.00,884.73.00,25.88,41.05,25.92,39.38,25.94,39.84!","9:29:11, 41.3702239990, 1.9961408377, 141.1078948975, 5.6851"
2025-04-23 11:30:23,,"9:29:13, 41.3702239990, 1.9961358309, 141.2279968262, 5.8376"
2025-04-23 11:30:24,"MXA#23.11,20.43,12.09,38.29#23.67,20.47,12.10,37.81#23.63,20.34,12.07,38.28#22.95,20.09,12.04,37.96#23.27,20.26,12.11,38.25#23.31,20.18,12.11,38.25#23.22,20.06,12.06,37.83#23.91,20.21,12.16,37.91#TRH#34.42,43.73,34.45,40.80,34.61,38.66,34.34,43.73!","9:29:15, 41.3702163696, 1.9961338043, 141.1112976074, 6.0461"
2025-04-23 11:30:26,"ECS#0.28,-0.21,0.18,26.00,2.27#0.47,-0.21,0.19,27.00,2.27#0.47,-0.21,0.18,27.00,2.18#0.28,-0.23,0.19,26.00,2.18#0.37,-0.19,0.18,25.00,2.09#0.37,-0.23,0.18,25.00,2.09#0.18,-0.19,0.18,25.00,2.18#0.28,-0.19,0.18,25.00,2.18#0.08,-0.23,0.18,26.00,2.18#0.18,-0.17,0.18,29.00,2.45#0.66,-0.23,0.19,25.00,2.09#0.28,-0.19,0.18,25.00,2.18#0.28,-0.19,0.18,25.00,2.09#0.37,-0.21,0.18,25.00,2.18#0.47,-0.19,0.18,25.00,2.18#TRH#25.31,40.73,25.22,45.53!","9:29:19, 41.3702087402, 1.9961367846, 141.9687042236, 6.4954"
2025-04-23 11:30:29,,"9:29:21, 41.3702049255, 1.9961329699, 142.9947052002, 6.6833"
2025-04-23 11:30:33,"MXA#23.66,20.29,12.16,38.06#23.66,20.25,12.14,37.81#23.71,20.31,12.15,37.68#23.79,20.29,12.15,37.85#23.78,20.34,12.18,37.79#23.96,20.24,12.11,37.43#24.00,20.24,12.13,37.59#23.52,20.47,12.20,37.81#TRH#34.47,43.74,34.50,40.78,34.64,38.68,34.34,43.74!","9:29:23, 41.3702011108, 1.9961262941, 143.6983947754, 6.9078"
2025-04-23 11:30:36,"ECS#0.08,-0.23,0.18,26.00,2.18#0.08,-0.23,0.18,26.00,2.18#0.66,-0.14,0.19,25.00,2.18#0.37,-0.21,0.18,25.00,2.18#0.28,-0.21,0.18,25.00,2.09#0.28,-0.29,0.19,25.00,2.18#0.18,-0.23,0.18,26.00,2.18#0.18,-0.21,0.18,25.00,2.18#0.08,-0.21,0.18,25.00,2.09#0.37,-0.19,0.18,25.00,2.18#0.28,-0.21,0.18,25.00,2.09#0.18,-0.21,0.18,26.00,2.18#0.28,-0.23,0.18,25.00,2.18#0.37,-0.19,0.18,26.00,2.09#TRH#25.31,40.77,25.27,45.53!","9:29:25, 41.3701934814, 1.9961222410, 144.1867980957, 7.3256"
2025-04-23 11:30:39,,"9:29:27, 41.3701896667, 1.9961117506, 144.2660980225, 7.5863"
2025-04-23 11:30:40,"5.36,230.42,195.28,0.00,893.76,135.68,476#53.44,5.36,234.06,194.16,0.00,827.95,118.38,472#53.68,5.36,235.51,208.75,0.00,811.85,130.28,472#53.71,5.36,235.67,191.55,0.00,898.01,121.79,472#TRH#750.98,128.00,25.92,41.33,25.92,39.70,25.97,40.13!","9:29:29, 41.3701782227, 1.9961022139, 143.9754943848, 8.0451"
2025-04-23 11:30:43,,"9:29:31, 41.3701744080, 1.9960973263, 143.9501953125, 8.5625"
2025-04-23 11:30:43,"MXA#24.15,20.64,12.21,37.89#23.85,20.55,12.18,37.74#23.82,20.53,12.17,37.74#23.79,20.50,12.15,37.84#23.82,20.56,12.17,37.68#24.16,20.69,12.25,37.63#23.68,20.56,12.22,37.39#23.57,20.57,12.17,37.15#TRH#34.50,43.72,34.50,40.80,34.69,38.74,34.38,43.72!","9:29:33, 41.3701744080, 1.9961030483, 143.9618988037, 9.3362"
2025-04-23 11:30:46,,"9:29:35, 41.3701744080, 1.9961003065, 143.5576019287, 9.9261"
2025-04-23 11:30:50,"5.36,231.05,189.04,0.00,857.32,123.53,479#53.53,5.36,231.67,184.61,0.00,840.37,130.01,656#53.64,5.36,233.26,184.11,0.00,940.94,126.45,656#53.45,5.36,234.54,189.42,0.00,886.83,127.79,656#53.48,5.36,235.19,196.28,0.00,821.53,126.84,656#TRH#750.98,128.00,25.92,41.30,25.92,39.66,25.97,40.13!","9:29:37, 41.3701782227, 1.9960981607, 143.0796051025, 9.9830"
2025-04-23 11:30:53,"MXA#23.71,20.63,12.24,37.57#23.27,20.61,12.27,37.73#23.94,20.80,12.32,37.45#24.37,20.726,37.35#23.72,20.69,12.30,37.47#23.54,20.71,12.31,37.15#TRH#34.52,43.74,34.53,40.87,34.70,38.74,34.41,43.74!","9:29:39, 41.3701934814, 1.9961146116, 139.1394958496, 10.1768"
2025-04-23 11:30:56,,"9:29:41, 41.3702049255, 1.9961165190, 137.6024017334, 9.9865"
2025-04-23 11:30:59,"8.26,182.56,0.00,827.39,123.78,647#53.37,5.36,228.42,187.57,0.00,860.81,129.44,647#53.43,5.36,231.99,187.89,0.00,831.32,125.30,647#53.50,5.36,233.58,189.68,0.00,890.14,121.38,647#53.63,5.36,232.78,186.24,0.00,888.93,132.81,647#TRH#750.98,128.00,25.94,40.49,25.95,38.81,25.97,39.24!","9:29:43, 41.3702163696, 1.9961365461, 135.4638061523, 9.5853"
2025-04-23 11:31:02,,"9:29:45, 41.3702239990, 1.9961563349, 133.7998046875, 9.2358"
2025-04-23 11:31:05,"MXA#23.97,20.71,12.29,37.45#24.41,20.87,12.33,37.30#24.45,20.82,12.39,37.15#24.39,20.67,12.34,37.03#24.42,20.62,12.35,37.10#24.01,226.00,2.18#0.37,-0.21,0.18,26.00,2.27#0.28,-0.21,0.18,26.00,2.09#0.47,-0.19,0.19,25.00,2.18#0.28,-0.19,0.18,26.00,2.18#0.18,-0.21,0.18,27.00,2.18#0.37,-0.25,0.18,27.00,2.27#TRH#25.33,40.69,25.28,45.46!","9:29:47, 41.3702316284, 1.9961472750, 133.3220062256, 9.0121"
2025-04-23 11:31:08,,"9:29:53, 41.3702392578, 1.9961616993, 130.1632995605, 8.6606"
2025-04-23 11:31:12,".36,34.47,43.54!","9:29:55, 41.3702468872, 1.9961649179, 128.7962036133, 9.1506"
2025-04-23 11:31:15,"ECS#0.28,-0.19,0.18,25.00,2.09#0.47,-0.17,0.19,27.00,2.18#0.28,-0.21,0.18,25.00,2.18#0.28,-0.21,0.18,26.00,2.27#0.18,-0.21,0.19,27.00,2.18#0.28,-0.21,0.19,25.00,2.09#0.18,-0.21,0.18,24.00,2.18#0.08,-0.19,0.18,26.00,2.18#0.37,-0.23,0.18,26.00,2.27#0.37,-0.23,0.18,26.00,2.27#0.37,-0.17,0.19,25.00,2.18#0.28,-0.23,0.18,26.00,2.18#TRH#25.34,40.36,25.28,45.27!","9:29:57, 41.3702507019, 1.9961726665, 127.4324035645, 8.8601"
2025-04-23 11:31:18,,"9:29:59, 41.3702583313, 1.9961746931, 126.2675018311, 8.6882"
2025-04-23 11:31:19,"5.34,223.04,174.76,0.00,796.88,122.29,483#52.94,5.35,225.55,170.04,0.00,776.12,122.00,483#53.00,5.35,227.35,176.61,0.00,808.84,118.42,483#53.03,5.35,227.81,178.47,0.00,794.19,128.57,483#TRH#750.98,128.00,25.97,40.77,25.97,39.12,26.02,39.56!","9:29:1, 41.3702621460, 1.9961807728, 125.1785964966, 8.5521"
2025-04-23 11:31:22,,"9:30:3, 41.3702735901, 1.9961854219, 124.6166992188, 8.4663"
2025-04-23 11:31:22,"MXA#24.44,21.26,12.43,35.17#24.40,21.23,12.40,35.28#24.00,21.28,12.42,35.24#24.61,21.31,12.45,35.29#24.54,21.46,12.52,35.47#24.48,21.43,12.52,35.54#23.92,21.28,12.44,35.12#24.55,21.44,12.51,35.40#TRH#34.58,43.58,34.61,40.59,34.80,38.31,34.48,43.58!","9:30:5, 41.3702774048, 1.9961702824, 124.7444000244, 8.3436"
2025-04-23 11:31:25,"ECS#0.18,-0.19,0.18,26.00,2.27#0.37,-0.17,0.19,25.00,2.18#0.28,-0.19,0.19,26.00,2.18#0.37,-0.23,0.18,25.00,2.18#0.28,-0.21,0.19,27.00,2.27#0.28,-0.21,0.18,25.00,2.18#0.37,-0.19,0.19,26.00,2.18#0.37,-0.21,0.18,25.00,2.18#0.28,-0.21,0.18,26.00,2.27#0.47,-0.19,0.19,25.00,2.09#0.66,-0.23,0.19,25.00,2.09#0.18,-0.23,0.18,27.00,2.18#0.56,-0.21,0.19,25.00,2.18#0.37,-0.23,0.18,26.00,2.18#0.66,-0.19,0.19,25.00,2.09#TRH#25.38,40.31,25.28,45.16!","9:30:7, 41.3702812195, 1.9961700439, 124.3387985229, 8.3616"
2025-04-23 11:31:28,,"9:30:9, 41.3702850342, 1.9961706400, 123.8303985596, 8.3132"
2025-04-23 11:31:29,"MXD#52.57,5.35,228.72,169.06,0.00,834.70,137.85,408#52.66,5.35,194.23,178.47,0.00,779.01,126.11,408#52.58,5.35,210.14,179.86,0.00,774.28,123.03,408#52.82,5.35,217.78,183.12,0.00,801.75,118.78,408#52.78,5.34,219.04,170.79,0.00,852.98,121.87,408#52.78,5.34,221.31,171.60,0.00,785.37,120.27,409#52.54,5.35,222.32,173.23,0.00,833.29,117.62,409#52.64,5.35,223.78,169.18,0.00,774.28,131.60,409#52.52,5.34,225.10,165.83,0.00,737.95,118.74,409#52.67,5.35,225.70,171.13,0.00,783.24,124.25,409#TRH#750.98,128.00,25.97,40.72,25.98,39.04,26.02,39.51!","9:30:11, 41.3702888489, 1.9961646795, 123.7627029419, 8.3608"
2025-04-23 11:31:32,"MXA#24.38,21.51,12.51,34.97#24.39,21.54,12.54,35.08#24.38,21.51,12.53,35.17#24.29,21.38,12.46,35.32#24.36,21.43,12.47,35.20#24.76,21.52,12.53,35.11#24.68,21.54,12.56,35.23#24.68,21.66,12.53,35.32#TRH#34.61,43.54,34.62,40.56,34.80,38.42,34.53,43.54!","9:30:13, 41.3702964783, 1.9961495399, 124.3098983765, 8.2736"
2025-04-23 11:31:35,".18,26.00,2.18#0.37,-0.23,0.18,25.00,2.18#0.28,-0.21,0.18,27.00,2.27#0.28,-0.17,0.18,25.00,2.09#0.18,-0.21,0.18,25.00,2.09#0.18,-0.21,0.19,25.00,2.09#TRH#25.38,40.40,25.30,45.22!","9:30:15, 41.3703002930, 1.9961508512, 123.6586990356, 8.1903"
2025-04-23 11:31:38,,"9:30:17, 41.3703041077, 1.9961507320, 123.3518981934, 8.1545"
2025-04-23 11:31:38,"MXD#52.65,5.34,226.30,167.01,0.00,754.62,123.66,341#52.69,5.34,192.92,171.13,0.00,761.80,120.36,341#52.70,5.34,209.36,170.96,0.00,823.48,135.49,341#52.53,5.34,215.99,176.31,0.00,765.16,116.98,341#52.57,5.34,217.50,176.72,0.00,823.75,129.75,345#52.43,5.34,217.64,172.53,0.00,774.28,124.92,345#52.41,5.34,221.02,180.96,0.00,780.07,128.78,345#52.56,5.34,222.17,173.82,0.00,769.58,129.62,345#52.43,5.34,223.34,180.11,0.00,869.30,118.26,345#TRH#750.98,128.00,25.95,40.68,26.00,39.02,26.00,39.47!","9:30:19, 41.3703155518, 1.9961054325, 128.4026031494, 8.0226"
2025-04-23 11:31:41,,"9:30:21, 41.3703269958, 1.9960680008, 131.5102996826, 7.8991"
2025-04-23 11:31:42,"MXA#24.76,21.60,12.48,35.01#24.76,21.56,12.463,12.55,35.27#24.79,21.68,12.56,34.87#24.73,21.65,12.58,35.04#24.84,21.69,12.59,35.59#24.83,21.72,12.56,35.36#TRH#34.62,43.45,34.67,40.46,34.83,38.29,34.53,43.45!","9:30:25, 41.3703384399, 1.9960405827, 133.3688049316, 7.5351"
2025-04-23 11:31:44,"ECS#0.08,-0.19,0.18,26.00,2.18#0.18,-0.23,0.18,26.00,2.18#0.28,-0.17,0.19,26.00,2.18#0.28,-0.19,0.18,25.00,2.09#0.28,-0.21,0.18,25.00,2.18#0.28,-0.21,0.19,25.00,2.09#0.28,-0.19,0.18,27.00,2.27#0.37,-0.21,0.18,26.00,2.18#0.28,-0.19,0.19,26.00,2.09#0.18,-0.19,0.18,26.00,2.18#0.18,-0.19,0.18,27.00,2.27#0.37,-0.19,0.18,27.00,2.18#0.37,-0.19,0.18,25.00,2.18#0.37,-0.21,0.18,25.00,2.09#TRH#25.38,40.31,25.30,45.07!","9:30:27, 41.3703498840, 1.9960236549, 134.9855957031, 6.6908"
2025-04-23 11:31:47,,"9:30:29, 41.3703536987, 1.9960167408, 135.3423004150, 6.6304"
2025-04-23 11:31:48,"MXD#52.53,5.34,225.10,173.47,0.00,850.10,116.78,349#52.86,5.34,191.72,182.44,0.00,773.23,127.66,349#52.70,5.34,208.34,169.35,0.00,800.94,121.01,349#52.80,5.34,214.63,182.62,0.00,777.70,120.36,349#52.68,5.34,216.95,168.03,0.00,809.38,119.46,978#52.81,5.34,219.46,173.23,0.00,789.36,124.75,978#52.76,5.34,220.88,173.76,0.00,784.84,120.81,978#52.68,5.33,221.88,168.09,0.00,773.23,118.50,978#52.82,5.33,221.74,172.53,0.00,753.09,120.27,978#TRH#750.98,128.00,25.97,40.51,25.98,38.76,26.02,39.23!","9:30:31, 41.3703613281, 1.9960123301, 135.2754058838, 6.6145"
2025-04-23 11:31:51,,"9:30:33, 41.3703613281, 1.9960135221, 134.4920959473, 6.6116"
2025-04-23 11:31:54,"ECS#0.28,-0.25,0.18,26.00,2.18#0.28,-0.17,0.18,25.00,2.09#0.18,-0.19,0.18,25.00,2.27#0.18,-0.23,0.18,26.00,2.18#0.28,-0.21,0.19,26.00,2.18#0.28,-0.19,0.19,26.00,2.18#0.28,-0.19,0.18,26.00,2.27#0.37,-0.21,0.18,25.00,2.18#0.47,-0.25,0.19,26.00,2.09#0.18,-0.17,0.18,26.00,2.09#0.47,-0.21,0.18,26.00,2.27#0.18,-0.21,0.18,25.00,2.18#0.28,-0.19,0.18,24.00,2.09#0.47,-0.17,0.19,25.00,2.18#0.47,-0.19,0.19,25.00,2.09#TRH#25.36,40.08,25.33,44.95!","9:30:35, 41.3703613281, 1.9960176945, 133.7017059326, 6.7705"
2025-04-23 11:31:57,,"9:30:37, 41.3703575134, 1.9960494041, 131.7234954834, 6.6882"
2025-04-23 11:31:58,"MXD#52.76,5.34,225.10,173.06,0.00,840.08,129.62,1127#52.84,5.33,192.81,174.53,0.00,775.07,111.27,1127#52.79,5.34,208.85,170.38,0.00,799.85,126.11,1127#53.02,5.34,216.12,171.48,0.00,750.80,121.09,1127#53.00,5.33,218.06,170.79,0.00,773.23,119.91,1386#52.85,5.33,220.17,172.18,0.00,796.88,126.28,1386#53.02,5.34,220.88,168.72,0.00,834.70,116.47,1386#52.94,5.33,223.92,188.27,0.00,770.62,121.67,1386#52.78,5.34,225.40,173.00,0.00,754.11,134.85,1386#53.08,5.34,223.92,174.35,0.00,851.25,124.37,1386#TRH#750.98,128.00,26.00,40.57,26.02,38.86,26.05,39.34!","9:30:39, 41.3703346252, 1.9960501194, 134.2028045654, 5.6390"
2025-04-23 11:32:01,,"9:30:43, 41.3703193665, 1.9960932732, 131.7819976807, 2.6089"
2025-04-23 11:32:04,"0.17,0.19,25.00,2.18#0.08,-0.21,0.18,26.00,2.09#0.18,-0.21,0.18,25.00,2.09#0.18,-0.19,0.18,26.00,2.18#0.28,-0.21,0.18,27.00,2.27#TRH#25.38,40.21,25.34,45.08!","9:30:45, 41.3703231812, 1.9961011410, 131.2207946777, 2.3029"
2025-04-23 11:32:07,,"9:30:47, 41.3703231812, 1.9961018562, 130.9165039063, 2.0815"
2025-04-23 11:32:08,"MXD#52.84,5.33,227.20,167.64,0.00,725.08,135.68,0#53.00,5.34,192.81,173.06,0.00,774.28,122.12,0#52.97,5.33,210.14,174.70,0.00,736.45,120.52,0#52.66,5.33,218.06,183.74,0.00,810.48,125.51,1553#52.87,5.33,219.74,174.41,0.00,831.60,122.37,1553#52.98,5.33,221.17,173.00,0.00,776.64,127.40,1553#53.10,5.33,223.19,176.61,0.00,764.65,127.27,1553#52.84,5.33,223.63,173.94,0.00,772.71,127.01,1553#52.92,5.33,225.10,178.11,0.00,786.70,120.07,1553#53.00,5.33,226.45,174.88,0.00,758.97,132.41,1556#TRH#750.98,128.00,26.00,40.67,26.02,38.95,26.03,39.44!","9:30:49, 41.3703231812, 1.9960943460, 131.6163940430, 1.8583"
2025-04-23 11:32:11,"MXA#24.69,21.40,12.60,35.68#24.74,21.45,12.61,35.61#24.69,21.40,12.63,35.75#24.99,21.56,12.70,35.96#24.48,21.44,12.66,35.64#24.37,21.36,12.65,35.67#24.22,21.41,12.64,35.52#24.70,21.38,12.68,36.23#TRH#34.72,43.45,34.73,40.39,34.91,38.29,34.64,43.45!","9:30:53, 41.3703231812, 1.9960846901, 132.7700958252, 1.9126"
2025-04-23 11:32:14,"ECS#0.28,-0.19,0.18,26.00,2.18#0.28,-0.21,0.18,26.00,2.09#0.47,-0.21,0.19,27.00,2.18#0.37,-0.19,0.19,25.00,2.18#0.37,-0.19,0.18,27.00,2.27#0.18,-0.23,0.18,26.00,2.09#0.28,-0.21,0.18,27.00,2.27#0.28,-0.21,0.18,25.00,2.18#0.18,-0.21,0.18,26.00,2.27#0.37,-0.21,0.19,25.00,2.27#0.28,-0.19,0.19,25.00,2.09#0.18,-0.21,0.18,26.00,2.18#0.08,-0.19,0.18,26.00,2.18#0.08,-0.19,0.18,25.00,2.18#0.37,-0.17,0.18,26.00,2.18#TRH#25.38,40.29,25.33,45.06!","9:30:55, 41.3703155518, 1.9960739613, 133.3267059326, 1.8848"
2025-04-23 11:32:17,,"9:30:57, 41.3703117371, 1.9960708618, 133.6347961426, 2.0497"
2025-04-23 11:32:21,"MXD#52.95,5.33,227.51,183.06,0.00,789.90,119.10,1556#52.96,5.33,194.57,177.14,0.00,763.61,122.99,1556#53.03,5.33,211.05,174.47,0.00,779.80,128.05,1556#53.20,5.33,218.76,187.13,0.00,789.90,113.90,1556#53.13,5.33,220.31,174.47,0.00,746.24,126.15,1554#53.14,5.33,221.31,182.81,0.00,831.88,119.22,1554#52.92,5.33,223.78,166.45,0.00,815.99,116.71,1554#53.10,5.33,225.85,181.33,0.00,840.94,116.94,1554#53.14,5.32,226.75,174.11,0.00,839.80,109.96,1552#53.3","9:30:59, 41.3703079224, 1.9960645437, 134.2765045166, 2.0977"
2025-04-23 11:32:22,"MXA#24.30,21.45,12.73,36.21#24.55,21.46,12.72,36.01#24.37,21.42,12.74,36.18#24.53,21.41,12.70,36.15#24.40,21.36,12.70,36.19#24.34,21.31,12.66,36.23#24.77,21.46,12.74,36.13#25.02,21.39,12.66,35.67#25.03,21.36,12.67,35.80#TRH#34.70,43.42,34.80,40.49,34.92,38.34,34.67,43.42!","9:30:1, 41.3703079224, 1.9960604906, 134.1307067871, 2.1729"
2025-04-23 11:32:27,"ECS#0.28,-0.23,0.19,24.00,2.09#0.18,-0.17,0.19,25.00,2.09#0.37,-0.21,0.19,25.00,2.18#0.47,-0.19,0.19,25.00,2.18#0.18,-0.19,0.19,24.00,2.09#0.37,-0.19,0.18,25.00,2.18#0.37,-0.19,0.19,25.00,2.09#0.47,-0.21,0.19,25.00,2.18#0.37,-0.19,0","9:31:3, 41.3703041077, 1.9960551262, 133.8460998535, 1.6811"
2025-04-23 11:32:32,"MXD#53.26,5.32,228.72,176.97,0.00,792.58,119.30,1552#53.26,5.32,195.23,177.93,0.00,819.31,120.68,1552#53.16,5.32,212.23,167.92,0.00,805.83,121.01,0#53.14,5.32,220.02,183.99,0.00,737.95,120.64,0#53.14,5.32,221.","9:31:5, 41.3703041077, 1.9960540533, 134.1053924561, 1.4701"
2025-04-23 11:32:32,"MXA#24.90,21.52,12.74,36.15#24.59,21.48,12.76,36.19#24.79,21.46,12.73,36.06#24.82,21.52,12.75,35.96#24.47,21.37,12.67,35.71#24.43,21.38,12.70,35.81#24.42,21.34,12.68,35.84#24.89,21.29,12.68,35.92#TRH#34.77,43.38,34.81,40.42,34.97,38.27,34.66,43.38!","9:31:7, 41.3703002930, 1.9960491657, 135.1643066406, 1.2392"
2025-04-23 11:32:37,"ECS#0.47,-0.23,0.18,26.00,2.18#0.18,-0.19,0.19,26.00,2.27#0.37,-0.21,0.18,24.00,2.09#0.37,-0.23,0.19,25.00,2.09#0.37,-0.21,0.19,26.00,2.18#0.66,-0.17,0.19,26.00,2.18#0.76,-0.19,0.19,25.00,2.27#0.18,-0.21,0.18,26.00,2","9:31:9, 41.3703002930, 1.9960421324, 136.5666046143, 1.1898"
2025-04-23 11:32:39,"MXD#53.24,5.33,229.65,176.01,0.00,837.81,124.08,1012#53.10,5.32,196.13,173.64,0.00,802.29,120.40,1012#53.32,5.33,212.10,183.06,0.00,792.85,121.58,1012#53.18,5.33,221.02,185.61,0.00,792.58,122.70,1012#53.14,5.3820.14,117.22,950#53.16,5.32,229.49,179.68,0.00,790.43,124.25,950#TRH#750.98,128.00,26.05,40.86,26.06,39.20,26.06,39.72!","9:31:11, 41.3703002930, 1.9960398674, 137.8585968018, 1.4096"
2025-04-23 11:32:42,SPLRoff,"9:31:13, 41.3703002930, 1.9960353374, 139.0706939697, 1.5034"
2025-04-23 11:32:43,".18#TRH#34.78,43.44,34.83,40.52,35.00,38.46,34.70,43.44!","9:31:15, 41.3703041077, 1.9960397482, 139.4869995117, 1.3968"
2025-04-23 11:32:45,"ECS#0.37,-0.21,0.19,25.00,2.18#0.28,-0.17,0.18,26.00,2.18#0.37,-0.19,0.19,25.00,2.18#0.28,-0.25,0.18,26.00,2.27#0.18,-0.17,0.18,27.00,2.27#0.37,-0.19,0.19,25.00,2.09#0.18,-0.21,0.19,26.00,2.27#0.37,-0.19,0.19,25.00,2.18#0.28,-0.21,0,40.64,25.39,45.36!","9:31:17, 41.3703079224, 1.9960457087, 139.4412994385, 1.3572"
2025-04-23 11:32:48,,"9:31:19, 41.3703079224, 1.9960526228, 139.1636962891, 1.3854"
2025-04-23 11:32:49,"MXD#53.34,5.32,230.58,189.74,0.00,799.85,136.97,773#53.18,5.32,196.81,170.67,0.00,801.21,130.32,773#53.39,5.32,213.69,179.44,0.00,833.29,125.64,773#53.37,5.32,221.74,171.66,0.00,834.98,11834.13,130.67,685#53.19,5.32,229.80,188.46,0.00,829.35,127.96,685#53.11,5.32,230.42,188.53,0.00,819.58,125.69,685#TRH#750.98,128.00,26.05,40.89,26.06,39.30,26.09,39.82!","9:31:21, 41.3703079224, 1.9960565567, 138.8242950439, 1.5025"
2025-04-23 11:32:52,,"9:31:23, 41.3703079224, 1.9960583448, 138.7232971191, 1.7867"
2025-04-23 11:32:55,"MXA#24.36,21.22,12.77,36.26#24.36,21.22,12.73,36.15#24.47,21.25,12.78,36.19#24.92,21.38,12.79,35.76#24.94,21.31,12.78,35.81#24.38,21.17,12.76,36.06#24.66,21.37,12.83,36.06#24.91,21.34,12.75,35.86#TRH#34.83,43.43,34.86,40.52,35.00,38ECS#0.47,-0.25,0.19,26.00,2.27#0.56,-0.21,0.19,27.00,2.18#0.37,-0.21,0.19,26.00,2.09#0.28,-0.23,0.18,25.00,2.18#0.28,-0.21,0.19,26.00,2.18#0.47,-0.23,0.19,26.00,2.27#0.28,-0.25,0.18,26.00,2.18#0.37,-0.21,0.18,26.00,2.27#0.28,-0.21,0.18,26.00,2.18#0.37,-0.23,0.19,26.00,2.18#0.56,-0.23,0.19,26.00,2.09#0.28,-0.23,0.18,26.00,2.18#0.28,-0.21,0.18,26.00,2.18#0.28,-0.19,0.19,25.00,2.18#TRH#25.38,40.64,25.36,45.34!","9:31:25, 41.3703079224, 1.9960594177, 138.6166992188, 2.0756"
2025-04-23 11:32:58,,"9:31:27, 41.3703079224, 1.9960623980, 138.3885955811, 2.2561"
2025-04-23 11:32:59,"MXD#53.26,5.32,231.36,179.74,0.00,792.04,118.90,663#53.20,5.32,197.61,185.11,0.00,801.21,119.99,663#53.34,5.31,214.49,171.,222.17,185.55,0.00,801.21,123.28,663#53.37,5.32,223.48,186.50,0.00,817.09,123.70,663#53.45,5.32,225.40,181.02,0.00,810.75,125.01,658#53.40,5.32,226.60,183.86,0.00,777.17,136.00,658#53.50,5.32,228.57,174.88,0.00,854.71,126.41,658#53.42,5.32,229.96,175.35,0.00,792.58,118.30,658#53.10,5.32,228.11,183.68,0.00,802.56,125.01,658#TRH#750.98,128.00,26.05,40.99,26.03,39.54,26.09,40.27!","9:31:29, 41.3703079224, 1.9960631132, 138.3148956299, 2.2597"
2025-04-23 11:33:02,"MXA#24.11,21.09,12.79,36.09#24.54,20.97,12.76,35.98#24.57,20.95,12.77,35.95#24.07,20.77,12.680.84,12.57,35.29#23.22,20.50,12.40,34.23#TRH#34.84,43.51,34.89,40.86,35.03,38.85,34.75,43.51!","9:31:31, 41.3703079224, 1.9960631132, 138.1616973877, 2.2595"
2025-04-23 11:33:05,,"9:31:33, 41.3703079224, 1.9960616827, 138.2953033447, 2.2160"
2025-04-23 11:33:08,"MXD#52.36,5.32,229.34,176.43,0.00,765.68,123.49,644#52.10,5.32,193.35,184.11,0.00,761.29,122.70,644#52.16,5.32,209.11,178.47,0.00,715.81,108.04,644#52.12,5.32,215.85,173.76,0.00,74.07,186.69,0.00,803.11,118.66,622#TRH#750.98,128.00,26.05,41.78,26.08,40.20,26.09,40.48!","9:31:35, 41.3703079224, 1.9960652590, 138.2955932617, 1.9548"
2025-04-23 11:33:11,,"9:31:37, 41.3703079224, 1.9960651398, 138.2866973877, 1.9917"
2025-04-23 11:33:12,"MXA#22.62,20.12,12.25,33.25#22.87,19.99,12.26,33.49#23.19,20.00,12.28,33.18#22.81,20.22,12.31,33.09#23.33,20.49,12.39,33.38#23.40,20.78,12.46,33.38#23.32,20.84,12.47,33.35#22.96,21.21,12.61,33.98#TRH#34.83,43.28,34.91,40.44,35.06,38.35,34.77,43.28!","9:31:41, 41.3703117371, 1.9960709810, 138.1670989990, 1.5959"
2025-04-23 11:33:15,"ECS#0.37,-0.21,0.19,25.00,2.18#0.37,-0.19,0.19,26.00,2.09#0.37,-0.23,0.19,26.00,2.18#0.37,-0.23,0.19,25.00,2.18#0.37,-0.23,0.19,25.00,2.18#0.47,-0.17,0.19,25.00,2.18#0.28,-0.21,0.19,27.00,2.27#0.47,-0.21,0.19,26.00,2.27#0.37,-0.17,0.19,25.00,2.09#0.56,-0.21,0.19,25.00,2.18#-0.01,-0.23,0.18,25.00,2.18#0.37,-0.23,0.19,26.00,2.18#0.37,-0.23,0.19,25.00,2.18#0.28,-0.17,0.19,25.00,2.09#0.28,-0.23,0.19,26.00,2.18#TRH#25.41,40.68,25.41,45.49!","9:31:43, 41.3703117371, 1.9960724115, 138.1900939941, 1.5708"
2025-04-23 11:33:18,,"9:31:45, 41.3703117371, 1.9960740805, 138.2272949219, 1.5569"
2025-04-23 11:33:19,"9.32,175.83,0.00,694.34,129.97,622#52.14,5.32,221.17,181.70,0.00,781.39,119.87,622#52.25,5.33,223.19,171.42,0.00,723.85,109.88,622#52.54,5.32,225.70,175.06,0.00,803.11,109.62,622#52.50,5.32,227.05,174.59,0.00,773.23,123.12,622#52.49,5.32,228.72,165.78,0.00,814.05,111.00,622#TRH#750.98,128.00,26.08,40.56,26.08,38.88,26.11,39.37!","9:31:49, 41.3703079224, 1.9960708618, 138.4573974609, 1.8742"
2025-04-23 11:33:22,"20,34.92,40.35,35.06,38.26,34.78,43.20!","9:31:51, 41.3703079224, 1.9960708618, 138.4577941895, 1.9805"
2025-04-23 11:33:24,"7,-0.21,0.19,26.00,2.18#0.18,-0.21,0.19,25.00,2.18#0.37,-0.21,0.19,26.00,2.18#0.37,-0.21,0.18,27.00,2.27#0.28,-0.21,0.19,25.00,2.18#TRH#25.42,40.48,25.39,45.27!","9:31:53, 41.3703079224, 1.9960749149, 138.0675048828, 1.6964"
2025-04-23 11:33:27,,"9:31:55, 41.3703079224, 1.9960792065, 137.5639038086, 1.5256"
2025-04-23 11:33:28,"MXD#52.54,5.32,229.18,174.59,0.00,793.65,122.04,577#52.71,5.32,195.90,176.13,0.00,810.48,112.94,577#52.69,5.32,211.96,170.15,0.00,837.53,126.11,577#52.78,5.32,219.46,185.55,0.00,776.12,137.11,561#52.62,5.32,221.31,182.75,0.00,780.07,131.07,561#52.62,5.32,221.88,178.05,0.00,834.98,111.12,561#52.90,5.32,225.10,183.49,0.00,763.87,117.94,561#53.02,5.32,226.30,185.93,0.00,840.65,118.90,561#52.95,5.32,227.35,181.64,0.00,818.47,125.69,561#TRH#750.98,128.00,26.08,40.73,26.09,39.15,26.09,39.58!","9:31:57, 41.3703079224, 1.9960809946, 137.2033996582, 1.5648"
2025-04-23 11:33:31,,"9:31:59, 41.3703079224, 1.9960820675, 136.9633026123, 1.7753"
2025-04-23 11:33:31,"MXA#23.89,22.58,12.98,35.69#23.98,22.70,13.00,35.63#24.04,22.73,13.05,35.85#24.09,22.88,13.04,35.63#24.10,22.95,13.09,35.71#24.72,22.95,13.01,35.51#24.71,22.84,13.01,35.68#24.72,22.83,13.06,35.84#TRH#34.92,43.14,34.97,40.33,35.08,38.28,34.83,43.14!","9:31:1, 41.3703117371, 1.9960877895, 136.3880004883, 1.6200"
2025-04-23 11:33:34,"ECS#0.18,-0.21,0.18,27.00,2.27#0.56,-0.21,0.19,24.00,2.09#0.47,-0.17,0.19,25.00,2.09#0.37,-0.19,0.19,25.00,2.18#0.37,-0.19,0.19,25.00,2.18#0.37,-0.19,0.19,25.00,2.09#0.56,-0.25,0.19,25.00,2.18#0.28,-0.19,0.18,26.00,2.09#0.37,-0.21,0.19,26.00,2.18#0.37,-0.19,0.19,26.00,2.18#0.37,-0.25,0.19,25.00,2.09#0.37,-0.21,0.19,26.00,2.18#0.37,-0.25,0.18,26.00,2.09#0.28,-0.19,0.19,27.00,2.36#TRH#25.44,40.57,25.41,45.30!","9:32:3, 41.3703117371, 1.9960913658, 135.9181060791, 1.6125"
2025-04-23 11:33:37,,"9:32:5, 41.3703117371, 1.9960938692, 135.4815979004, 1.5660"
2025-04-23 11:33:38,"MXD#53.05,5.32,229.49,178.71,0.00,760.00,122.41,559#52.92,5.32,195.79,185.55,0.00,750.04,126.75,559#53.08,5.33,212.62,172.53,0.00,773.76,127.14,559#53.09,5.33,220.45,181.64,0.00,793.11,111.72,563#52.92,5.32,222.03,183.37,0.00,795.26,129.57,563#52.88,5.31,223.48,192.46,0.00,771.67,131.60,563#53.26,5.31,225.40,179.44,0.00,821.80,115.21,563#53.13,5.32,226.75,183.18,0.00,844.36,130.10,563#53.32,5.32,228.57,203.38,0.00,836.96,121.09,563#53.15,5.32,229.34,170.56,0.00,742.21,131.25,563#TRH#750.98,128.00,26.11,40.84,26.08,39.28,26.11,39.73!","9:32:7, 41.3703079224, 1.9960941076, 135.3029937744, 1.8173"
2025-04-23 11:33:41,"MXA#24.06,22.86,13.11,35.83#24.76,23.11,13.20,35.69#25.01,22.86,13.11,36.28#24.59,22.97,13.14,36.21#24.61,22.93,13.15,36.37#25.02,23.11,13.22,36.31#25.07,23.07,13.21,36.24#25.02,22.95,13.16,36.03#TRH#34.91,43.17,34.98,40.35,35.12,38.31,34.84,43.17!","9:32:9, 41.3703079224, 1.9960947037, 135.3287963867, 2.4106"
2025-04-23 11:33:44,"ECS#0.37,-0.23,0.19,25.00,2.18#0.37,-0.23,0.18,25.00,2.09#0.18,-0.23,0.19,26.00,2.18#0.18,-0.19,0.19,26.00,2.18#0.28,-0.21,0.18,26.00,2.18#0.47,-0.19,0.18,25.00,2.09#0.18,-0.19,0.19,27.00,2.27#-0.01,-0.21,0.18,24.00,2.18#0.28,-0.19,0.19,26.00,2.18#0.28,-0.19,0.19,27.00,2.27#0.47,-0.17,0.19,26.00,2.18#0.37,-0.21,0.19,25.00,2.18#0.28,-0.25,0.19,26.00,2.18#0.28,-0.25,0.19,26.00,2.27#0.66,-0.17,0.19,25.00,2.18#TRH#25.45,40.65,25.44,45.35!","9:32:11, 41.3703117371, 1.9960960150, 135.3513946533, 3.0005"
2025-04-23 11:33:47,,"9:32:13, 41.3703079224, 1.9960927963, 135.4656066895, 3.1333"
2025-04-23 11:33:48,"MXD#53.19,5.31,230.58,179.13,0.00,793.38,130.67,555#53.23,5.32,197.04,178.05,0.00,749.78,126.62,555#53.16,5.32,214.49,194.95,0.00,833.01,124.16,441#53.39,5.31,221.88,185.93,0.00,797.96,122.08,441#53.46,5.31,223.63,186.24,0.00,804.74,121.38,441#53.14,5.31,225.85,185.80,0.00,769.06,136.27,441#53.46,5.31,226.60,191.35,0.00,772.71,119.26,441#53.39,5.32,229.03,198.34,0.00,797.42,124.50,441#53.26,5.32,229.65,181.82,0.00,867.53,132.95,442#53.52,5.32,231.67,178.89,0.00,789.10,143.42,442#TRH#750.98,128.00,26.08,40.84,26.11,39.27,26.14,39.77!","9:32:15, 41.3703079224, 1.9960920811, 135.6994934082, 3.6808"
2025-04-23 11:33:51,,"9:32:17, 41.3703117371, 1.9961020947, 134.9922027588, 2.3899"
2025-04-23 11:33:52,"MXA#24.56,23.04,13.21,36.07#24.44,23.15,13.25,36.03#24.74,23.15,13.28,36.24#24.97,23.19,13.25,36.27#24.96,23.16,13.30,36.46#24.92,23.40,13.42,36.39#24.80,23.28,13.38,36.78#25.43,23.28,13.43,36.85#25.51,23.25,13.40,36.64#TRH#34.97,43.19,34.98,40.41,35.19,38.40,34.88,43.19!","9:32:19, 41.3703117371, 1.9961034060, 134.6649932861, 2.3098"
2025-04-23 11:33:55,"ECS#0.28,-0.23,0.19,27.00,2.18#0.28,-0.21,0.19,26.00,2.18#0.37,-0.21,0.19,26.00,2.18#0.28,-0.23,0.19,24.00,2.18#0.18,-0.21,0.18,26.00,2.18#0.08,-0.21,0.18,26.00,2.18#0.18,-0.21,0.18,26.00,2.27#0.56,-0.19,0.19,27.00,2.27#0.28,-0.19,0.18,25.00,2.18#0.28,-0.21,0.18,27.00,2.18#0.28,-0.21,0.18,26.00,2.27#0.18,-0.23,0.19,25.00,2.18#0.18,-0.19,0.18,26.00,2.18#0.28,-0.21,0.18,25.00,2.18#0.28,-0.21,0.18,26.00,2.18#0.28,-0.19,0.18,26.00,2.18#TRH#25.45,40.91,25.44,45.55!","9:32:21, 41.3703117371, 1.9961061478, 134.5749969482, 2.7277"
2025-04-23 11:33:58,,"9:32:23, 41.3703117371, 1.9961042404, 134.6833953857, 2.0252"
2025-04-23 11:34:02,"MXD#53.71,5.32,231.52,176.07,0.00,826.27,123.66,442#53.55,5.32,198.18,186.88,0.00,824.03,125.13,442#53.40,5.32,216.12,191.03,0.00,889.24,131.12,442#53.30,5.32,223.48,183.12,0.00,809.66,137.57,442#53.52,5.32,224.81,185.80,0.00,796.88,124.71,442#53.47,5.32,226.90,191.94,0.00,835.26,124.25,442#53.63,5.32,228.72,187.25,0.00,743.47,129.00,442#53.35,5.31,229.65,188.85,0.00,813.78,126.03,440#53.44,5.32,230.42,194.29,0.00,893.76,128.05,440#53.55,5.31,230.11,186.18,0.00","9:32:25, 41.3703117371, 1.9961040020, 134.7745056152, 1.7569"
2025-04-23 11:34:02,"MXA#24.93,23.15,13.39,36.96#24.58,23.12,13.36,36.81#25.08,23.14,13.35,36.73#25.50,23.21,13.44,36.65#24.98,23.08,13.39,36.24#24.59,23.01,13.39,36.28#24.90,23.09,13.36,36.16#25.17,23.14,13.39,36.33#TRH#34.98,43.17,35.03,40.41,35.19,38.38,34.91,43.17!","9:32:27, 41.3703117371, 1.9961056709, 134.9176025391, 2.0828"
2025-04-23 11:34:04,"ECS#0.28,-0.19,0.18,25.00,2.27#0.28,-0.19,0.18,26.00,2.27#0.18,-0.19,0.19,25.00,2.18#0.28,-0.19,0.19,25.00,2.18#0.18,-0.19,0.19,26.00,2.18#0.18,-0.19,0.18,25.00,2.18#0.37,-0.10,0.19,27.00,2.18#0.28,-0.23,0.18,25.00,2.09#0.37,-0.19,0.18,26.00,2.27#0.37,-0.21,0.19,25.00,2.27#0.37,-0.21,0.19,26.00,2.27#0.37,-0.23,0.18,27.00,2.18#0.18,-0.23,0.19,25.00,2.09#0.37,-0.21,0.19,27.00,2.27#TRH#25.45,40.87,25.47,45.59!","9:32:29, 41.3703117371, 1.9961042404, 135.1284942627, 1.9680"
2025-04-23 11:34:07,,"9:32:31, 41.3703117371, 1.9961035252, 135.2678070068, 2.1964"
2025-04-23 11:34:09,"MXD#53.67,5.32,232.46,188.40,0.00,821.80,129.22,444#53.55,5.31,197.26,192.46,0.00,837.25,128.39,444#53.52,5.32,215.71,185.55,0.00,778.75,145.18,444#53.50,5.32,223.63,193.64,0.00,815.99,119.46,444#53.84,5.31,225.25,200.91,0.00,849.81,123.41,444#53.63,5.32,227.66,181.94,0.00,922.65,118.30,444#53.84,5.32,229.03,211.30,0.00,818.47,124.67,444#53.58,5.32,230.73,181.64,0.00,821.80,138.27,443#53.84,5.32,231.67,182.93,0.00,818.75,128.05,443#53.61,5.32,232.46,181.70,0.00,824.31,133.99,443#TRH#750.98,128.00,26.12,41.28,26.14,39.87,26.16,40.32!","9:32:33, 41.3703079224, 1.9960988760, 135.4371032715, 2.0876"
2025-04-23 11:34:12,"MXA#24.99,23.21,13.42,36.31#24.94,23.17,13.41,36.43#25.48,23.38,13.51,36.90#25.60,23.46,13.52,36.84#25.62,23.29,13.51,36.90#25.50,23.17,13.47,36.55#25.55,23.18,13.46,36.36#25.06,23.27,13.57,36.85#TRH#35.02,43.10,35.05,40.36,35.22,38.29,34.91,43.10!","9:32:35, 41.3703079224, 1.9960932732, 135.9546051025, 2.2813"
2025-04-23 11:34:14,"ECS#0.18,-0.19,0.18,26.00,2.27#0.28,-0.21,0.19,26.00,2.18#0.28,-0.21,0.19,26.00,2.09#0.28,-0.23,0.18,26.00,2.18#0.37,-0.21,0.19,26.00,2.09#0.37,-0.23,0.19,26.00,2.18#0.28,-0.21,0.18,26.00,2.27#0.47,-0.21,0.19,25.00,2.18#0.08,-0.21,0.19,26.00,2.27#0.37,-0.19,0.19,25.00,2.18#0.28,-0.25,0.19,25.00,2.09#0.47,-0.23,0.19,26.00,2.09#0.47,-0.23,0.19,26.00,2.18#0.47,-0.21,0.19,25.00,2.18#0.37,-0.23,0.19,26.00,2.27#TRH#25.50,40.73,25.47,45.44!","9:32:37, 41.3703079224, 1.9960922003, 136.2366027832, 2.4816"
2025-04-23 11:34:17,,"9:32:39, 41.3703079224, 1.9960966110, 135.9420013428, 2.1673"
2025-04-23 11:34:19,"MXD#53.71,5.32,233.74,183.06,0.00,817.09,130.72,442#53.66,5.31,199.34,185.43,0.00,798.77,127.79,442#53.66,5.31,216.67,196.28,0.00,826.83,122.99,442#53.97,5.31,224.96,190.32,0.00,821.80,118.62,442#53.93,5.32,227.05,195.15,0.00,856.45,121.71,442#54.03,5.32,228.26,191.10,0.00,803.65,137.15,444#53.76,5.31,230.73,192.46,0.00,868.42,140.11,444#53.86,5.32,232.62,191.87,0.00,767.50,135.72,444#53.81,5.31,233.74,191.55,0.00,827.11,121.46,444#53.90,5.31,235.19,184.55,0.00,874.61,122.37,444#TRH#750.98,128.00,26.12,40.64,26.14,39.02,26.20,39.55!","9:32:41, 41.3703079224, 1.9960988760, 135.9156036377, 2.1835"
2025-04-23 11:34:22,,"9:32:43, 41.3703079224, 1.9961016178, 135.8325958252, 2.1932"
2025-04-23 11:34:22,"MXA#25.11,23.47,13.56,36.78#25.68,23.39,13.50,36.68#25.68,23.47,13.52,36.44#25.51,23.57,13.61,36.83#25.51,23.67,13.66,36.81#25.20,23.63,13.68,37.00#25.18,23.50,13.60,36.73#25.81,23.71,13.67,36.99#25.82,23.69,13.70,37.18#TRH#35.03,42.92,35.08,40.10,35.23,38.06,34.94,42.92!","9:32:45, 41.3703079224, 1.9961041212, 135.5240936279, 2.0830"
2025-04-23 11:34:25,"ECS#0.18,-0.25,0.19,26.00,2.27#0.28,-0.19,0.19,27.00,2.18#0.47,-0.17,0.19,26.00,2.18#0.37,-0.19,0.19,26.00,2.18#0.18,-0.17,0.19,26.00,2.18#0.28,-0.19,0.19,27.00,2.18#0.18,-0.21,0.18,26.00,2.27#0.37,-0.21,0.18,26.00,2.09#0.18,-0.19,0.19,26.00,2.18#0.37,-0.19,0.19,25.00,2.09#0.56,-0.21,0.19,26.00,2.27#0.56,-0.21,0.19,26.00,2.09#0.66,-0.23,0.19,26.00,2.09#0.28,-0.19,0.19,27.00,2.27#0.08,-0.21,0.19,25.00,2.18#0.28,-0.21,0.19,26.00,2.27#TRH#25.48,40.45,25.50,45.20!","9:32:47, 41.3703079224, 1.9960997105, 135.8878936768, 1.9905"
2025-04-23 11:34:28,,"9:32:49, 41.3703079224, 1.9960916042, 136.8457946777, 2.3746"
2025-04-23 11:34:29,"MXD#53.98,5.32,236.65,182.31,0.00,877.87,125.98,450#53.85,5.31,201.34,182.69,0.00,915.50,128.44,450#53.85,5.32,219.60,199.29,0.00,844.36,127.36,450#53.81,5.31,227.81,191.49,0.00,837.53,134.40,450#54.16,5.31,229.18,197.47,0.00,802.56,140.68,450#53.93,5.31,231.20,182.13,0.00,781.65,127.79,453#53.71,5.31,233.10,185.55,0.00,905.33,140.39,453#53.98,5.31,234.22,194.62,0.00,793.65,150.94,453#53.85,5.31,235.19,200.64,0.00,878.47,130.10,453#53.85,5.31,235.35,188.85,0.00,836.40,132.14,453#TRH#750.98,128.00,26.12,40.62,26.17,39.04,26.16,39.54!","9:32:51, 41.3703155518, 1.9960923195, 137.1289978027, 2.8803"
2025-04-23 11:34:32,,"9:32:53, 41.3703231812, 1.9960912466, 138.0021972656, 3.3770"
2025-04-23 11:34:32,"MXA#25.32,23.62,13.63,36.62#25.14,23.64,13.64,36.79#24.97,23.59,13.64,36.81#25.85,23.74,13.74,37.04#25.80,23.80,13.78,37.05#25.74,23.74,13.77,37.18#25.85,23.57,13.69,36.81#25.19,23.60,13.72,36.81#TRH#35.03,42.96,35.11,40.12,35.23,38.06,34.95,42.96!","9:32:55, 41.3703384399, 1.9960911274, 137.9490051270, 3.8068"
2025-04-23 11:34:35,"ECS#0.28,-0.21,0.18,26.00,2.27#0.28,-0.19,0.19,26.00,2.09#0.08,-0.25,0.18,26.00,2.09#0.37,-0.23,0.19,26.00,2.18#0.47,-0.17,0.19,25.00,2.27#0.47,-0.19,0.19,26.00,2.27#0.47,-0.19,0.19,26.00,2.18#0.28,-0.19,0.19,26.00,2.09#0.18,-0.25,0.18,27.00,2.18#0.47,-0.17,0.19,27.00,2.18#0.37,-0.23,0.19,27.00,2.18#0.18,-0.19,0.18,25.00,2.18#0.37,-0.23,0.18,26.00,2.09#0.28,-0.21,0.18,26.00,2.09#TRH#25.48,40.39,25.52,45.09!","9:32:57, 41.3703460693, 1.9960861206, 137.6502990723, 4.0353"
2025-04-23 11:34:38,,"9:32:59, 41.3703536987, 1.9960794449, 138.5119934082, 4.2997"
2025-04-23 11:34:39,"MXD#53.75,5.31,238.30,197.61,0.00,870.18,132.86,450#53.76,5.31,201.93,190.00,0.00,835.83,132.68,450#53.93,5.31,220.74,197.21,0.00,852.40,128.22,450#53.63,5.31,228.88,192.26,0.00,876.39,141.83,450#53.80,5.31,23,142.74,453#53.91,5.31,237.64,195.68,0.00,820.97,132.86,455#TRH#750.98,128.00,26.14,40.83,26.17,39.33,26.20,39.79!","9:32:1, 41.3703651428, 1.9960800409, 137.9210052490, 4.5038"
2025-04-23 11:34:42,,"9:33:3, 41.3703765869, 1.9960732460, 137.9190063477, 4.6055"
2025-04-23 11:34:43,"MXA#25.34,23.68,13.73,36.88#25.44,23.75,13.73,36.75#26.03,23.83,13.81,37.21#25.97,23.82,13.86,37.26#25.30,23.73,13.81,37.23#25.40,23.64,13.79,36.91#25.15,23.69,13.80,36.80#26.09,23.84,13.79,36.81#26.00,23.86,13.82,36.87#TRH#35.05,43.02,35.11,40.32,35.28,38.32,34.97,43.02!","9:33:7, 41.3703956604, 1.9960479736, 138.6932067871, 4.7487"
2025-04-23 11:34:46,"ECS#0.37,-0.23,0.18,25.00,2.18#0.28,-0.19,0.18,26.00,2.18#0.28,-0.21,0.18,26.00,2.18#0.28,-0.23,0.18,26.00,2.18#0.37,-0.23,0.18,26.00,2.18#0.37,-0.23,0.18,25.00,2.18#0.37,-0.17,0.18,27.00,2.27#0.18,-0.19,0.19,25.00,2.18#0.18,-0.23,0.19,26.00,2.18#0.28,-0.19,0.18,26.00,2.18#0.28,-0.21,0.19,25.00,2.18#0.28,-0.21,0.18,25.00,2.18#0.47,-0.21,0.19,25.00,2.09#0.66,-0.23,0.19,25.00,2.18#0.18,-0.21,0.18,25.00,2.18#0.08,-0.21,0.18,25.00,2.09#TRH#25.48,40.80,25.52,45.45!","9:33:9, 41.3704032898, 1.9960285425, 139.1977996826, 4.7224"
2025-04-23 11:34:49,,"9:33:11, 41.3704147339, 1.9960197210, 139.2736053467, 4.1568"
2025-04-23 11:34:50,"MXD#53.77,5.31,238.47,195.81,0.00,844.08,145.72,455#54.03,5.31,202.29,200.30,0.00,872.54,144.78,455#54.32,5.31,221.17,186.37,0.00,903.49,137.62,455#54.03,5.31,229.34,198.08,0.00,822.36,134.40,459#54.01.98!","9:33:13, 41.3704223633, 1.9960007668, 140.1961975098, 4.0544"
2025-04-23 11:34:53,,"9:33:15, 41.3704338074, 1.9959816933, 140.9020996094, 4.0614"
2025-04-23 11:34:53,"MXA#25.65,23.89,13.91,37.16#25.86,23.93,13.93,37.17#25.58,23.86,13.92,37.30#25.56,23.94,13.95,37.29#26.14,23.88,13.84,36.85#26.06,23.82,13.84,37.02#26.05,23.82,13.95,37.42#25.57,23.88,13.94,37.26#TRH#35.11,43.01,35.14,40.33,35.30,38.34,35.02,43.01!","9:33:17, 41.3704452515, 1.9959796667, 140.1678009033, 2.7124"
2025-04-23 11:34:55,"26.00,2.27#0.28,-0.19,0.19,25.00,2.09#0.18,-0.25,0.19,25.00,2.18#0.18,-0.23,0.18,26.00,2.27#0.37,-0.23,0.19,26.00,2.09#0.47,-0.23,0.19,25.00,2.18#0.18,-0.19,0.19,25.00,2.18#TRH#25.52,40.79,25.56,45.45!","9:33:19, 41.3704566956, 1.9959689379, 140.4553070068, 2.1074"
2025-04-23 11:34:58,,"9:33:21, 41.3704719543, 1.9959617853, 139.8963928223, 1.4370"
2025-04-23 11:35:00,"MXD#53.78,5.31,239.64,190.45,0.00,861.97,120.40,457#53.88,5.31,202.41,197.14,0.00,791.50,135.86,457#53.77,5.31,221.45,196.94,0.00,923.59,133.08,459#53.74,5.31,230.42,216.96,0.00,802.56,142.79,459#54.03,5.31,230.73,201.05,0.00,889.54,141.06,459#54.16,5.31,233.74,201.80,0.00,899.53,138.37,459#53.75,5.31,234.70,192.33,0.00,821.25,138.51,459#53.87,5.31,236.32,204.34,0.00,871.95,139.63,459#53.71,5.31,236.98,196.08,0.00,894.97,133.58,461#54.01,5.31,238.30,202.82,0.00,930.81,137.48,461#TRH#750.98,128.00,26.14,40.70,26.19,39.12,26.19,39.60!","9:33:23, 41.3704872131, 1.9959536791, 139.7933044434, 1.3249"
2025-04-23 11:35:03,"MXA#25.30,23.76,13.94,36.91#25.40,23.80,13.89,37.26#25.38,23.79,13.90,37.41#26.04,23.88,14.00,37.49#25.24,23.77,13.96,37.10#25.27,23.82,13.95,36.99#25.93,24.06,14.03,37.05#25.60,23.91,13.98,37.11#TRH#35.09,42.81,35.14,40.07,35.33,38.03,35.03,42.81!","9:33:25, 41.3705024719, 1.9959489107, 139.7756958008, 1.2371"
2025-04-23 11:35:06,"ECS#0.28,-0.19,0.19,26.00,2.18#0.28,-0.23,0.19,26.00,2.18#0.37,-0.21,0.19,25.00,2.09#0.28,-0.23,0.18,25.00,2.18#0.37,-0.23,0.19,25.00,2.18#0.28,-0.21,0.19,25.00,2.09#0.37,-0.23,0.18,27.00,2.27#0.47,-0.25,0.19,26.00,2.18#-0.01,-0.23,0.19,25.00,2.09#0.18,-0.23,0.18,26.00,2.27#0.28,-0.21,0.18,26.00,2.09#0.47,-0.19,0.19,26.00,2.18#0.18,-0.23,0.19,25.00,2.18#0.28,-0.19,0.18,26.00,2.09#0.28,-0.23,0.18,26.00,2.18#TRH#25.52,40.44,25.55,45.13!","9:33:27, 41.3705139160, 1.9959418774, 140.3358001709, 1.2535"
2025-04-23 11:35:09,,"9:33:29, 41.3705291748, 1.9959396124, 140.8739013672, 1.2502"
2025-04-23 11:35:10,"MXD#53.75,5.31,239.14,202.48,0.00,843.50,126.80,461#53.83,5.31,202.65,193.44,0.00,872.25,139.92,461#53.86,5.31,222.17,198.75,0.00,867.53,136.32,461#54.01,5.31,231.52,192.13,0.00,903.80,145.87,461#54.11,5.31,232.78,188.78,0.00,873.43,149.97,461#54.10,5.30,233.74,191.55,0.00,938.08,142.40,461#54.10,5.31,236.82,197.34,0.00,940.31,126.58,461#53.98,5.30,237.81,205.59,0.00,831.88,137.06,460#53.92,5.31,239.48,188.40,0.00,827.67,127.40,460#54.14,5.31,240.15,193.18,0.00,806.38,122.45,460#TRH#750.98,128.00,26.19,40.65,26.19,39.10,26.23,39.63!","9:33:31, 41.3705406189, 1.9959312677, 141.0086059570, 1.1300"
2025-04-23 11:35:13,,"9:33:33, 41.3705558777, 1.9959292412, 140.9622039795, 1.0985"
2025-04-23 11:35:14,"MXA#25.72,23.94,14.02,37.67#25.70,23.90,13.99,37.69#26.04,24.10,14.08,37.58#25.80,24.05,14.10,37.68#26.34,24.09,14.03,37.33#26.42,24.08,14.01,37.19#26.38,24.13,14.06,37.14#25.47,24.00,14.04,37.19#26.28,24.19,14.12,37.59#TRH#35.16,42.84,35.23,40.12,35.34,38.14,35.05,42.84!","9:33:35, 41.3705673218, 1.9959254265, 141.0420989990, 1.1258"
2025-04-23 11:35:16,"ECS#0.37,-0.19,0.18,26.00,2.18#0.28,-0.19,0.19,26.00,2.27#0.18,-0.19,0.18,26.00,2.18#0.28,-0.19,0.19,25.00,2.09#0.37,-0.19,0.19,27.00,2.27#0.37,-0.23,0.19,26.00,2.18#0.47,-0.23,0.18,24.00,2.09#0.18,-0.23,0.19,25.00,2.18#0.37,-0.21,0.18,26.00,2.18#0.37,-0.19,0.18,25.00,2.18#0.18,-0.23,0.18,26.00,2.18#0.37,-0.21,0.19,26.00,2.18#0.28,-0.21,0.19,26.00,2.27#0.28,-0.19,0.18,26.00,2.18#0.37,-0.23,0.19,26.00,2.18#0.28,-0.21,0.18,26.00,2.27#TRH#25.52,40.53,25.55,45.17!","9:33:37, 41.3705825806, 1.9959212542, 140.9929046631, 1.0808"
2025-04-23 11:35:19,,"9:33:39, 41.3705902100, 1.9959161282, 140.7209014893, 1.2822"
2025-04-23 11:35:20,"MXD#54.20,5.31,240.66,208.53,0.00,892.55,121.91,465#54.13,5.31,203.62,204.06,0.00,893.76,145.62,465#54.07,5.30,223.34,201.87,0.00,841.51,142.55,465#53.90,5.31,231.99,198.61,0.00,945.09,134.21,465#54.10,5.31,233.58,182.93,0.00,890.14,138.13,465#54.10,5.31,234.86,189.17,0.00,931.44,139.26,465#54.11,5.31,236.98,195.81,0.00,883.54,139.82,469#54.20,5.31,237.97,187.57,0.00,927.03,146.06,469#54.10,5.31,239.64,195.22,0.00,891.95,133.31,469#54.23,5.30,239.31,194.09,0.00,918.29,128.87,469#TRH#750.98,128.00,26.19,40.55,26.17,39.06,26.23,39.57!","9:33:41, 41.3705902100, 1.9959107637, 140.7445983887, 1.5213"
2025-04-23 11:35:23,,"9:33:43, 41.3705902100, 1.9959145784, 140.6656036377, 1.3797"
2025-04-23 11:35:23,"MXA#26.17,24.19,14.13,37.43#25.91,24.23,14.18,37.55#25.79,24.07,14.10,37.25#26.41,24.04,14.07,37.27#26.39,24.07,14.09,37.35#26.37,24.01,14.10,37.42#25.86,24.03,14.22,37.86#25.91,24.04,14.12,37.48#TRH#35.14,42.86,35.22,40.09,35.38,38.16,35.06,42.86!","9:33:45, 41.3705940247, 1.9959126711, 141.1596984863, 1.2873"
2025-04-23 11:35:26,"ECS#0.47,-0.19,0.19,26.00,2.27#0.47,-0.23,0.19,26.00,2.18#0.56,-0.14,0.19,26.00,2.27#0.47,-0.21,0.19,25.00,2.09#0.28,-0.21,0.18,27.00,2.27#0.28,-0.21,0.18,26.00,2.27#0.47,-0.21,0.19,25.00,2.09#0.56,-0.14,0.19,25.00,2.18#0.28,-0.23,0.19,26.00,2.18#0.18,-0.21,0.19,27.00,2.18#0.56,-0.17,0.19,26.00,2.27#0.47,-0.21,0.19,26.00,2.09#0.37,-0.25,0.18,27.00,2.27#0.37,-0.19,0.18,26.00,2.27#TRH#25.52,40.64,25.58,45.23!","9:33:47, 41.3705902100, 1.9959105253, 141.1033020020, 1.3410"
2025-04-23 11:35:29,,"9:33:49, 41.3705940247, 1.9959073067, 141.1681060791, 1.0554"
2025-04-23 11:35:30,"MXD#54.38,5.30,242.54,193.44,0.00,865.48,131.12,466#54.00,5.30,204.60,200.98,0.00,873.72,128.70,466#54.10,5.30,223.78,198.55,0.00,938.08,133.44,466#54.15,5.30,234.38,203.44,0.00,883.54,141.78,466#54.12,5.30,234.22,199.22,0.00,894.37,136.50,466#54.10,5.31,236.00,204.83,0.00,876.68,131.83,469#54.19,5.30,237.31,194.16,0.00,969.06,137.71,469#54.15,5.30,238.80,201.80,0.00,876.39,142.16,469#54.30,5.31,240.32,199.09,0.00,821.80,145.67,469#54.03,5.30,241.34,189.10,0.00,894.97,126.32,469#TRH#750.98,128.00,26.19,40.46,26.19,38.94,26.23,39.40!","9:33:51, 41.3705940247, 1.9959021807, 141.7487945557, 0.7369"
2025-04-23 11:35:33,,"9:33:53, 41.3705902100, 1.9958947897, 142.0959930420, 0.5988"
2025-04-23 11:35:34,"MXA#25.83,24.08,14.17,37.71#25.62,24.08,14.20,37.88#25.76,24.05,14.15,37.87#26.48,24.19,14.13,37.32#26.50,24.28,14.17,37.23#26.08,24.17,14.19,37.88#26.03,24.14,14.20,37.91#26.07,24.08,14.18,37.89#26.43,24.30,14.30,37.90#TRH#35.17,42.76,35.23,39.98,35.38,38.01,35.11,42.76!","9:33:55, 41.3705940247, 1.9958883524, 142.7010955811, 0.5296"
2025-04-23 11:35:37,"ECS#0.28,-0.21,0.18,27.00,2.09#0.28,-0.21,0.18,26.00,2.18#0.28,-0.21,0.18,26.00,2.27#0.37,-0.23,0.19,25.00,2.18#0.28,-0.23,0.18,25.00,2.09#0.28,-0.17,0.18,26.00,2.09#0.08,-0.19,0.18,25.00,2.09#0.18,-0.21,0.18,26.00,2.18#0.47,-0.19,0.18,25.00,2.18#0.18,-0.23,0.19,25.00,2.18#0.28,-0.19,0.18,27.00,2.27#0.28,-0.19,0.18,25.00,2.18#0.28,-0.19,0.18,26.00,2.09#0.47,-0.21,0.19,25.00,2.18#0.28,-0.17,0.18,26.00,2.18#0.28,-0.19,0.19,26.00,2.27#TRH#25.53,40.31,25.61,45.01!","9:33:57, 41.3705978394, 1.9958821535, 143.4743957520, 0.4932"
2025-04-23 11:35:40,,"9:33:59, 41.3706016541, 1.9958771467, 144.2021026611, 0.4650"
2025-04-23 11:35:41,"MXD#54.27,5.30,242.37,192.92,0.00,892.55,146.96,471#54.28,5.31,204.96,197.61,0.00,887.13,147.85,471#54.10,5.30,224.51,196.87,0.00,947.98,152.38,471#54.28,5.31,233.58,202.00,0.00,1009.91,147.56,471#54.26,5.30,235.51,193.96,0.00,916.43,132.63,466#54.16,5.30,236.98,202.69,0.00,938.08,150.58,466#54.24,5.30,238.14,193.77,0.00,902.58,136.00,466#54.18,5.31,240.83,209.10,0.00,895.88,126.20,466#54.46,5.31,242.02,192.66,0.00,917.36,139.35,466#54.32,5.30,240.83,206.08,0.00,902.88,121.87,466#TRH#750.98,128.00,26.23,40.37,26.22,38.80,26.23,39.33!","9:33:1, 41.3706016541, 1.9958727360, 145.1654968262, 0.4540"
2025-04-23 11:35:44,,"9:34:3, 41.3705978394, 1.9958686829, 146.2075042725, 0.4127"
