2025-04-23 09:32:49,"MXD#54.25,5.74,217.09,194.36,0.00,883.54,125.94,445#54.38,5.74,184.24,203.65,0.00,929.86,119.91,445#54.48,5.74,202.17,193.18,0.00,855.87,117.82,445#54.61,5.74,208.85,192.66,0.00,954.74,122.29,447#54.45,5.74,210.01,191.94,0.00,819.86,120.15,447#54.45,5.74,212.23,195.41,0.00,850.38,132.14,447#54.59,5.74,213.69,196.87,0.00,842.65,131.47,447#54.09,5.74,214.36,200.71,0.00,851.82,126.41,447#54.10,5.73,214.90,197.34,0.00,894.06,124.54,443#54.17,5.73,216.95,19","7:32:42, 41.3701629639, 1.9966228008, 156.7348937988, 1.1715"
2025-04-23 09:32:49,"MXA#0.01,30.76,14.09,44.31#0.01,30.91,14.06,44.15#0.01,31.16,14.09,44.63#0.01,31.01,14.13,44.77#0.01,31.23,14.14,44.56#0.01,31.04,14.06,44.26#0.01,30.81,14.07,44.47#0.01,31.08,14.12,44.53#0.01,30.89,14.03,44.27#TRH#25.44,49.57,25.45,49.04,25.58,47.69,25.34,49.57!","7:32:44, 41.3701629639, 1.9966243505, 156.6459960938, 1.1620"
2025-04-23 09:32:55,"ECS#0.56,-0.21,0.21,26.00,2.18#0.18,-0.29,0.20,27.00,2.36#0.56,-0.21,0.21,25.00,2.27#0.18,-0.27,0.19,26.00,2.27#0.28,-0.23,0.20,27.00,2.27#0.28,-0.33,0.19,25.00,2.18#0.18,-0.31,0.20,27.00,2.36#0.37,-0.21,0.21,26.00,2.36#0.18,-0.25,0.20,26.00,2.27#-0.11,-0.33,0.19,27.00,2.27#0.37,-0.29,0.21,27.00,2.27#0.28,-0.25,0.20,27.00,2.27#0.47,-0.29,0.20,27.00,2.27#0.56,-0.21,0.20,26.00,2.18#0.37,-0.29,0.20,27.00,2.27#0.28,-0","7:32:46, 41.3701629639, 1.9966244698, 156.9246063232, 1.1448"
2025-04-23 09:32:57,"MXD#54.47,5.73,219.18,191.81,0.00,986.94,126.03,443#54.52,5.73,184.04,193.44,0.00,872.25,129.79,443#54.38,5.73,202.77,198.88,0.00,896.79,117.10,443#54.40,5.73,210.27,188.53,0.00,905.33,125.94,443#54.61,5.73,211.83,194.36,0.00,869.59,127.53,443#54.52,5.73,212.23,207.83,0.00,905.64,122.87,443#54.78,5.73,214.63,192.26,0.00,846.94,127.70,443#54.45,5.73,215.17,195.81,0.00,851.25,125.01,442#54.69,5.73,216.81,192.26,0.00,904.11,122.58,442#54.61,5.73,217.64,205.17,0.00,835.26,123.24,442#54.52,5.73,219.04,197.01,0.00,819.03,133.22,442#TRH#19.98,49.76,19.95,49.79,19.97,49.34,19.98,50.17!","7:32:48, 41.3701629639, 1.9966242313, 157.2987976074, 1.1308"
2025-04-23 09:33:00,,"7:32:52, 41.3701629639, 1.9966251850, 157.9067993164, 1.0967"
2025-04-23 09:33:00,"MXA#0.01,31.06,14.11,44.67#0.01,30.83,14.05,44.34#0.01,30.99,14.04,44.12#0.01,30.97,14.13,44.86#0.01,31.16,14.12,44.59#0.01,31.00,14.05,44.34#0.01,30.88,14.06,44.15#0.01,30.90,14.09,44.13#0.01,31.24,14.12,44.71#TRH#25.50,49.48,25.48,48.80,25.64,47.44,25.41,49.48!","7:32:54, 41.3701591492, 1.9966263771, 158.1139984131, 1.0793"
2025-04-23 09:33:03,!,"7:32:56, 41.3701591492, 1.9966266155, 158.2702026367, 1.0800"
2025-04-23 09:33:06,,"7:33:0, 41.3701591492, 1.9966282845, 158.4685058594, 1.0632"
2025-04-23 09:33:10,"MXD#54.64,5.72,220.02,197.27,0.00,853.27,114.55,442#54.46,5.72,185.24,199.22,0.00,920.16,124.08,442#54.73,5.72,201.57,199.69,0.00,899.83,111.61,442#54.69,5.72,211.31,194.62,0.00,861.39,126.92,442#54.67,5.72,213.55,195.22,0.00,906.86","7:33:2, 41.3701553345, 1.9966286421, 158.6125946045, 1.0412"
2025-04-23 09:33:10,"14.06,44.73#0.01,30.92,14.10,44.58#0.01,31.27,14.14,44.05#0.01,31.08,14.15,44.67#TRH#25.53,49.45,25.52,48.93,25.67,47.59,25.42,49.45!","7:33:4, 41.3701553345, 1.9966279268, 158.6486968994, 1.0442"
2025-04-23 09:33:16,"ECS#0.18,-0.27,0.20,27.00,2.36#0.28,-0.29,0.21,27.00,2.18#0.56,-0.25,0.20,27.00,2.27#0.56,-0.33,0.21,26.00,2.27#0.28,-0.27,0.20,27.00,2.27#0.56,-0.33,0.20,26.00,2.18#0.37,-0.29,0.21,25.00,2.27#0.28,-0.37,0.20,","7:33:6, 41.3701553345, 1.9966325760, 157.6535034180, 1.1110"
2025-04-23 09:33:17,"MXD#54.56,5.72,219.60,193.05,0.00,869.30,132.32,446#54.50,5.72,183.84,195.22,0.00,929.55,113.97,446#54.54,5.72,203.13,198.21,0.00,879.36,114.55,446#54.39,5.72,210.53,197.94,0.00,844.36,116.90,446#54.61,5.72,212.62,193.90,0.00,926.10,124.12,446#54.91,5.71,213.55,204.00,0.00,855.00,125.86,441#54.78,5.71,213.15,200.10,0.00,872.54,122.04,441#54.54,5.72,217.36,198.75,0.00,850.67,126.28,441#54.67,5.71,216.12,202.14,0.00,868.42,115.88,441#54.71,5.71,217.09,206.29,0.00,875.20,125.26,441#TRH#20.00,49.96,19.97,50.07,20.02,49.66,20.03,50.47!","7:33:8, 41.3701515198, 1.9966260195, 159.4226989746, 1.0776"
2025-04-23 09:33:20,"MXA#0.01,31.21,14.15,44.46#0.01,31.12,14.15,44.59#0.01,31.08,14.12,44.53#0.01,30.89,14.07,44.27#0.01,30.79,14.09,44.18#0.01,30.75,14.09,44.08#0.01,31.08,14.12,44.58#0.01,30.80,14.07,44.33#TRH#25.53,49.49,25.55,48.92,25.69,47.61,25.45,49.49!","7:33:10, 41.3701515198, 1.9966231585, 159.2422027588, 1.0315"
2025-04-23 09:33:22,"ECS#0.37,-0.37,0.19,26.00,2.18#0.18,-0.27,0.20,26.00,2.27#0.56,-0.33,0.20,26.00,2.27#0.47,-0.25,0.20,27.00,2.18#0.28,-0.29,0.19,26.00,2.27#0.47,-0.35,0.20,26.00,2.27#0.47,-0.23,0.20,26.00,2.27#0.28,-0.31,0.20,27.00,2.18#0.18,-0.29,0.20,27.00,2.27#0.18,-0.29,0.21,26.00,2.18#0.47,-0.29,0.21,26.00,2.27#0.37,-0.29,0.20,26.00,2.09#0.56,-0.27,0.21,27.00,2.27#0.56,-0.29,0.21,26.00,2.27#TRH#19.53,51.56,19.69,54.04!","7:33:12, 41.3701515198, 1.9966219664, 158.6018066406, 0.9990"
2025-04-23 09:33:25,,"7:33:14, 41.3701477051, 1.9966208935, 157.8005065918, 0.9690"
2025-04-23 09:33:26,"MXD#54.50,5.71,218.76,215.71,0.00,893.16,124.54,442#54.71,5.71,186.05,199.29,0.00,846.08,119.54,442#54.81,5.71,204.47,198.08,0.00,860.81,124.33,442#54.90,5.72,211.31,198.34,0.00,914.88,121.58,442#54.69,5.72,211.83,195.02,0.5.71,215.99,199.02,0.00,960.90,140.58,438#54.80,5.71,216.81,199.96,0.00,863.73,122.41,438#54.54,5.71,216.26,196.41,0.00,926.10,121.01,438#TRH#20.02,49.98,19.98,50.04,19.97,49.71,20.03,50.50!","7:33:16, 41.3701477051, 1.9966195822, 156.9965057373, 0.9408"
2025-04-23 09:33:29,,"7:33:18, 41.3701438904, 1.9966183901, 155.9326934814, 0.9085"
2025-04-23 09:33:29,",49.03,25.70,47.79,25.50,49.45!","7:33:20, 41.3701400757, 1.9966169596, 155.3343048096, 0.8886"
2025-04-23 09:33:32,"ECS#0.37,-0.25,0.20,26.00,2.36#0.28,-0.21,0.20,28.00,2.36#0.28,-0.25,0.21,27.00,2.27#-0.21,-0.23,0.19,27.00,2.27#0.28,-0.25,0.19,26.00,2.27#0.28,-0.25,0.19,27.00,2.18#0.28,-0.29,0.20,27.00,2.27#0.66,-0.23,0.21,26.00,2.27#0.28,-0.29,0.20,26.00,2.27#0.18,-0.25,0.20,26.00,2.18#0.37,-0.29,0.20,27.00,2.27#0.37,-0.31,0.20,27.00,2.36#0.37,-0.33,0.20,27.00,2.27#0.66,-0.21,0.21,27.00,2.27#TRH#19.58,51.80,19.67,54.16!","7:33:22, 41.3701400757, 1.9966150522, 155.0807952881, 0.8772"
2025-04-23 09:33:35,,"7:33:24, 41.3701400757, 1.9966129065, 155.1772003174, 0.8758"
2025-04-23 09:33:36,"1.18,191.29,0.00,862.85,124.33,437#54.67,5.70,213.55,199.49,0.00,880.85,123.03,437#54.70,5.70,214.90,204.69,0.00,853.84,128.26,437#55.13,5.70,216.54,190.06,0.00,860.81,131.16,437#54.88,5.70,216.95,208.46,0.00,849.81,117.58,437#54.56,5.70,216.67,202.21,0.00,907.48,126.15,437#TRH#20.00,50.17,19.98,50.28,20.00,49.96,20.03,50.74!","7:33:26, 41.3701438904, 1.9966098070, 154.8842010498, 0.8796"
2025-04-23 09:33:39,,"7:33:28, 41.3701438904, 1.9966065884, 155.3726043701, 0.9166"
2025-04-23 09:33:46,"MXD#54.58,5.70,217.78,197.61,0.00,890.14,125.01,437#54.75,5.70,183.64,199.22,0.00,893.76,123.16,437#54.68,5.70,202.41,205.59,0.00,931.12,134.31,437#54.55,5.70,211.83,204.83,0.00,886.83,127.87,440#54.72,5.70,212.10,193.05,0.00,925.78,122.29,440#54.56,5.70,214.49,205.87,0.00,873.43,131.03,440#54.65,5.70,215.31,197.74,0.00,848.95,121.42,440#54.63,5.70,214.49,195.54,0.00,974.98,132.81,440#54.83,5.69,217.23,200.50,0.00,996.00,130.94,440#54.61,5.70,219.18,187.51,0.00,896.18,128.18,435#TRH#20.02,50.03,20.00,50.16,20.02,49.85,20.06,50.68!","7:33:30, 41.3701438904, 1.9966025352, 155.6531982422, 1.0006"
2025-04-23 09:33:52,",14.13,44.74#0.01,30.95,14.15,44.53#0.01,30.67,14.07,44.13#TRH#25.62,49.49,25.64,49.10,25.8ECS#0.37,-0.23,0.21,27.00,2.27#0.47,-0.27,0.21,26.00,2.36#0.47,-0.29,0.20,27.00,2.27#0.47,-0.21,0.21,26.00,2.27#0.28,-0.21,0.21,27.00,2.45#0.37,-0.29,0.20,27.00,2.27#0.37,-0.29,0.20,27.00,2.27#0.28,-0.29,0.21,26.00,2.18#0.28,-0.27,0.20,26.00,2.18#0.28,-0.19,0.21,27.00,2.18#0.18,-0.25,0.20,27.00,2.27#0.18,-0.33,0.20,26.00,2.27#0.47,-0.31,0.20,27.00,2.27#0.28,-0.31,0.21,26.00,2.27#TRH#19.56,52.11,19.64,54.43!","7:33:32, 41.3701477051, 1.9966008663, 155.8905029297, 1.0619"
2025-04-23 09:33:55,,"7:33:34, 41.3701477051, 1.9965988398, 155.9524993896, 1.1291"
2025-04-23 09:33:55,"MXD#54.63,5.69,218.34,195.54,0.00,855.29,133.72,435#54.45,5.69,184.04,188.59,0.00,905.64,131.83,435#54.70,5.69,202.41,196.61,0.00,839.52,139.02,435#54.64,5.69,210.53,197.61,0.00,845.22,124.42,435#54.83,5.69,211.31,199.15,0.00,894.37,117.62,435#54.50,5.69,210.14,202.76,0.00,927.66,116.39,435#54.66,5.69,214.36,201.87,0.00,863.73,121.01,435#54.50,5.69,214.90,200.50,0.00,862.26,114.09,435#54.37,5.69,215.99,193.44,0.00,835.26,131.69,431#TRH#20.03,50.62,20.00,50.79,20.03,50.57,20.03,51.42!","7:33:36, 41.3701477051, 1.9965977669, 155.9747924805, 1.2431"
2025-04-23 09:33:58,,"7:33:38, 41.3701477051, 1.9965982437, 156.0950012207, 1.3123"
2025-04-23 09:33:59,"MXA#0.01,30.64,14.12,44.59#0.01,30.99,14.13,44.45#0.01,30.97,14.10,43.80#0.01,30.98,14.10,44.46#0.01,30.88,14.15,44.57#0.01,30.67,14.11,44.15#0.01,30.55,14.10,44.01#0.01,30.90,14.14,44.60#TRH#25.66,49.46,25.64,49.12,25.83,47.87,25.61,49.46!","7:33:40, 41.3701515198, 1.9965975285, 156.2357940674, 1.3191"
2025-04-23 09:34:01,"-0.25,0.21,26.00,2.18#0.18,-0.27,0.21,26.00,2.27#TRH#19.56,52.23,19.70,54.59!","7:33:42, 41.3701515198, 1.9965949059, 156.1893005371, 1.2742"
2025-04-23 09:34:04,,"7:33:44, 41.3701553345, 1.9965913296, 155.4055023193, 1.2612"
2025-04-23 09:34:06,"MXD#54.68,5.69,217.09,200.78,0.00,912.10,132.95,431#54.59,5.69,184.04,191.10,0.00,862.26,122.16,431#54.38,5.68,200.51,196.47,0.00,923.28,127.10,431#54.57,5.69,209.36,205.94,0.00,896.18,116.47,430#54.82,5.68,210.53,197.07,0.00,851.25,139.87,430#54.56,5.69,211.57,198.21,0.00,876.39,116.55,430#54.44,5.68,213.29,203.38,0.00,875.50,120.52,430#54.64,5.68,214.49,200.50,0.00,869.00,117.78,430#54.45,5.68,216.40,196.87,0.00,892.55,115.17,430#54.51,5.68,217.09,200.44,0.00,872.25,127.10,432#TRH#20.06,50.25,20.02,50.36,20.02,50.06,20.08,50.92!","7:33:46, 41.3701553345, 1.9965863228, 154.3173980713, 1.2562"
2025-04-23 09:34:09,"MXA#0.01,30.62,14.06,44.04#0.01,30.63,14.04,43.94#0.01,30.68,14.08,44.45#0.01,30.66,14.07,44.18#0.01,30.88,14.15,44.68#0.01,30.90,14.12,44.34#0.01,31.01,14.13,43.97#0.01,30.85,14.15,44.55#TRH#25.69,49.43,25.72,48.94,25.88,47.74,25.62,49.43!","7:33:48, 41.3701591492, 1.9965841770, 154.4508056641, 1.2766"
2025-04-23 09:34:11,"ECS#0.18,-0.25,0.21,26.00,2.18#0.37,-0.29,0.20,26.00,2.27#0.37,-0.29,0.21,27.00,2.18#0.28,-0.35,0.19,26.00,2.27#0.37,-0.23,0.20,26.00,2.27#0.18,-0.21,0.21,27.00,2.27#-0.01,-0.25,0.20,27.00,2.18#0.37,-0.21,0.20,27.00,2.27#0.37,-0.27,0.21,27.00,2.18#0.37,-0.27,0.21,27.00,2.36#0.56,-0.19,0.20,27.00,2.36#0.47,-0.25,0.20,26.00,2.18#0.28,-0.25,0.20,27.00,2.27#0.08,-0.23,0.20,26.00,2.27#0.08,-0.31,0.19,27.00,2.27#TRH#19.56,52.06,19.67,54.47!","7:33:50, 41.3701553345, 1.9965832233, 154.4781951904, 1.3008"
2025-04-23 09:34:14,,"7:33:52, 41.3701553345, 1.9965820313, 154.9620971680, 1.3173"
2025-04-23 09:34:16,"MXD#54.78,5.68,219.74,207.83,0.00,894.06,117.46,432#54.54,5.68,183.25,200.78,0.00,899.53,122.00,432#54.61,5.68,202.77,196.61,0.00,888.03,135.49,432#54.59,5.68,210.01,197.81,0.00,875.20,133.31,427#54.55,5.68,211.05,198.81,0.00,1014.37,118.14,427#54.71,5.68,212.23,201.87,0.00,888.03,121.13,427#54.56,5.67,215.17,195.94,0.00,886.83,124.33,427#54.64,5.68,215.04,202.82,0.00,939.03,125.17,427#54.61,5.68,216.81,193.96,0.00,890.44,118.18,427#54.64,5.68,217.50,207.13,0.00,866.65,118.50,429#TRH#20.03,50.16,20.03,50.24,20.05,49.93,20.09,50.73!","7:33:54, 41.3701515198, 1.9965822697, 155.5155029297, 1.3274"
2025-04-23 09:34:18,"MXA#0.01,30.69,14.06,44.04#0.01,30.70,14.09,44.65#0.01,30.64,14.08,44.50#0.01,30.83,14.05,43.82#0.01,30.76,14.08,43.95#0.01,30.78,14.15,44.42#0.01,30.92,14.12,44.58#0.01,30.92,14.14,44.37#TRH#25.75,49.32,25.70,48.81,25.91,47.58,25.67,49.32!","7:33:56, 41.3701477051, 1.9965831041, 156.0364990234, 1.3328"
2025-04-23 09:34:21,"ECS#0.37,-0.27,0.21,27.00,2.18#0.56,-0.23,0.20,27.00,2.18#0.37,-0.29,0.20,26.00,2.18#0.08,-0.33,0.20,26.00,2.27#0.47,-0.27,0.20,27.00,2.27#0.37,-0.27,0.20,26.00,2.18#0.56,-0.25,0.20,27.00,2.27#0.56,-0.21,0.21,26.00,2.09#0.28,-0.29,0.19,26.00,2.27#0.47,-0.25,0.21,26.00,2.27#0.47,-0.29,0.21,26.00,2.18#0.08,-0.31,0.20,26.00,2.36#0.18,-0.29,0.19,26.00,2.18#0.28,-0.23,0.20,26.00,2.18#TRH#19.55,52.02,19.70,54.42!","7:33:58, 41.3701438904, 1.9965813160, 156.1732940674, 1.3180"
2025-04-23 09:34:24,,"7:34:0, 41.3701438904, 1.9965798855, 155.9237976074, 1.3205"
2025-04-23 09:34:28,"MXD#54.75,5.67,219.04,205.24,0.00,868.42,122.12,430#54.51,5.67,183.64,194.09,0.00,913.02,122.08,430#55.01,5.67,201.69,193.44,0.00,899.22,139.54,430#54.74,5.67,210.01,199.83,0.00,863.43,118.18,430#54.71,5.67,211.70,196.41,0.00,897.40,126.15,430#54.69,5.67,212.49,206.71,0.00,890.14,138.79,430#54.59,5.67,215.71,205.45,0.00,917.05,122.24,430#54.81,5.67,215.58,189.81,0.","7:34:2, 41.3701438904, 1.9965807199, 155.9371032715, 1.3358"
2025-04-23 09:34:28,"MXA#0.01,30.75,14.11,44.55#0.01,30.67,14.14,44.62#0.01,30.83,14.12,44.35#0.01,30.76,14.13,44.58#0.01,31.05,14.12,44.38#0.01,30.85,14.06,44.36#0.01,30.73,14.05,43.81#0.01,30.75,14.07,44.07#TRH#25.77,49.33,25.75,48.96,25.91,47.69,25.67,49.33!","7:34:4, 41.3701438904, 1.9965804815, 155.9826965332, 1.3508"
2025-04-23 09:34:30,"ECS#0.18,-0.25,0.21,26.00,2.27#0.28,-0.33,0.20,26.00,2.27#0.18,-0.31,0.20,27.00,2.18#0.18,-0.27,0.21,27.00,2.36#0.18,-0.31,0.20,27.00,2.18#0.37,-0.31,0.20,26.00,2.18#-0.01,-0.29,0.21,27.00,2.36#0.08,-0.29,0.20,26.00,2.18#0.47,-0.19,0.21,26.00,2.27#0.28,-0.25,0.21,27.00,2.18#0.56,-0.27,0.20,27.00,2.27#0.37,-0.29,0.21,28.00,2.27#0.08,-0.27,0.21,26.00,2.18#0.47,-0.23,0.21,26.00,2.27#TRH#19.59,52.16,19.66,54.54!","7:34:6, 41.3701438904, 1.9965782166, 155.7637939453, 1.3471"
2025-04-23 09:34:33,,"7:34:8, 41.3701438904, 1.9965810776, 154.8659973145, 1.3243"
2025-04-23 09:34:35,"MXD#54.59,5.67,218.90,201.39,0.00,909.94,131.56,426#54.69,5.67,182.08,193.90,0.00,890.14,124.12,426#54.75,5.66,201.81,202.00,0.00,955.71,136.41,423#54.62,5.67,209.11,198.88,0.00,829.91,127.18,423#54.64,5.66,210.40,192.78,0.00,833.29,123.78,423#54.61,5.66,211.83,199.22,0.00,878.76,131.47,423#54.34,5.66,213.29,194.56,0.00,899.53,134.90,423#54.38,5.66,214.23,219.10,0.00,891.35,132.36,420#54.50,5.66,214.36,201.19,0.00,931.12,118.98,420#54.48,5.66,217.09,204.97,0.00,885.33,119.54,420#TRH#20.05,50.34,20.08,50.47,20.06,50.17,20.09,50.99!","7:34:10, 41.3701477051, 1.9965819120, 155.0178985596, 1.3609"
2025-04-23 09:34:38,"MXA#0.01,30.66,14.07,43.90#0.01,30.63,14.10,43.83#0.01,30.57,14.12,44.21#0.01,30.68,14.09,43.55#0.01,30.67,14.09,43.72#0.01,30.92,14.17,44.33#0.01,30.75,14.14,43.95#0.01,30.67,14.11,43.37#TRH#25.81,49.33,25.80,48.92,25.95,47.76,25.73,49.33!","7:34:12, 41.3701515198, 1.9965839386, 154.5570983887, 1.3203"
2025-04-23 09:34:41,"ECS#0.37,-0.23,0.21,26.00,2.27#0.37,-0.25,0.21,27.00,2.27#-0.01,-0.31,0.20,27.00,2.36#0.18,-0.31,0.20,26.00,2.27#0.18,-0.25,0.21,27.00,2.27#0.56,-0.31,0.20,26.00,2.18#0.08,-0.31,0.20,26.00,2.27#0.37,-0.21,0.21.70,54.64!","7:34:14, 41.3701515198, 1.9965842962, 154.3746948242, 1.3254"
2025-04-23 09:34:44,,"7:34:16, 41.3701515198, 1.9965841770, 154.2779998779, 1.3502"
2025-04-23 09:34:45,"MXD#54.26,5.65,217.23,202.21,0.00,877.87,117.42,423#54.49,5.66,181.88,205.31,0.00,946.37,126.41,423#54.69,5.66,199.57,197.34,0.00,883.54,113.32,423#54.50,5.66,207.71,195.81,0.00,908.09,129.70,423#54.45,5.66,209.11,200.30,0.00,907.78,134.67,423#54.20,5.66,209.49,187.25,0.00,873.43,115.25,423#54.10,5.65,212.10,197.27,0.00,916.12,125.09,421#54.27,5.65,213.15,199.35,0.00,838.95,116.27,421#54.52,5.66,213.96,192.26,0.00,955.38,115.88,421#54.05,5.65,215.71,201.73,0.00,835.83,120.76,421#TRH#20.08,50.39,20.06,50.54,20.03,50.29,20.08,51.13!","7:34:18, 41.3701553345, 1.9965835810, 154.1472930908, 1.3660"
2025-04-23 09:34:48,"MXA#0.01,30.72,14.16,43.86#0.01,30.87,14.12,43.44#0.01,30.65,14.07,43.38#0.01,30.87,14.16,43.69#0.01,30.83,14.07,43.22#0.01,30.50,14.08,43.25#0.01,30.53,14.04,43.17#0.01,30.81,14.06,42.93#TRH#25.81,49.28,25.86,48.95,25.95,47.75,25.73,49.28!","7:34:20, 41.3701553345, 1.9965832233, 154.0543060303, 1.3699"
2025-04-23 09:34:50,"ECS#0.18,-0.27,0.21,26.00,2.18#0.47,-0.21,0.21,27.00,2.36#0.37,-0.23,0.21,27.00,2.36#0.28,-0.29,0.20,27.00,2.18#0.28,-0.27,0.21,26.00,2.27#0.28,-0.21,0.21,26.00,2.27#0.47,-0.25,0.21,27.00,2.27#0.56,-0.27,0.20,27.00,2.36#0.37,-0.25,0.21,28.00,2.36#0.37,-0.21,0.21,27.00,2.27#0.08,-0.23,0.21,26.00,2.18#-0.01,-0.29,0.21,26.00,2.18#0.47,-0.21,0.21,27.00,2.27#0.28,-0.29,0.21,26.00,2.27#TRH#19.58,52.38,19.73,54.70!","7:34:22, 41.3701553345, 1.9965826273, 153.8323974609, 1.3620"
2025-04-23 09:34:53,,"7:34:24, 41.3701553345, 1.9965815544, 153.8601074219, 1.3634"
2025-04-23 09:34:54,"MXD#54.28,5.66,215.04,202.82,0.00,979.28,125.39,421#54.03,5.65,179.77,206.57,0.00,872.54,128.26,421#54.16,5.65,199.45,.64,123.33,421#53.85,5.65,207.71,191.10,0.00,874.02,121.67,421#54.03,5.65,209.88,198.75,0.00,905.64,123.87,421#53.90,5.65,211.18,202.96,0.00,926.72,122.58,425#53.74,5.65,211.18,191.94,0.00,885.93,125.13,425#53.63,5.65,213.15,205.59,0.00,922.65,120.19,425#TRH#20.08,50.41,20.06,50.55,20.08,50.33,20.11,51.13!","7:34:26, 41.3701553345, 1.9965808392, 154.1439971924, 1.3743"
2025-04-23 09:34:57,,"7:34:28, 41.3701553345, 1.9965760708, 153.7512969971, 1.3736"
2025-04-23 09:34:57,"MXA#0.01,30.81,14.12,43.29#0.01,30.87,14.13,43.08#0.01,30.79,14.10,42.79#0.01,30.86,14.12,42.75#0.01,30.74,14.06,42.67#0.01,30.56,14.08,43.38#0.01,30.77,14.12,42.80#0.01,30.70,14.12,42.62#TRH#25.86,49.32,25.86,48.99,25.98,47.80,25.80,49.32!","7:34:30, 41.3701553345, 1.9965695143, 152.9846954346, 1.3611"
2025-04-23 09:35:00,"ECS#0.28,-0.33,0.20,26.00,2.27#0.08,-0.27,0.21,26.00,2.27#0.28,-0.25,0.20,26.00,2.18#-0.01,-0.27,0.20,28.00,2.27#0.28,-0.27,0.20,25.00,2.27#0.37,-0.25,0.20,27.00,2.27#0.18,-0.27,0.20,27.00,2.27#0.56,-0.25,0.21,27.00,2.18#.27#0.18,-0.29,0.21,26.00,2.27#TRH#19.56,52.48,19.66,54.79!","7:34:32, 41.3701515198, 1.9965695143, 153.0565948486, 1.3821"
2025-04-23 09:35:03,,"7:34:34, 41.3701515198, 1.9965692759, 152.9443054199, 1.3987"
2025-04-23 09:35:04,"MXD#53.60,5.65,213.96,196.54,0.00,918.91,125.01,419#53.59,5.64,179.21,201.87,0.00,949.90,123.99,419#53.50,5.64,197.15,197.74,0.00,922.34,111.12,419#53.40,5.64,204.60,208.46,0.00,845.50,127.44,419#53.30,5.64,205.71,195.81,0.00,948.62,137.62,419#53.57,5.64,206.70,201.73,0.00,905.33,111.49,419#53.40,5.64,209.49,207.69,0.00,847.22,129.13,419#53.42,5.64,208.34,195.22,0.00,914.57,118.02,414#53.30,5.64,211.96,199.15,0.00,902.27,115.84,414#53.33,5.64,212.49,194.82,0.00,930.81,126.45,414#TRH#20.11,50.31,20.08,50.43,20.11,50.14,20.12,50.96!","7:34:36, 41.3701553345, 1.9965689182, 152.6304016113, 1.4122"
2025-04-23 09:35:07,"MXA#0.01,30.44,14.03,42.08#0.01,30.69,14.08,42.55#0.01,30.77,14.10,42.33#0.01,30.57,14.05,42.10#0.01,30.78,14.04,42.00#0.01,30.68,14.10,42.348.79,26.05,47.53,25.81,49.19!","7:34:38, 41.3701553345, 1.9965682030, 152.1871948242, 1.4233"
2025-04-23 09:35:13,"ECS#0.66,-0.27,0.21,27.00,2.27#0.37,-0.27,0.21,27.00,2.36#0.56,-0.21,0.21,27.00,2.36#0.28,-0.21,0.21,26.00,2.27#0.18,-0.25,0.20,26.00,2.18#0.37,-0.23,0.21,25.00,2.27#0.56,-0.23,0.21,27.00,2.27#0.28,-0.27,0.20,26.00,2.18#0.28,-0.27,0","7:34:40, 41.3701553345, 1.9965672493, 151.8460998535, 1.4338"
2025-04-23 09:35:14,"MXD#52.98,5.63,214.76,194.95,0.00,930.81,124.08,418#53.48,5.63,179.21,189.74,0.00,874.61,128.18,418#53.37,5.64,196.47,195.15,0.00,890.74,123.49,418#53.27,5.63,205.21,194.03,0.00,917.36,118.58,418#53.19,5.64,207.33,193.57,0.00,941.26,133.62,418#52.95,5.63,209.11,197.47,0.00,828.51,117.62,412#53.08,5.63,210.53,204.97,0.00,913.33,120.97,412#53.02,5.63,210.79,194.42,0.00,869.00,119.62,412#53.15,5.63,212.36,199.09,0.00,880.25,114.28,412#52.92,5.62,213.69,191.10,0.00,911.17,123.33,412#TRH#20.09,50.27,20.08,50.40,20.09,50.12,20.11,50.96!","7:34:42, 41.3701553345, 1.9965666533, 151.7604980469, 1.4419"
2025-04-23 09:35:17,,"7:34:44, 41.3701553345, 1.9965642691, 151.2960968018, 1.4556"
2025-04-23 09:35:18,",48.77,26.03,47.56,25.84,49.21!","7:34:46, 41.3701553345, 1.9965635538, 151.2375946045, 1.4669"
2025-04-23 09:35:21,"ECS#0.08,-0.29,0.20,26.00,2.36#0.08,-0.29,0.20,26.00,2.18#-0.01,-0.27,0.20,26.00,2.18#0.28,-0.33,0.20,28.00,2.27#0.47,-0.23,0.210.23,0.21,26.00,2.18#0.28,-0.33,0.20,26.00,2.18#0.37,-0.23,0.20,26.00,2.27#0.18,-0.23,0.20,26.00,2.18#0.37,-0.25,0.21,26.00,2.18#0.08,-0.25,0.20,27.00,2.18#0.28,-0.27,0.20,26.00,2.27#0.18,-0.29,0.21,26.00,2.27#0.08,-0.29,0.20,26.00,2.27#TRH#19.58,52.33,19.67,54.69!","7:34:49, 41.3701553345, 1.9965758324, 152.2686004639, 1.6687"
2025-04-23 09:35:24,,"7:34:51, 41.3701591492, 1.9965881109, 152.4934997559, 1.3054"
2025-04-23 09:35:25,"MXD#52.84,5.63,215.85,200.84,0.00,871.95,134.71,409#52.96,5.62,180.15,195.35,0.00,919.54,133.99,409#52.87,5.63,198.99,201.87,0.00,889.54,137.57,409#52.88,5.63,206.45,202.35,0.00,941.90,133.26,409#52.90,5.63,207.71,202.00,0.00,909.63,113.67,409#52.73,5.62,209.11,207.13,0.00,884.43,136.27,410#53.04,5.62,210.40,202.21,0.00,884.43,119.87,410#52.84,5.62,211.83,201.19,0.00,992.29,124.67,410#53.34,5.62,213.15,196.54,0.00,855.87,122.16,410#52.84,5.62,213.42,197.61,0.00,852.69,117.30,410#52.94,5.62,214.36,196.67,0.00,888.93,132.81,412#TRH#20.08,50.32,20.09,50.47,20.09,50.26,20.14,51.09!","7:34:53, 41.3701591492, 1.9965903759, 152.9528045654, 1.0647"
2025-04-23 09:35:28,,"7:34:55, 41.3701515198, 1.9965859652, 153.7760925293, 0.8981"
2025-04-23 09:35:32,".00,2.27#0.18,-0.23,0.20,27.00,2.18#0.56,-0.23,0.21,26.00,2.27#0.37,-0.29,0.21,27.00,2.27#0.28,-0.27,0.21,26.00,2.27#0.28,-0.25,0.21,27.00,2.36#0.47,-0.21,0.21,27.00,2.27#0.18,-0.25,0.20,27.00,2.36#TRH#19.56,52.45,19.70,54.83!","7:34:57, 41.3701477051, 1.9965803623, 153.1903991699, 0.7660"
2025-04-23 09:35:35,,"7:34:59, 41.3701553345, 1.9965839386, 150.8428039551, 0.6802"
2025-04-23 09:35:36,",132.41,418#52.75,5.61,207.96,209.81,0.00,911.48,121.01,418#52.68,5.61,209.24,195.15,0.00,838.38,124.20,418#52.76,5.62,211.18,189.55,0.00,856.45,131.07,418#52.58,5.62,211.57,200.30,0.00,927.03,106.69,418#52.51,5.61,212.36,198.75,0.00,859.93,116.71,422#52.43,5.61,213.82,207.27,0.00,931.12,130.36,422#TRH#20.11,50.45,20.09,50.61,20.12,50.42,20.16,51.31!","7:34:1, 41.3701667786, 1.9965896606, 148.0953063965, 0.6162"
2025-04-23 09:35:39,,"7:35:3, 41.3701705933, 1.9965810776, 145.2646026611, 0.5460"
2025-04-23 09:35:40,"MXA#0.01,30.48,14.03,41.81#0.01,30.38,14.02,41.74#0.01,30.68,14.09,42.03#0.01,30.70,14.02,41.33#0.01,30.61,14.02,41.47#0.01,30.51,14.11,41.85#0.01,30.57,14.08,41.83#0.01,30.57,14.00,41.10#0.01,30.42,14.03,41.36#TRH#25.98,49.16,25.98,48.89,26.11,47.66,25.91,49.16!","7:35:5, 41.3701705933, 1.9965797663, 143.5052032471, 0.4847"
2025-04-23 09:35:42,"ECS#0.18,-0.23,0.21,27.00,2.36#0.28,-0.19,0.20,26.00,2.18#0.47,-0.27,0.20,26.00,2.27#0.28,-0.27,0.20,27.00,2.27#0.28,-0.27,0.21,26.00,2.27#0.47,-0.27,0.21,27.00,2.27#0.18,-0.27,0.20,27.00,2.27#0.47,-0.29,0.21,27.00,2.18#0.18,-0.31,0.21,26.00,2.18#0.37,-0.23,0.20,27.00,2.18#0.47,-0.25,0.21,28.00,2.27#0.28,-0.27,0.21,27.00,2.27#0.18,-0.25,0.21,26.00,2.27#0.08,-0.29,0.20,27.00,2.36#0.08,-0.29,0.20,28.00,2.27#0.18,-0.21,0.20,27.00,2.36#TRH#19.61,52.55,19.67,54.91!","7:35:7, 41.3701705933, 1.9965803623, 143.7151947021, 0.4552"
2025-04-23 09:35:46,,"7:35:9, 41.3701591492, 1.9965754747, 144.4338073730, 0.4498"
2025-04-23 09:35:51,"MXA#0.01,30.59,14.03,41.16#0.01,30.62,14.04,41.32#0.01,30.35,14.02,41.57#0.01,30.73,14.06,41.56#0.01,30.47,14.02,41.67#0.01,30.42,14.03,41.64#0.01,30.58,14.10,42.12#0.01,30.74,14.10,42.09#0.01,30.81,14.14,42.33#TRH#26.02,49.11,26.03,48.65,26.16,47.42,25.94,49.11!","7:35:11, 41.3701400757, 1.9965707064, 145.1535949707, 0.4233"
2025-04-23 09:35:53,"ECS#0.28,-0.31,0.20,27.00,2.18#0.28,-0.29,0.20,26.00,2.18#0.28,-0.21,0.20,27.00,2.36#0.56,-0.21,0.21,26.00,2.18#0.47,-0.27,0.21,27.00,2.27#0.28,-0.27,0.20,26.00,2.27#0.47,-0.23,0.21,26.00,2.27#0.28,-0.27,0.21,26.00,2.36#0.47,-0.21,0.21,26.00,2.18#0.47,-0.29,0.21,26.00,2.27#0.56,-0.31,0.21,27.00,2.27#0.08,-0.25,0.21,27.00,2.36#0.56,-0.23,0.20,26.00,2.27#0.37,-0.21,0.21,26.00,2.27#0.56,-0.29,0.21,26.00,2.27#0.47,-0.19,0.21,26.00,2.18#TRH#19.61,52.37,19.69,54.78!","7:35:13, 41.3701286316, 1.9965654612, 145.8632965088, 0.3816"
2025-04-23 09:35:56,,"7:35:15, 41.3701210022, 1.9965618849, 145.9730072021, 0.4115"
2025-04-23 09:35:58,"MXD#52.26,5.60,216.67,204.41,0.00,833.85,121.62,422#52.42,5.60,180.73,195.68,0.00,895.88,123.49,422#52.35,5.59,198.07,202.69,0.00,941.58,123.24,422#52.40,5.60,207.33,196.14,0.00,897.70,120.52,422#52.61,5.60,207.08,190.51,0.00,902.27,129.22,422#52.57,5.60,209.88,189.42,0.00,844.36,125.26,422#52.80,5.60,211.57,207.62,0.00,801.21,117.46,423#52.84,5.60,213.69,207.34,0.00,892.25,132.59,423#52.53,5.59,215.99,194.03,0.00,861.68,129.84,423#52.67,5.60,214.23,193.83,0.00,839.52,127.10,423#52.76,5.59,216.12,190.00,0.00,914.88,130.94,423#TRH#20.12,50.49,20.12,50.60,20.14,50.41,20.16,51.23!","7:35:17, 41.3701171875, 1.9965554476, 145.6024017334, 0.4201"
2025-04-23 09:36:01,,"7:35:19, 41.3701133728, 1.9965537786, 145.6080017090, 0.4097"
2025-04-23 09:36:01,"MXA#0.01,30.62,14.10,42.44#0.01,30.78,14.14,42.38#0.01,30.70,14.13,42.49#0.01,30.49,14.07,42.20#0.01,30.39,14.04,42.11#0.01,30.56,14.10,42.44#0.01,30.74,14.13,42.27#0.01,30.44,14.10,42.53#0.01,30.50,14.14,42.47#TRH#26.05,49.08,26.06,48.79,26.19,47.57,25.97,49.08!","7:35:21, 41.3701095581, 1.9965506792, 145.2631072998, 0.4207"
2025-04-23 09:36:04,"ECS#0.37,-0.29,0.20,28.00,2.27#0.28,-0.29,0.21,26.00,2.18#21,26.00,2.18#0.47,-0.29,0.21,27.00,2.27#0.47,-0.27,0.21,26.00,2.27#0.37,-0.19,0.21,26.00,2.27#0.18,-0.25,0.21,26.00,2.18#0.47,-0.29,0.21,26.00,2.18#0.37,-0.27,0.21,26.00,2.18#0.28,-0.25,0.21,27.00,2.36#0.47,-0.23,0.21,26.00,2.18#0.18,-0.29,0.21,27.00,2.18#0.37,-0.25,0.21,27.00,2.27#0.47,-0.25,0.21,26.00,2.18#TRH#19.59,52.60,19.66,54.96!","7:35:23, 41.3701057434, 1.9965454340, 145.3726959229, 0.3209"
2025-04-23 09:36:07,,"7:35:25, 41.3701057434, 1.9965374470, 145.5357971191, 0.2884"
2025-04-23 09:36:08,"MXD#52.58,5.60,215.71,195.68,0.00,953.12,116.23,422#52.59,5.59,181.49,193.96,0.00,876.98,127.31,422#52.49,5.59,200.74,201.05,0.00,908.09,120.40,422#52.39,5.59,207.33,196.87,0.00,872.54,106.22,408#52.54,5.58,209.88,195.41,0.00,879.06,116.00,408#52.49,5.59,210.14,196.14,0.00,911.17,120.40,408#52.28,5.59,212.23,193.57,0.00,874.02,130.06,408#52.31,5.59,212.89,203.38,0.00,877.28,118.50,408#52.65,5.59,214.63,195.15,0.00,854.42,119.30,408#52.53,5.59,212.76,194.16,0.00,839.23,128.87,409#TRH#20.11,50.46,20.09,50.62,20.14,50.34,20.17,51.19!","7:35:27, 41.3701057434, 1.9965327978, 145.6526947021, 0.2716"
2025-04-23 09:36:11,,"7:35:29, 41.3701095581, 1.9965292215, 145.8146057129, 0.2525"
2025-04-23 09:36:11,"MXA#0.01,30.33,14.03,42.64#0.01,30.42,14.11,42.42#0.01,30.39,14.12,42.56#0.01,30.56,14.09,42.30#0.01,30.33,14.04,41.95#0.01,30.40,14.03,41.76#0.01,30.58,14.09,42.10#0.01,30.40,14.01,41.88#TRH#26.08,49.14,26.08,48.76,26.22,47.60,26.03,49.14!","7:35:31, 41.3701095581, 1.9965289831, 145.8130950928, 0.2507"
2025-04-23 09:36:14,"ECS#0.37,-0.29,0.21,27.00,2.27#0.56,-0.31,0.21,27.00,2.27#0.56,-0.23,0.21,26.00,2.18#0.28,-0.27,0.21,26.00,2.36#0.28,-0.33,0.21,26.00,2.18#0.37,-0.25,0.21,27.00,2.27#0.56,-0.27,0.21,27.00,2.18#0.56,-0.27,0.21,28.00,2.27#0.47,-0.29,0.22,27.00,2.18#0.47,-0.27,0.21,26.00,2.18#0.47,-0.27,0.21,28.00,2.36#0.56,-0.21,0.21,27.00,2.27#0.66,-0.27,0.21,26.00,2.18#0.37,-0.25,0.21,27.00,2.18#TRH#19.62,52.72,19.70,55.07!","7:35:33, 41.3701133728, 1.9965295792, 145.7328948975, 0.2342"
2025-04-23 09:36:17,,"7:35:35, 41.3701171875, 1.9965298176, 146.0924072266, 0.2343"
2025-04-23 09:36:18,"MXD#52.39,5.59,216.54,188.40,0.00,855.87,120.44,409#52.78,5.59,180.73,187.83,0.00,968.08,112.75,409#52.67,5.59,199.45,201.05,0.00,937.13,125.01,409#52.82,5.58,207.58,191.10,0.00,869.00,125.94,413#52.44,5.58,208.60,190.13,0.00,901.05,118.86,413#52.28,5.58,209.88,198.61,0.00,842.65,123.70,413#52.40,5.58,211.44,198.34,0.00,843.50,124.04,413#52.36,5.58,213.15,183.74,0.00,849.81,124.33,413#52.13,5.58,212.62,188.78,0.00,869.89,105.72,415#52.26,5.58,214.63,197.81,0.00,873.13,118.14,415#TRH#20.16,50.81,20.12,51.00,20.14,50.87,20.19,51.78!","7:35:37, 41.3701171875, 1.9965299368, 146.7752075195, 0.3146"
2025-04-23 09:36:21,,"7:35:39, 41.3701133728, 1.9965302944, 147.5169067383, 0.3784"
2025-04-23 09:36:21,"MXA#0.01,30.61,14.07,42.22#0.01,30.61,14.08,42.33#0.01,30.30,14.06,41.78#0.01,30.22,14.02,41.46#0.01,30.28,14.03,41.37#0.01,30.51,14.06,41.66#0.01,30.38,14.03,41.48#0.01,30.22,14.01,41.08#TRH#26.11,49.23,26.11,49.02,26.25,47.96,26.00,49.23!","7:35:41, 41.3701133728, 1.9965286255, 148.7225036621, 0.4163"
2025-04-23 09:36:23,"ECS#0.37,-0.23,0.21,27.00,2.27#0.37,-0.27,0.21,27.00,2.27#0.47,-0.25,0.21,26.00,2.27#0.47,-0.23,0.21,28.00,2.36#0.37,-0.25,0.22,27.00,2.27#0.56,-0.21,0.21,26.00,2.27#0.37,-0.25,0.21,27.00,2.18#0.47,-0.23,0.21,28.00,2.36#0.37,-0.25,0.21,27.00,2.36#0.66,-0.25,0.21,26.00,2.27#0.47,-0.29,0.21,26.00,2.27#0.28,-0.27,0.21,26.00,2.27#0.37,-0.29,0.21,27.00,2.36#0.47,-0.21,0.21,27.00,2.18#TRH#19.59,53.21,19.69,55.44!","7:35:43, 41.3701133728, 1.9965314865, 148.6092071533, 0.2783"
2025-04-23 09:36:26,,"7:35:45, 41.3701171875, 1.9965323210, 148.8188934326, 0.2590"
2025-04-23 09:36:30,"MXD#51.80,5.58,214.63,184.93,0.00,817.09,138.18,415#51.99,5.57,178.65,184.80,0.00,856.45,121.67,415#51.80,5.57,197.49,188.91,0.00,855.58,118.06,412#51.55,5.57,203.01,174.47,0.00,839.23,128.74,412#51.49,5.58,204.60,192.07,0.00,890.14,119.75,412#51.33,5.58,205.83,190.77,0.00,833.29,115.88,412#51.57,5.58,207.46,191.62,0.00,803.38,113.94,412#51.51,5.57,208.09,197.81,0.00,816.54,121.50,412#51.52,5.57,208.72,180.11,0.00,865.48,119.22,415#TRH#20.12,","7:35:47, 41.3701210022, 1.9965333939, 149.2247009277, 0.5747"
2025-04-23 09:36:31,"MXA#0.01,30.37,14.06,40.80#0.01,30.19,14.02,40.53#0.01,30.00,14.03,40.41#0.01,30.05,13.97,39.86#0.01,29.98,13.98,39.94#0.01,30.29,14.03,40.40#0.01,30.05,13.97,39.71#0.01,30.01,14.00,39.85#TRH#26.14,49.20,26.16,49.04,26.28,47.97,26.06,49.20!","7:35:49, 41.3701248169, 1.9965351820, 148.7595062256, 0.3153"
2025-04-23 09:36:33,"ECS#0.56,-0.29,0.21,26.00,2.18#0.37,-0.27,0.21,26.00,2.18#0.37,-0.25,0.21,27.00,2.27#0.28,-0.33,0.21,27.00,2.36#0.56,-0.29,0.21,26.00,2.18#0.47,-0.27,0.21,26.00,2.18#0.28,-0.21,0.21,27.00,2.27#0.66,-0.29,0.21,27.00,2.27#0.28,-0.25,0.20,27.00,2.36#0.37,-0.25,0.21,27.00,2.18#0.37,-0.19,0.21,27.00,2.36#0.47,-0.25,0.21,26.00,2.09#0.37,-0.21,0.21,27.00,2.27#0.47,-0.27,0.21,26.00,2.36#0.56,-0.23,0.21,26.00,2.36#TRH#19.61,53.43,19.69,55.63!","7:35:51, 41.3701248169, 1.9965337515, 148.7062072754, 0.3908"
2025-04-23 09:36:36,,"7:35:53, 41.3701210022, 1.9965329170, 148.7021942139, 0.3550"
2025-04-23 09:36:37,"MXD#51.18,5.57,210.40,184.55,0.00,866.65,116.98,415#51.17,5.57,177.16,190.51,0.00,859.06,118.26,415#51.36,5.57,195.01,189.81,0.00,824.31,130.06,415#51.46,5.56,203.13,192.07,0.00,834.70,118.26,413#51.39,5.56,204.47,18510.21,114.71,413#51.26,5.56,211.18,182.07,0.00,942.54,121.13,415#51.24,5.56,211.70,186.56,0.00,883.54,115.88,415#TRH#20.16,50.83,20.14,50.98,20.16,50.91,20.16,51.73!","7:35:55, 41.3701210022, 1.9965338707, 148.4720001221, 0.4445"
2025-04-23 09:36:40,,"7:35:57, 41.3701210022, 1.9965308905, 148.3240051270, 0.5046"
2025-04-23 09:36:41,"MXA#0.01,30.32,14.03,40.48#0.01,30.08,13.96,40.20#0.01,30.08,13.95,40.14#0.01,30.07,13.96,40.34#0.01,30.32,14.04,40.83#0.01,30.45,14.03,40.65#0.01,30.40,14.00,40.26#0.01,30.11,13.97,40.84#TRH#26.14,49.13,26.14,48.96,26.33,47.97,26.06,49.13!","7:35:59, 41.3701210022, 1.9965316057, 147.9662017822, 0.6618"
2025-04-23 09:36:43,"ECS#0.28,-0.27,0.21,26.00,2.27#0.66,-0.29,0.21,26.00,2.36#0.37,-0.21,0.21,27.00,2.27#0.18,-0.25,0.21,27.00,2.27#0.47,-0.27,0.21,26.00,2.27#0.56,-0.29,0.21,27.00,2.36#0.47,-0.27,0.21,26.00,2.18#0.47,-0.29,0.21,27.00,2.27#0.37,-0.27,0.22,27.00,2.27#0.47,-0.33,0.21,27.00,2.27#0.37,-0.27,0.22,26.00,2.18#0.37,-0.27,0.22,27.00,2.27#0.47,-0.29,0.22,25.00,2.27#0.47,-0.25,0.22,28.00,2.36#TRH#19.62,53.63,19.69,55.83!","7:35:1, 41.3701210022, 1.9965294600, 148.3497009277, 0.3806"
2025-04-23 09:36:46,,"7:36:3, 41.3701210022, 1.9965296984, 148.4539947510, 0.3033"
2025-04-23 09:36:47,"MXD#51.38,5.56,213.96,190.00,0.00,837.53,122.45,415#51.26,5.56,180.73,185.24,0.00,933.02,120.03,415#51.30,5.56,197.61,191.55,0.00,841.22,117.78,415#51.24,5.56,207.08,189.74,0.00,865.77,111.87,415#51.08,5.56,206.70,182.75,0.00,887.13,113.74,415#51.12,5.55,208.34,184.61,0.00,833.01,118.10,415#50.93,5.55,209.11,178.23,0.00,831.60,118.58,415#50.80,5.56,209.11,192.26,0.00,811.85,123.95,415#50.51,5.55,208.21,191.87,0.00,853.84,122.08,419#50.72,5.55,208.72,183.49,0.00,843.22,121.91,419#TRH#20.16,51.96,20.17,52.23,20.17,52.48,20.19,53.22!","7:36:5, 41.3701210022, 1.9965296984, 148.5843048096, 0.3097"
2025-04-23 09:36:50,,"7:36:7, 41.3701171875, 1.9965307713, 148.5157928467, 0.3638"
2025-04-23 09:36:50,"MXA#0.01,30.27,14.02,40.56#0.01,30.23,14.03,40.41#0.01,30.06,13.95,39.77#0.01,30.10,13.98,39.54#0.01,30.18,13.99,39.39#0.01,29.90,13.95,39.09#0.01,29.80,13.93,38.93#0.01,30.17,14.01,39.04#TRH#26.17,49.22,26.19,49.17,26.36,48.14,26.11,49.22!","7:36:9, 41.3701210022, 1.9965296984, 148.5955963135, 0.4596"
2025-04-23 09:36:53,"ECS#0.66,-0.31,0.21,27.00,2.27#0.56,-0.31,0.21,26.00,2.27#0.56,-0.31,0.22,27.00,2.27#0.66,-0.29,0.21,27.00,2.27#0.28,-0.29,0.21,27.00,2.27#0.28,-0.27,0.21,27.00,2.27#0.28,-0.29,0.22,27.00,2.27#0.28,-0.25,0.21,27.00,2.27#0.37,-0.33,0.21,27.00,2.27#0.37,-0.25,0.21,27.00,2.36#0.28,-0.27,0.21,27.00,2.36#0.47,-0.25,0.22,27.00,2.36#0.37,-0.21,0.22,26.00,2.36#0.37,-0.27,0.21,27.00,2.27#TRH#19.64,54.03,19.69,56.12!","7:36:11, 41.3701210022, 1.9965291023, 148.4938049316, 0.8322"
2025-04-23 09:36:56,,"7:36:13, 41.3701171875, 1.9965317249, 149.0225982666, 0.5523"
2025-04-23 09:36:57,"MXD#50.38,5.55,209.88,171.19,0.00,788.30,118.30,421#50.26,5.56,176.98,178.65,0.00,851.82,122.00,421#50.44,5.55,194.23,178.89,0.00,831.60,120.23,421#50.42,5.55,202.89,181.76,0.00,848.66,122.70,421#50.37,5.55,204.84,181.58,0.00,785.90,113.70,421#50.46,5.55,206.33,177.93,0.00,798.50,121.54,421#50.46,5.55,206.95,177.81,0.00,860.52,122.37,422#50.46,5.55,208.47,184.61,0.00,943.50,128.18,422#50.58,5.55,210.53,172.88,0.00,868.12,116.39,422#TRH#20.16,50.96,20.17,51.12,20.16,51.09,20.20,51.89!","7:36:15, 41.3701210022, 1.9965330362, 149.2908935547, 0.6422"
2025-04-23 09:37:00,,"7:36:17, 41.3701210022, 1.9965349436, 149.3092041016, 0.4248"
2025-04-23 09:37:03,"MXA#0.01,30.17,13.93,38.99#0.01,30.01,14.00,39.59#0.01,30.19,13.94,39.12#0.01,30.31,13.99,39.40#0.01,30.20,14.00,39.60#0.01,29.94,13.94,39.47#0.01,30.30,13.98,39.67#0.01,30.16,14ECS#0.08,-0.25,0.21,28.00,2.18#0.47,-0.25,0.21,28.00,2.27#0.37,-0.31,0.21,27.00,2.27#0.47,-0.23,0.21,28.00,2.45#0.37,-0.27,0.21,26.00,2.18#0.37,-0.25,0.21,27.00,2.36#0.37,-0.29,0.21,28.00,2.36#0.47,-0.27,0.22,26.00,2.27#0.28,-0.31,0.21,26.00,2.18#0.18,-0.25,0.21,26.00,2.27#0.37,-0.23,0.22,27.00,2.27#-0.01,-0.27,0.21,27.00,2.27#0.37,-0.29,0.21,27.00,2.27#0.28,-0.31,0.21,26.00,2.18#0.56,-0.23,0.21,28.00,2.27#TRH#19.61,53.41,19.72,55.72!","7:36:19, 41.3701210022, 1.9965354204, 149.3475952148, 0.4291"
2025-04-23 09:37:05,SPLRon,"7:36:21, 41.3701210022, 1.9965357780, 149.3352966309, 0.4007"
2025-04-23 09:37:07,"MXD#50.33,5.55,211.31,184.49,0.00,847.51,123.74,422#50.51,5.55,179.59,180.72,0.00,809.66,114.44,422#50.45,5.550.00,815.43,128.92,422#50.51,5.55,205.58,173.70,0.00,841.51,116.19,422#50.67,5.55,209.11,178.77,0.00,812.68,109.96,422#50.26,5.54,208.21,169.75,0.00,819.58,116.51,419#50.50,5.54,209.49,183.31,0.00,834.98,110.11,419#50.33,5.54,208.85,175.95,0.00,758.46,108.00,419#TRH#20.17,50.76,20.17,50.95,20.17,50.84,20.20,51.70!","7:36:23, 41.3701210022, 1.9965361357, 149.2742004395, 0.4090"
2025-04-23 09:37:10,,"7:36:25, 41.3701210022, 1.9965372086, 149.0845031738, 0.4170"
2025-04-23 09:37:10,"MXA#0.01,30.32,14.01,39.66#0.01,30.23,14.01,39.66#0.01,30.28,14.00,39.67#0.01,30.02,13.93,39.31#0.01,29.93,13.94,39.58#0.01,29.98,13.94,39.22#0.01,30.04,14.01,39.87#0.01,30.30,14.00,39.65#TRH#26.25,49.04,26.22,48.80,26.39,47.67,26.16,49.04!","7:36:27, 41.3701248169, 1.9965388775, 148.9409942627, 0.3355"
2025-04-23 09:37:12,"37,-0.27,0.21,28.00,2.27#0.18,-0.31,0.21,28.00,2.36#0.37,-0.27,0.21,25.00,2.27#0.37,-0.23,0.21,28.00,2.36#0.18,-0.25,0.21,26.00,2.18#TRH#19.62,53.35,19.69,55.61!","7:36:29, 41.3701248169, 1.9965405464, 149.0256042480, 0.5324"
2025-04-23 09:37:15,,"7:36:31, 41.3701248169, 1.9965418577, 149.1152038574, 0.4205"
2025-04-23 09:37:17,"MXD#50.61,5.54,211.70,187.57,0.00,800.39,117.38,427#50.64,5.54,179.59,177.93,0.00,852.40,109.33,427#50.57,5.54,196.58,175.59,0.00,786.70,130.72,427#50.54,5.54,203.74,173.94,0.00,842.36,119.42,427#50.57,5.54,203.62,177.87,0.00,831.60,115.80,427#50.58,5.54,204.47,179.62,0.00,797.15,116.04,427#50.55,5.54,205.46,171.83,0.00,823.75,111.12,428#50.54,5.54,206.45,181.64,0.00,829.07,107.78,428#50.44,5.54,208.98,181.82,0.00,785.37,117.94,428#50.33,5.54,209.36,184.55,0.00,793.92,120.81,428#TRH#20.16,50.83,20.20,50.97,20.19,50.92,20.23,51.82!","7:36:33, 41.3701248169, 1.9965417385, 149.1712951660, 0.7151"
2025-04-23 09:37:20,"MXA#0.01,30.05,13.93,39.73#0.01,30.07,13.93,39.67#0.01,30.07,13.96,39.79#0.01,30.36,13.98,39.42#0.01,30.33,13.99,39.67#0.01,30.03,13.92,39.38#0.01,29.96,13.89,39.23#0.01,30.08,13.90,39.18#TRH#26.25,49.03,26.27,48.81,26.42,47.69,26.22,49.03!","7:36:35, 41.3701248169, 1.9965424538, 148.9956054688, 0.5369"
2025-04-23 09:37:23,"ECS#0.28,-0.31,0.21,26.00,2.18#-0.01,-0.29,0.21,27.00,2.27#0.28,-0.25,0.21,27.00,2.27#0.37,-0.33,0.21,26.00,2.27#0.37,-0.27,0.21,27.00,2.27#0.28,-0.31,0.20,27.00,2.27#0.28,-0.29,0.21,27.00,2.27#0.66,-0.27,0.21,27.00,2.27#0.28,-0.33,0.21,27.00,2.36#0.28,-0.23,0.21,28.00,2.27#0.28,-0.27,0.21,26.00,2.18#0.47,-0.31,0.21,27.00,2.27#0.47,-0.31,0.21,27.00,2.18#0.47,-0.31,0.21,27.00,2.27#0.37,-0.33,0.21,26.00,2.27#TRH#19.61,53.38,19.67,55.64!","7:36:37, 41.3701248169, 1.9965437651, 148.9411926270, 0.4146"
2025-04-23 09:37:26,,"7:36:39, 41.3701248169, 1.9965450764, 148.8511962891, 0.4152"
2025-04-23 09:37:27,"1.57,171.07,0.00,806.38,117.94,432#50.45,5.54,202.77,178.41,0.00,761.80,117.18,431#50.46,5.54,204.60,184.55,0.00,789.36,114.67,431#50.52,5.53,204.84,175.71,0.00,797.96,107.67,431#50.62,5.53,206.95,175.30,0.00,783.24,117.46,431#50.45,5.53,207.20,172.94,0.00,795.80,114.59,431#TRH#20.19,50.85,20.19,51.02,20.19,50.93,20.19,51.78!","7:36:41, 41.3701286316, 1.9965455532, 148.7785034180, 0.4235"
2025-04-23 09:37:30,"2,48.97!","7:36:43, 41.3701286316, 1.9965468645, 148.8168029785, 0.4149"
2025-04-23 09:37:32,"ECS#0.37,-0.33,0.21,26.00,2.27#0.56,-0.25,0.21,26.00,2.18#0.47,-0.37,0.21,26.00,2.27#0.37,-0.29,0.21,27.00,2.27#0.47,-0.33,0.21,26.00,2.18#0.47,-0.33,0.21,26.00,2.27#0.37,-0.29,0.21,28.00,2.36#0.28,-0.35,0.21,27.00,2.27#0.37,-0.29,0.21,27.00,2.27#0.47,-0.27,0.21,27.00,2.27#0.28,-0.25,0.20,27.00,2.27#0.37,-0.27,0.21,26.00,2.18#-0.01,-0.27,0.20,26.00,2.27#0.47,-0.29,0.21,28.00,2.27#TRH#19.62,53.35,19.66,55.59!","7:36:45, 41.3701286316, 1.9965479374, 148.8034973145, 0.4064"
2025-04-23 09:37:35,,"7:36:47, 41.3701286316, 1.9965484142, 148.6875000000, 0.3775"
2025-04-23 09:37:36,"MXD#50.37,5.53,206.58,173.64,0.00,819.58,113.59,427#50.38,5.53,176.79,172.76,0.00,761.03,108.99,427#50.40,5.53,192.26,175.24,0.00,763.10,123.03,427#50.49,5.53,200.39,172.35,0.00,755.13,113.74,427#50.23,5.52,202.53,179,5.53,205.58,189.10,0.00,779.28,115.06,421#TRH#20.20,50.84,20.17,51.02,20.19,50.92,20.23,51.80!","7:36:49, 41.3701324463, 1.9965502024, 148.3845062256, 0.3775"
2025-04-23 09:37:39,,"7:36:51, 41.3701362610, 1.9965500832, 148.2682037354, 0.4294"
2025-04-23 09:37:39,"MXA#0.01,30.17,13.91,39.01#0.01,29.99,13.88,38.83#0.01,30.02,13.91,38.92#0.01,29.94,13.91,39.34#0.01,30.20,13.95,38.87#0.01,30.27,13.93,38.57#0.01,30.27,13.94,38.94#0.01,30.28,13.94,38.94#TRH#26.33,49.00,26.33,48.74,26.48,47.61,26.25,49.00!","7:36:53, 41.3701400757, 1.9965515137, 148.0151977539, 0.4246"
2025-04-23 09:37:42,"ECS#0.28,-0.27,0.21,26.00,2.18#0.47,-0.21,0.21,27.00,2.27#0.37,-0.29,0.21,26.00,2.18#0.47,-0.35,0.21,26.00,2.36#0.28,-0.27,0.21,27.00,2.27#0.28,-0.25,0.21,27.00,2.27#0.28,-0.29,0.21,28.00,2.36#-0.01,-0.33,0.21,27.00,2.18#0.47,-0.25,0.22,26.00,2.27#0.47,-0.25,0.21,26.00,2.18#0.56,-0.27,0.21,26.00,2.18#0.47,-0.25,0.21,26.00,2.18#0.56,-0.27,0.21,27.00,2.27#0.56,-0.27,0.21,26.00,2.27#TRH#19.64,53.36,19.73,55.65!","7:36:55, 41.3701362610, 1.9965548515, 148.0482940674, 0.6831"
2025-04-23 09:37:45,,"7:36:57, 41.3701362610, 1.9965586662, 148.0897064209, 0.5332"
2025-04-23 09:37:49,"8.83,122.33,429#49.85,5.52,202.65,176.78,0.00,815.43,112.90,429#49.87,5.52,204.47,179.99,0.00,792.85,117.50,429#49.69,5.53,204.72,173.0","7:36:59, 41.3701362610, 1.9965614080, 148.0236968994, 0.3631"
2025-04-23 09:37:49,"MXA#0.01,29.97,13.89,38.54#0.01,30.17,13.97,38.89#0.01,30.20,13.94,38.69#0.01,29.89,13.87,38.43#0.01,30.04,13.88,38.55#0.01,30.27,13.94,38.48#0.01,30.19,13.94,38.36#0.01,30.18,13.93,38.36#TRH#26.33,48.96,26.34,48.72,26.52,47.62,26.28,48.96!","7:36:1, 41.3701400757, 1.9965634346, 147.9501037598, 0.3369"
2025-04-23 09:37:51,"ECS#0.66,-0.21,0.21,28.00,2.36#0.18,-0.33,0.21,27.00,2.18#0.08,-0.27,0.21,26.00,2.27#0.28,-0.33,0.20,26.00,2.27#0.56,-0.25,0.21,28.00,2.36#0.47,-0.27,0.21,27.00,2.27#0.66,-0.25,0.21,26.00,2.27#0.47,-0.27,0.21,26.00,2.27#0.28,-0.29,0.21,27.00,2.27#0.28,-0.27,0.21,27.00,2.36#0.28,-0.29,0.21,28.00,2.36#0.47,-0.31,0.21,27.00,2.36#0.37,-0.29,0.21,27.00,2.36#0.37,-0.25,0.21,27.00,2.27#TRH#19.64,53.40,19.66,55.70!","7:37:3, 41.3701362610, 1.9965649843, 148.0601043701, 0.3223"
2025-04-23 09:37:54,,"7:37:5, 41.3701362610, 1.9965662956, 148.1826934814, 0.3118"
2025-04-23 09:37:55,"MXD#50.03,5.52,206.33,168.72,0.00,754.62,103.00,432#49.88,5.52,175.16,179.80,0.00,790.43,127.10,432#49.57,5.52,187.07,175.83,0.00,767.24,107.16,432#49.34,5.52,197.84,184.80,0.00,837.25,112.52,432#49.69,5.52,197.04,174.11,0.00,782.18,111.61,436#49.57,5.52,200.04,185.87,0.00,789.36,123.70,436#49.84,5.52,200.16,170.79,0.00,775.86,113.70,436#49.58,5.52,201.34,183.93,0.00,799.85,111.34,436#49.56,5.52,203.26,177.62,0.00,827.95,112.63,436#TRH#20.20,50.92,20.22,51.13,20.22,51.04,20.27,51.91!","7:37:7, 41.3701324463, 1.9965674877, 148.3105010986, 0.3177"
2025-04-23 09:37:58,,"7:37:9, 41.3701324463, 1.9965695143, 148.1976928711, 0.3023"
2025-04-23 09:37:59,"MXA#0.01,30.16,13.84,37.76#0.01,30.11,13.84,37.83#0.01,30.16,13.93,38.10#0.01,30.13,13.90,37.79#0.01,29.78,13.81,37.56#0.01,29.86,13.84,37.42#0.01,29.87,13.85,37.32#0.01,30.19,13.90,37.59#TRH#26.38,48.93,26.38,48.80,26.52,47.69,26.28,48.93!","7:37:11, 41.3701286316, 1.9965704679, 148.1981048584, 0.2958"
2025-04-23 09:38:01,"ECS#0.37,-0.27,0.21,26.00,2.27#0.08,-0.33,0.21,27.00,2.36#0.37,-0.33,0.21,27.00,2.27#0.56,-0.27,0.21,26.00,2.27#0.28,-0.27,0.22,27.00,2.27#0.37,-0.25,0.21,27.00,2.27#0.47,-0.29,0.21,26.00,2.27#0.47,-0.29,0.21,26.00,2.18#0.37,-0.33,0.21,27.00,2.27#0.56,-0.29,0.21,26.00,2.27#0.56,-0.23,0.21,27.00,2.27#0.37,-0.23,0.21,27.00,2.27#0.18,-0.23,0.21,27.00,2.27#0.28,-0.25,0.21,27.00,2.27#0.47,-0.33,0.21,27.00,2.18#TRH#19.62,53.56,19.67,55.78!","7:37:13, 41.3701248169, 1.9965708256, 148.3805999756, 0.2869"
2025-04-23 09:38:04,,"7:37:15, 41.3701210022, 1.9965713024, 148.5585021973, 0.2681"
2025-04-23 09:38:05,"MXD#49.47,5.52,203.62,175.30,0.00,748.26,106.80,434#49.35,5.52,171.99,174.47,0.00,754.36,109.62,434#49.39,5.52,184.04,164.21,0.00,753.09,111.72,434#49.39,5.52,194.12,169.52,0.00,765.16,111.27,434#49.47,5.52,195.90,172.76,0.00,753.85,111.15,540#49.20,5.52,197.04,171.02,0.00,745.48,111.45,540#49.21,5.52,198.53,176.61,0.00,805.28,113.86,540#49.28,5.51,199.92,172.41,0.00,800.39,107.60,540#49.312,20.20,51.34,20.22,51.38,20.27,52.29!","7:37:17, 41.3701210022, 1.9965715408, 148.7229003906, 0.2830"
2025-04-23 09:38:08,,"7:37:19, 41.3701210022, 1.9965717793, 149.0007019043, 0.2842"
2025-04-23 09:38:09,"MXA#0.01,29.99,13.83,37.26#0.01,29.84,13.81,37.20#0.01,29.89,13.88,37.63#0.01,29.74,13.80,37.21#0.01,30.02,13.86,37.47#0.01,30.10,13.88,37.11#0.01,30.01,13.87,37.08#0.01,29.99,13.78,36.58#TRH#26.39,49.02,26.39,48.93,26.55,47.89,26.31,49.02!","7:37:21, 41.3701248169, 1.9965726137, 149.0825958252, 0.3084"
2025-04-23 09:38:11,"ECS#0.37,-0.25,0.21,26.00,2.27#0.56,-0.27,0.21,26.00,2.27#0.37,-0.25,0.21,27.00,2.18#0.56,-0.29,0.22,27.00,2.27#0.37,-0.21,0.21,27.00,2.18#0.37,-0.27,0.21,26.00,2.18#0.47,-0.29,0.21,27.00,2.27#0.28,-0.29,0.20,27.00,2.27#0.47,-0.19,0.21,26.00,2.18#0.37,-0.21,0.21,26.00,2.18#0.37,-0.29,0.21,28.00,2.45#0.28,-0.23,0.21,27.00,2.18#0.37,-0.25,0.22,27.00,2.36#0.37,-0.29,0.21,27.00,2.45#TRH#19.62,53.88,19.70,56.04!","7:37:23, 41.3701286316, 1.9965695143, 149.3504943848, 0.2851"
2025-04-23 09:38:14,,"7:37:25, 41.3701286316, 1.9965652227, 149.9317016602, 0.2753"
2025-04-23 09:38:15,"MXD#49.12,5.51,202.41,175.06,0.00,683.84,107.31,543#49.08,5.51,170.27,177.14,0.00,772.19,109.96,543#49.07,5.51,183.05,174.11,0.00,723.61,114.79,543#48.87,5.51,193.68,174.47,0.00,774.28,104.76,543#48.85,5.51,194.34,175.83,0.00,750.29,111.15,542#48.73,5.51,195.12,175.18,0.00,757.95.74,5.51,199.34,175.89,0.00,791.24,110.40,542#48.99,5.51,199.80,170.38,0.00,839.23,108.44,542#48.82,5.51,202.29,174.17,0.00,775.59,116.04,547#TRH#20.23,51.38,20.22,51.62,20.22,51.66,20.28,52.67!","7:37:27, 41.3701324463, 1.9965624809, 150.3657073975, 0.2885"
2025-04-23 09:38:18,,"7:37:29, 41.3701324463, 1.9965627193, 150.1392059326, 0.3583"
2025-04-23 09:38:18,"MXA#0.01,29.75,13.82,36.87#0.01,29.69,13.81,36.99#0.01,29.94,13.86,36.71#0.01,29.93,13.87,37.16#0.01,29.56,13.80,37.12#0.01,29.46,13.78,37.21#0.01,29.68,13.84,37.68#0.01,29.56,13.83,37.46#TRH#26.42,49.16,26.44,49.26,26.59,48.36,26.36,49.16!","7:37:31, 41.3701400757, 1.9965636730, 149.4714965820, 0.3815"
2025-04-23 09:38:21,"ECS#0.66,-0.25,0.21,28.00,2.27#0.47,-0.31,0.21,26.00,2.27#0.28,-0.27,0.21,27.00,2.36#0.37,-0.23,0.21,27.00,2.27#0.37,-0.21,0.21,26.00,2.18#-0.01,-0.27,0.20,26.00,2.27#0.28,-0.33,0.21,27.00,2.36#0.28,-0.31,0.21,26.00,2.27#0.28,-0.27,0.21,26.00,2.18#0.37,-0.27,0.22,26.00,2.36#0.37,-0.27,0.21,26.00,2.27#0.37,-0.29,0.21,27.00,2.27#0.47,-0.31,0.21,26.00,2.27#0.28,-0.27,0.21,26.00,2.27#0.08,-0.27,0.21,26.00,2.18#TRH#19.64,54.52,19.66,56.54!","7:37:33, 41.3701477051, 1.9965697527, 148.0189971924, 0.3090"
2025-04-23 09:38:24,,"7:37:35, 41.3701477051, 1.9965739250, 147.0587005615, 0.3240"
2025-04-23 09:38:26,"MXD#49.19,5.51,202.53,169.06,0.00,766.20,106.84,547#49.38,5.51,172.51,170.38,0.00,784.84,121.75,547#49.27,5.51,185.04,171.02,0.00,746.74,110.25,547#49.27,5.51,196.13,165.10,0.00,790.97,101.48,540#49.23,5.51,196.47,166.79,0.00,746.49.86,165.61,0.00,747.00,112.63,535#TRH#20.23,51.63,20.20,51.95,20.22,52.09,20.28,52.96!","7:37:37, 41.3701477051, 1.9965748787, 146.5453948975, 0.3593"
2025-04-23 09:38:29,,"7:37:39, 41.3701515198, 1.9965760708, 146.0511016846, 0.5068"
2025-04-23 09:38:29,"MXA#0.01,29.56,13.84,38.16#0.01,29.38,13.82,38.25#0.01,29.40,13.83,38.26#0.01,29.20,13.78,38.21#0.01,29.12,13.79,38.71#0.01,29.45,13.86,38.72#0.01,29.40,13.82,38.32#0.01,29.42,13.85,38.87#0.01,29.40,13.85,39.08#TRH#26.47,49.01,26.44,48.94,26.61,47.94,26.36,49.01!","7:37:41, 41.3701515198, 1.9965765476, 146.1394042969, 0.3158"
2025-04-23 09:38:32,"ECS#0.18,-0.27,0.21,26.00,2.27#0.18,-0.31,0.21,27.00,2.18#0.28,-0.23,0.21,28.00,2.36#0.28,-0.27,0.22,27.00,2.27#0.56,-0.25,0.21,27.00,2.18#0.08,-0.27,0.21,27.00,2.18#0.47,-0.23,0.21,26.00,2.27#0.47,-0.23,0.21,27.00,2.27#0.37,-0.27,0.22,27.00,2.27#0.18,-0.33,0.21,27.00,2.27#0.37,-0.27,0.22,26.00,2.27#0.37,-0.27,0.22,27.00,2.27#0.28,-0.29,0.21,27.00,2.18#0.28,-0.33,0.21,28.00,2.27#0.47,-0.21,0.21,27.00,2.18#0.37,-0.33,0.22,27.00,2.36#TRH#19.64,54.18,19.67,56.32!","7:37:43, 41.3701553345, 1.9965769053, 146.2162017822, 0.2631"
2025-04-23 09:38:35,,"7:37:45, 41.3701515198, 1.9965776205, 146.2492065430, 0.2671"
2025-04-23 09:38:36,"MXD#50.12,5.51,206.95,161.29,0.00,749.78,115.06,535#49.94,5.51,175.88,163.16,0.00,750.29,107.97,535#50.10,5.51,191.08,173.23,0.00,772.19,110.97,535#50.01,5.50,199.22,164.21,0.00,736.95,107.78,545#50.37,5.50,199.45,168.49,0.00,784.841,207.33,166.11,0.00,774.54,112.94,542#50.63,5.51,207.46,177.14,0.00,697.40,107.78,542#TRH#20.25,51.14,20.25,51.38,20.25,51.41,20.27,52.39!","7:37:47, 41.3701515198, 1.9965782166, 146.3047943115, 0.2659"
2025-04-23 09:38:39,,"7:37:49, 41.3701515198, 1.9965788126, 146.3638000488, 0.2743"
2025-04-23 09:38:40,"9.74,13.85,39.29#0.01,29.71,13.77,38.51#TRH#26.47,48.85,26.47,48.83,26.62,47.87,26.42,48.85!","7:37:51, 41.3701515198, 1.9965795279, 146.5650024414, 0.2849"
2025-04-23 09:38:42,"ECS#0.37,-0.27,0.21,26.00,2.27#0.47,-0.33,0.21,26.00,2.36#0.47,-0.25,0.21,27.00,2.27#0.47,-0.33,0.21,27.00,2.27#0.47,-0.27,0.22,26.00,2.27#0.47,-0.25,0.21,26.00,2.27#0.47,-0.27,0.21,27.00,2.18#0.66,-0.33,0.22,28.00,2.36#0.37,-0.23,0.21,29.00,2.27#0.47,-0.33,0.21,27.00,2.27#0.37,-0.23,0.21,27.00,2.36#0.47,-0.29,0.22,27.00,2.27#0.37,-0.27,0.21,26.00,2.27#0.37,-0.29,0.22,27.00,2.18#0.56,-0.25,0.21,28.00,2.36#TRH#19.64,54.33,19.66,56.44!","7:37:53, 41.3701515198, 1.9965790510, 146.9792938232, 0.2543"
2025-04-23 09:38:45,,"7:37:55, 41.3701515198, 1.9965784550, 147.4515991211, 0.2465"
2025-04-23 09:38:46,"MXD#50.83,5.51,208.60,176.31,0.00,780.07,107.13,537#50.81,5.51,177.72,175.59,0.00,800.94,105.65,537#50.87,5.51,193.13,173.58,0.00,785.10,104.55,537#51.08,5.50,200.04,166.79,0.00,789.90,107.60,537#50.75,5.51,200.16,167.81,0.00,728.77,110.40,537#50.81,5.51,201.10,169.75,0.00,769.06,114.13,537#50.95,5.51,201.22,163.71,0.00,756.66,119.91,400#50.66,5.51,202.29,165.89,0.00,749.02,108.15,400#50.69,5.50,202.65,169.29,0.00,747.00,100.46,400#50.62,5.50,203.13,170.15,0.00,731.24,109.58,400#TRH#20.25,52.97,20.22,53.32,20.22,53.85,20.27,54.71!","7:37:57, 41.3701515198, 1.9965791702, 147.5447998047, 0.2479"
2025-04-23 09:38:49,,"7:37:59, 41.3701553345, 1.9965800047, 147.5310058594, 0.2483"
2025-04-23 09:38:50,"MXA#0.01,29.48,13.82,38.45#0.01,29.63,13.77,37.91#0.01,29.53,13.80,38.48#0.01,29.51,13.78,38.29#0.01,29.53,13.80,38.38#0.01,29.33,13.74,38.14#0.01,29.32,13.71,38.08#0.01,29.26,13.80,38.69#TRH#26.52,49.13,26.52,49.32,26.66,48.44,26.44,49.13!","7:37:1, 41.3701515198, 1.9965816736, 147.5332946777, 0.2366"
2025-04-23 09:38:53,"ECS#0.37,-0.23,0.22,26.00,2.18#0.56,-0.25,0.22,28.00,2.36#0.56,-0.25,0.22,26.00,2.36#0.56,-0.21,0.22,26.00,2.27#0.76,-0.31,0.22,27.00,2.27#0.47,-0.17,0.22,27.00,2.36#0.56,-0.25,0.21,27.00,2.36#0.47,-0.19,0.21,27.00,2.18#0.37,-0.21,0.22,27.00,2.27#0.56,-0.21,0.22,26.00,2.18#0.37,-0.25,0.22,27.00,2.27#0.56,-0.23,0.22,25.00,2.18#0.28,-0.27,0.22,26.00,2.27#0.37,-0.23,0.22,27.00,2.27#0.37,-0.27,0.22,26.00,2.27#TRH#19.66,55.10,19.69,57.10!","7:38:3, 41.3701515198, 1.9965834618, 147.3233947754, 0.2435"
2025-04-23 09:38:56,,"7:38:5, 41.3701515198, 1.9965848923, 147.4252929688, 0.2916"
2025-04-23 09:38:57,"MXD#50.51,5.50,202.89,169.52,0.00,759.49,112.06,411#50.59,5.50,171.29,163.71,0.00,716.78,105.01,411#50.91,5.51,185.24,166.28,0.00,776.64,105.22,411#50.81,5.51,194.46,167.30,0.00,731.48,96.46,411#50.68,5.50,196.24,163.44,0.00,727.78,109.81,411#50.89,5.50,196.92,170.32,0.00,776.91,100.93,411#50.81,5.50,198.18,168.49,0.00,753.85,113.01,412#50.89,5.50,199.80,166.79,0.00,714.36,106.08,412#51.24,5.51,201.57,181.39,0.00,748.26,107.86,412#50.99,5.50,201.93,160.91,0.00,767.24,112.82,412#TRH#20.23,51.39,20.25,51.59,20.25,51.70,20.28,52.62!","7:38:7, 41.3701515198, 1.9965860844, 147.2427978516, 0.3618"
2025-04-23 09:39:00,,"7:38:9, 41.3701515198, 1.9965867996, 147.1652069092, 0.4333"
2025-04-23 09:39:00,"MXA#0.01,29.57,13.78,38.23#0.01,29.68,13.80,38.02#0.01,29.45,13.75,38.44#0.01,29.68,13.82,38.64#0.01,29.64,13.79,38.60#0.01,29.57,13.74,38.38#0.01,29.58,13.74,38.21#0.01,29.46,13.75,38.34#TRH#26.55,49.02,26.55,49.17,26.66,48.28,26.45,49.02!","7:38:11, 41.3701515198, 1.9965883493, 146.9680023193, 0.3123"
2025-04-23 09:39:03,,"7:38:13, 41.3701515198, 1.9965891838, 146.9723052979, 0.2838"
2025-04-23 09:39:07,"MXD#50.75,5.51,203.98,161.62,0.00,736.20,115.14,412#50.67,5.50,172.51,177.56,0.00,769.06,110.37,412#50.52,5.50,184.64,162.50,0.00,730.25,107.86,412#50.50,5.50,193.68,155.40,0.00,763.35,108.19,412#50.62,5.50,195.12,163.66,0.00,742.96,112.67,412#50.31,5.50,195.57,164.32,0.00,765.16,101.69,508#50.41,5.50,196.02,165.33,0.00,703.32,103.07,508#50.18,5.50,197.26,160.75,0.00,756.66,116.47,508#50.06,5.50,197.49,164.21,0.00,747.75,111.12,508#50.08,5.50,198.18,159.88,0.00,719.94,101.28,508#TRH#20.27,51.94,20.27,52.12,20.27,52.40,20.30,53.30!","7:38:15, 41.3701515198, 1.9965902567, 146.9989013672, 0.2765"
2025-04-23 09:39:09,"MXA#0.01,29.61,13.80,37.93#0.01,29.31,13.75,37.22#0.01,29.24,13.69,37.07#0.01,29.51,13.76,37.10#0.01,29.16,13.69,36.77#0.01,29.25,13.71,36.35#0.01,29.16,13.72,36.32#0.01,29.49,13.73,36.02#TRH#26.52,48.96,26.56,49.08,26.72,48.15,26.47,48.96!","7:38:17, 41.3701515198, 1.9965907335, 147.1869964600, 0.3534"
2025-04-23 09:39:12,",2.27#0.37,-0.23,0.21,27.00,2.27#0.28,-0.27,0.22,27.00,2.27#0.47,-0.29,0.22,27.00,2.36#0.47,-0.29,0.22,26.00,2.27#0.47,-0.29,0.22,26.00,2.27#TRH#19.66,55.26,19.66,57.18!","7:38:19, 41.3701515198, 1.9965915680, 147.2449035645, 0.4716"
2025-04-23 09:39:15,,"7:38:21, 41.3701515198, 1.9965933561, 147.1291046143, 0.3069"
2025-04-23 09:39:16,"MXD#49.72,5.50,200.04,168.95,0.00,692.46,107.71,503#49.94,5.51,169.42,165.38,0.00,732.23,107.06,503#49.79,5.50,180.35,155.87,0.00,687.32,102.55,503#49.84,5.50,186.45,164.04,0.00,717.75,99.21,503#49.32,5.50,187.07,160.15,0.00,696.22,105.97,500#48.98,5.50,187.07,155.19,0.00,733.22,102.48,500#49.04,5.50,191.29,163.27,0.00,679.46,105.72,500#49.28,5.50,191.72,158.00,0.00,707.62,103.18,500#49.10,5.50,192.59,155.61,0.00,733.96,102.52,500#TRH#20.25,51.71,20.25,51.93,20.28,52.06,20.30,52.92!","7:38:23, 41.3701515198, 1.9965943098, 147.1329040527, 0.2426"
2025-04-23 09:39:19,,"7:38:25, 41.3701515198, 1.9965947866, 147.1757049561, 0.2771"
2025-04-23 09:39:22,"ECS#0.47,-0.25,0.22,26.00,2.18#0.28,-0.25,0.22,27.00,2.36#0.28,-0.31,0.22,27.00,2.18#0.18,-0.33,0.21,27.00,2.27#0.37,-0.23,0.22,27.00,2.18#0.18,-0.27,0.22,27.00,2.27#0.47,-0.25,0.22,26.00,2.27#0.28,-0.21,0.21,27.00,2.27#0.18,-0.27,0.22,27.00,2.18#0.08,-0.25,0.21,28.00,2.45#0.28,-0.29,0.22,27.00,2.36#0.47,-0.25,0.22,27.00,2.27#0.08,-0.31,0.21,28.00,2.36#0.47,-0.27,0.21,27.00,2.27#0.18,-0.29,0.22,26.00,2.27#TRH#19.69,54.84,19.70,56.95!","7:38:27, 41.3701515198, 1.9965958595, 147.1365051270, 0.2593"
2025-04-23 09:39:25,,"7:38:29, 41.3701515198, 1.9965969324, 147.2203063965, 0.2885"
2025-04-23 09:39:25,SPLRoff,"7:38:31, 41.3701515198, 1.9965974092, 147.1730041504, 0.3486"
2025-04-23 09:39:26,"MXD#49.00,5.50,194.79,155.61,0.00,681.07,100.66,508#48.90,5.50,165.80,152.02,0.00,708.10,104.34,508#48.99,5.50,177.16,157.35,0.00,720.43,102.72,508#48.84,5.50,182.66,162.11,0.00,695.51,103.56,508#48.68,5.50,183.25,159.18,0.00,711.94,97.08,508#48.57,5.49,184.24,155.56,0.00,671.68,101.89,508#48.66,5.50,185.84,148.61,0.00,667.38,102.10,508#48.74,5.50,186.25,159.93,0.00,678.77,103.32,508#48.53,5.50,187.27,148.76,0.00,712.67,105.47,508#48.48,5.50,187.07,157.09,0.00,659.74,103.70,508#TRH#20.28,52.17,20.25,52.49,20.23,52.80,20.33,53.81!","7:38:33, 41.3701515198, 1.9965986013, 147.0722045898, 0.2608"
2025-04-23 09:39:29,"MXA#0.01,29.20,13.72,34.85#0.01,29.21,13.68,34.56#0.01,29.15,13.62,34.28#0.01,29.00,13.64,34.17#0.01,28.88,.77,48.84,26.52,49.14!","7:38:35, 41.3701515198, 1.9965997934, 147.0025024414, 0.2762"
2025-04-23 09:39:31,"ECS#0.37,-0.23,0.22,28.00,2.27#0.28,-0.21,0.22,27.00,2.27#0.47,-0.23,0.22,27.00,2.36#0.28,-0.27,0.22,27.00,2.36#0.28,-0.19,0.22,28.00,2.18#0.47,-0.25,0.22,27.00,2.36#0.47,-0.25,0.22,27.00,2.36#0.18,-0.25,0.22,28.00,2.36#0.37,-0.29,0.21,27.00,2.36#0.47,-0.25,0.22,27.00,2.27#0.18,-0.31,0.22,26.00,2.18#0.37,-0.31,0.22,27.00,2.27#0.56,-0.31,0.22,27.00,2.27#0.56,-0.25,0.22,26.00,2.18#TRH#19.66,55.66,19.69,57.52!","7:38:37, 41.3701515198, 1.9966006279, 146.8224945068, 0.2448"
2025-04-23 09:39:34,,"7:38:39, 41.3701515198, 1.9966019392, 146.6735992432, 0.2268"
2025-04-23 09:39:36,"MXD#48.29,5.50,191.72,144.34,0.00,656.62,105.55,501#47.97,5.50,160.65,155.61,0.00,638.87,100.49,501#48.13,5.50,171.29,150.74,0.00,675.79,89.75,501#47.81,5.50,176.43,145.67,0.00,686.39,98.87,501#47.97,5.50,177.53,154.30,0.00,661.53,101.83,501#47.99,5.50,177.90,146.66,0.00,674.64,98.60,501#47.98,5.50,179.77,152.27,0.00,673.96,97.41,501#47.93,5.49,181.11,149.62,0.00,659.97,100.80,501#48.12,5.49,182.66,145.08,0.00,624.54,95.35,501#48.38,5.50,183.25,146.56,0.00,623.70,100.05,502#TRH#20.27,51.73,20.27,51.92,20.28,52.11,20.31,52.97!","7:38:41, 41.3701515198, 1.9966027737, 146.7270050049, 0.2884"
2025-04-23 09:39:39,"MXA#0.01,28.99,13.63,33.21#0.01,28.88,13.59,32.96#0.01,28.77,13.55,33.02#0.01,28.89,13.57,33.08#0.01,29.19,13.66,33.45#0.01,29.19,13.62,33.44#0.01,29.31,13.63,33.27#0.01,28.99,13.57,33.29#TRH#26.62,48.77,26.66,48.60,26.80,47.47,26.55,48.77!","7:38:43, 41.3701515198, 1.9966043234, 147.0453033447, 0.4590"
2025-04-23 09:39:41,"7,-0.25,0.22,27.00,2.27#0.47,-0.25,0.22,27.00,2.36#0.37,-0.29,0.22,26.00,2.27#0.37,-0.29,0.22,27.00,2.36#0.37,-0.25,0.22,26.00,2.18#TRH#19.66,54.28,19.67,56.56!","7:38:45, 41.3701553345, 1.9966086149, 146.8957061768, 0.4091"
2025-04-23 09:39:44,,"7:38:47, 41.3701515198, 1.9966082573, 146.9763031006, 0.3730"
2025-04-23 09:39:45,"MXD#48.55,5.50,184.04,148.91,0.00,659.74,94.20,502#48.64,5.50,159.15,146.91,0.00,634.99,98.54,502#48.59,5.49,169.76,144.98,0.00,659.29,96.46,502#48.76,5.50,176.61,147.16,0.00,607.45,99.00,498#48.70,5.50,177.16,144.44,0.00,668.51,96.95,498#48.86,5.49,179.59,153.00,0.00,697.16,97.28,498#49.02,5.50,181.11,149.06,0.00,648.01,109.33,498#48.92,5.49,182.86,149.41,0.00,673.28,97.91,498#49.00,5.49,185.44,141.54,0.00,643.42,98.90,498#TRH#20.31,50.69,20.28,50.81,20.30,50.63,20.33,51.45!","7:38:49, 41.3701515198, 1.9966086149, 146.9761962891, 0.4432"
2025-04-23 09:39:48,,"7:38:51, 41.3701515198, 1.9966098070, 146.9358978271, 0.3793"
2025-04-23 09:39:49,"MXA#0.01,29.26,13.64,33.83#0.01,29.62,13.66,34.11#0.01,29.58,13.66,34.10#0.01,29.74,13.65,34.18#0.01,29.73,13.66,34.48#0.01,29.49,13.60,34.23#0.01,29.51,13.64,34.27#0.01,29.86,13.60,34.18#TRH#26.64,48.55,26.66,48.19,26.81,47.13,26.58,48.55!","7:38:53, 41.3701515198, 1.9966111183, 146.8666992188, 0.3349"
2025-04-23 09:39:51,",-0.27,0.22,26.00,2.27#0.56,-0.23,0.22,26.00,2.27#0.37,-0.27,0.22,27.00,2.27#0.47,-0.31,0.22,26.00,2.36#0.37,-0.29,0.22,27.00,2.27#0.28,-0.19,0.22,26.00,2.18#0.37,-0.27,0.21,26.00,2.27#0.28,-0.31,0.21,27.00,2.27#0.37,-0.25,0.21,26.00,2.18#0.37,-0.27,0.21,26.00,2.27#0.37,-0.23,0.22,27.00,2.27#TRH#19.69,53.74,19.70,56.09!","7:38:55, 41.3701553345, 1.9966102839, 146.8282012939, 0.3653"
2025-04-23 09:39:54,,"7:38:57, 41.3701553345, 1.9966104031, 146.8367004395, 0.3315"
2025-04-23 09:39:55,"MXD#48.95,5.49,185.84,155.66,0.00,668.73,110.14,496#49.17,5.49,161.57,150.84,0.00,710.74,93.22,496#49.24,5.50,172.51,148.46,0.00,601.11,95.16,496#49.15,5.50,177.72,150.23,0.00,597.86,99.88,494#49.27,5.49,179.77,152.94,0.00,715.08,93.75,494#49.13,5.50,181.11,151.86,0.00,612.61,99.14,494#49.20,5.49,181.69,147.96,0.00,654.85,109.03,494#49.15,5.50,182.86,149.41,0.00,654.63,96.26,494#49.22,5.49,183.25,147.81,0.00,649.33,91.53,494#49.16,5.49,184.64,145.08,0.00,640.82,102.17,493#TRH#20.30,51.16,20.30,51.30,20.31,51.28,20.33,52.09!","7:38:59, 41.3701553345, 1.9966101646, 146.8674926758, 0.2573"
2025-04-23 09:39:58,,"7:38:1, 41.3701553345, 1.9966101646, 146.8829040527, 0.2636"
2025-04-23 09:39:58,"MXA#0.01,29.55,13.60,34.31#0.01,29.45,13.58,34.15#0.01,29.45,13.59,34.27#0.01,29.72,13.60,33.90#0.01,29.47,13.58,34.26#0.01,29.42,13.59,34.28#0.01,29.72,13.64,33.89#0.01,29.49,13.57,33.87#TRH#26.70,48.63,26.69,48.32,26.83,47.13,26.61,48.63!","7:39:3, 41.3701553345, 1.9966108799, 146.8616943359, 0.3109"
2025-04-23 09:40:01,"ECS#0.56,-0.27,0.22,27.00,2.36#0.37,-0.25,0.22,27.00,2.18#0.18,-0.25,0.21,28.00,2.18#0.28,-0.25,0.22,26.00,2.18#0.37,-0.25,0.22,28.00,2.36#0.47,-0.27,0.22,27.00,2.18#0.47,-0.23,0.21,27.00,2.27#0.47,-0.23,0.21,26.00,2.27#0.56,-0.23,0.22,26.00,2.27#0.28,-0.21,0.21,27.00,2.27#0.66,-0.27,0.22,26.00,2.27#0.37,-0.23,0.21,26.00,2.27#0.66,-0.29,0.21,27.00,2.27#0.56,-0.23,0.21,27.00,2.18#TRH#19.64,53.53,19.66,55.86!","7:39:5, 41.3701553345, 1.9966105223, 146.8101043701, 0.2642"
2025-04-23 09:40:04,,"7:39:7, 41.3701553345, 1.9966101646, 146.6620941162, 0.2492"
2025-04-23 09:40:05,"MXD#49.14,5.50,184.84,151.40,0.00,600.70,98.14,493#49.01,5.49,160.05,147.06,0.00,636.28,98.54,493#48.76,5.49,170.78,154.61,0.00,635.42,102.41,493#49.00,5.49,176.79,148.31,0.00,658.85,104.55,498#49.15,5.50,177.90,148.36,0.00,606.63,95.47,0.00,664.90,101.52,496#TRH#20.28,50.24,20.31,50.28,20.28,49.94,20.33,50.71!","7:39:9, 41.3701553345, 1.9966098070, 146.5426025391, 0.2363"
2025-04-23 09:40:08,,"7:39:11, 41.3701553345, 1.9966094494, 146.3984069824, 0.2419"
2025-04-23 09:40:09,"MXA#0.01,29.84,13.63,33.88#0.01,29.74,13.63,34.01#0.01,29.59,13.59,33.80#0.01,29.72,13.59,33.75#0.01,29.71,13.57,34.03#0.01,29.96,13.63,34.40#0.01,30.03,13.63,34.43#0.01,30.10,13.66,34.56#0.01,30.01,13.63,34.85#TRH#26.69,48.39,26.73,47.80,26.88,46.57,26.67,48.39!","7:39:13, 41.3701553345, 1.9966080189, 146.3683929443, 0.2344"
2025-04-23 09:40:12,"ECS#0.28,-0.25,0.21,26.00,2.27#0.47,-0.27,0.21,28.00,2.27#0.47,-0.29,0.22,26.00,2.36#0.56,-0.25,0.21,25.00,2.18#0.28,-0.31,0.21,26.00,2.27#0.47,-0.27,0.21,26.00,2.18#0.56,-0.29,0.21,27.00,2.18#0.56,-0.31,0.21,27.00,2.18#0.47,-0.31,0.21,26.00,2.27#0.56,-0.25,0.21,27.00,2.18#0.37,-0.27,0.21,27.00,2.27#0.28,-0.27,0.21,28.00,2.18#0.28,-0.29,0.22,27.00,2.27#0.08,-0.31,0.21,26.00,2.27#0.18,-0.25,0.21,26.00,2.18#0.56,-0.25,0.21,29.00,2.36#TRH#19.67,52.75,19.69,55.29!","7:39:15, 41.3701553345, 1.9966070652, 146.0946960449, 0.2618"
2025-04-23 09:40:15,,"7:39:17, 41.3701553345, 1.9966077805, 145.8674926758, 0.3256"
2025-04-23 09:40:15,"MXD#49.42,5.49,187.27,149.26,0.00,659.52,101.14,496#49.56,5.49,163.58,152.74,0.00,633.70,92.71,496#49.55,5.49,174.62,158.69,0.00,642.55,107.16,496#49.76,5.49,181.69,150.28,0.00,620.33,105.44,496#49.60,5.49,182.27,159.01,0.00,635.42,102.31,496#49.92,56,109.10,495#TRH#20.30,50.30,20.30,50.48,20.30,50.27,20.36,51.16!","7:39:19, 41.3701553345, 1.9966076612, 145.6443023682, 0.5409"
2025-04-23 09:40:18,,"7:39:21, 41.3701553345, 1.9966078997, 145.5603027344, 0.7351"
2025-04-23 09:40:19,"MXA#0.01,30.11,13.66,35.01#0.01,29.98,13.66,35.13#0.01,29.70,13.60,35.12#0.01,29.68,13.56,35.15#0.01,29.84,13.64,35.69#0.01,29.84,13.65,35.52#0.01,29.59,13.56,35.37#0.01,29.65,13.60,35.44#TRH#26.73,48.43,26.77,47.97,26.91,46.75,26.67,48.43!","7:39:23, 41.3701553345, 1.9966086149, 145.3600006104, 0.4460"
2025-04-23 09:40:24,"ECS#0.66,-0.21,0.22,26.00,2.27#0.66,-0.19,0.21,25.00,2.18#0.56,-0.25,0.21,26.00,2.27#0.37,-0.23,0.22,26.00,2.27#0.37,-0.21,0.21,26.00,2.18#0.66,-0.23,0.21,26.00,2.27#0.76,-0.31,0.21,26.00,2.18#0.47,-0.29,0.22,26.00,2.27#0.37,-0.25,0.21,27.00,2.18#0.5","7:39:25, 41.3701553345, 1.9966094494, 145.4122009277, 0.3820"
2025-04-23 09:40:25,"MXD#50.16,5.49,196.47,148.91,0.00,668.51,99.21,490#50.41,5.49,166.45,148.96,0.00,654.63,104.27,490#50.30,5.49,177.72,156.61,0.00,646.70,106.22,490#50.34,5.49,185.04,150.43,0.00,677.85,103.70,490#50.28,5.49,18507.42,492#50.31,5.49,195.46,164.82,0.00,669.41,106.41,492#TRH#20.30,50.90,20.33,51.18,20.33,51.12,20.36,52.21!","7:39:27, 41.3701553345, 1.9966100454, 145.3497924805, 0.6193"
2025-04-23 09:40:28,,"7:39:29, 41.3701553345, 1.9966108799, 145.3690032959, 1.1161"
2025-04-23 09:40:29,"MXA#0.01,29.58,13.57,35.65#0.01,29.63,13.58,35.65#0.01,29.60,13.59,35.70#0.01,29.67,13.55,35.76#0.01,29.63,13.56,35.54#0.01,29.53,13.57,35.73#0.01,29.44,13.53,35.34#0.01,29.51,13.55,35.27#TRH#26.77,48.75,26.77,48.62,26.91,47.55,26.69,48.75!","7:39:31, 41.3701553345, 1.9966131449, 145.2689056396, 1.3584"
2025-04-23 09:40:34,"ECS#0.56,-0.21,0.22,27.00,2.27#0.56,-0.25,0.21,26.00,2.27#0.47,-0.31,0.21,26.00,2.18#0.56,-0.25,0.21,28.00,2.36#0.56,-0.25,0.21,26.00,2.27#0.47,-0.21,0.21,27.00,2.27#0.28,-0.25,0.22,27.00,2.27#0.28,-0.25,0.22,27.00,2.27#0.56,-0.23,0.21,27.00,2.27#0.4","7:39:33, 41.3701591492, 1.9966177940, 144.7088928223, 1.5683"
2025-04-23 09:40:36,"MXD#50.42,5.49,197.15,155.71,0.00,708.10,93.53,494#50.21,5.49,166.29,160.47,0.00,682.22,92.12,494#50.18,5.49,177.16,154.72,0.00,648.23,98.24,494#50.06,5.49,182.66,154.51,0.00,637.79,99.21,494#50.18,5.49,183.64,151.81,0.00,688.72,106.98,494#50.02,5.49,185.44,155.40,0.00,663.77,99.11,494#50.02,5.49,186.25,156.66,0.00,656.18,103.95,491#50.06,5.49,191.19,152.84,0.00,582.88,103.25,491#50.10,5.49,192.05,153.15,0.00,621.17,101.21,491#49.94,5.49,194.01,145.62,0.00,670.32,100.86,491#TRH#20.34,50.94,20.31,51.16,20.34,51.00,20.36,51.83!","7:39:35, 41.3701591492, 1.9966191053, 144.7490997314, 0.8949"
2025-04-23 09:40:41,"MXA#0.01,29.45,13.61,34.92#0.01,29.57,13.54,34.52#0.01,29.49,13.53,34.61#0.01,29.73,13.57,34.87#0.01,29.48,13.52,34.64#0.01,29.53,13.55,34.43#0.01,29.91,13.56,34.55#0.01,29.51,13ECS#0.37,-0.25,0.21,26.00,2.27#0.56,-0.29,0.21,26.00,2.27#0.56,-0.29,0.21,26.00,2.27#0.56,-0.19,0.21,26.00,2.27#0.47,-0.23,0.21,27.00,2.27#0.66,-0.21,0.21,28.00,2.36#0.47,-0.19,0.21,26.00,2.27#0.56,-0.19,0.21,26.00,2.27#0.56,-0.23,0.21,27.00,2.27#0.56,-0.27,0.21,27.00,2.27#0.37,-0.23,0.21,26.00,2.27#0.37,-0.21,0.22,26.00,2.27#0.66,-0.21,0.21,26.00,2.27#0.56,-0.27,0.21,27.00,2.27#TRH#19.69,53.42,19.70,55.85!","7:39:37, 41.3701591492, 1.9966192245, 144.8567962646, 0.6453"
2025-04-23 09:40:44,,"7:39:39, 41.3701591492, 1.9966193438, 144.8063049316, 0.5874"
2025-04-23 09:40:45,"MXD#50.09,5.49,194.34,156.72,0.00,636.92,104.51,496#50.34,5.49,165.64,154.87,0.00,648.01,103.77,496#50.45,5.49,176.79,152.22,0.00,598.67,111.72,496#50.25,5.49,182.86,153.78,0.00,656.62,96.03,496#50.21,5.48,185.04,156.19,0.00,688.02,106.62,496#50.16,5.49,185.84,156.29,0.00,695.51,97.97,500#50.48,5.48,190.87,158.42,0.00,634.34,100.90,500#50.55,5.49,192.81,151.86,0.00,653.74,99.31,500#50.62,5.49,193.24,156.98,0.00,597.05,104.97,500#TRH#20.33,50.58,20.33,50.69,20.33,50.52,20.33,51.35!","7:39:41, 41.3701591492, 1.9966192245, 144.7230987549, 0.5266"
2025-04-23 09:40:48,,"7:39:43, 41.3701591492, 1.9966193438, 144.4747924805, 0.5355"
2025-04-23 09:40:48,"MXA#0.01,29.77,13.59,34.92#0.01,29.56,13.60,34.91#0.01,29.62,13.54,34.65#0.01,29.61,13.62,35.19#0.01,29.70,13.61,35.09#0.01,29.82,13.55,34.82#0.01,29.55,13.54,34.88#0.01,29.89,13.61,35.27#TRH#26.83,48.51,26.84,48.81,26.97,48.54,26.72,48.51!","7:39:45, 41.3701629639, 1.9966200590, 144.2624969482, 0.4924"
2025-04-23 09:40:51,"ECS#0.56,-0.35,0.22,26.00,2.18#0.85,-0.27,0.22,26.00,2.18#0.37,-0.25,0.21,27.00,2.27#0.47,-0.23,0.21,26.00,2.27#0.56,-0.23,0.21,27.00,2.27#0.37,-0.23,0.21,27.00,2.27#0.47,-0.25,0.21,27.00,2.27#0.56,-0.25,0.22,26.00,2.18#0.47,-0.21,0.21,26.00,2.18#0.37,-0.27,0.21,28.00,2.36#0.28,-0.14,0.21,27.00,2.36#0.47,-0.23,0.21,28.00,2.36#0.56,-0.23,0.21,27.00,2.36#0.47,-0.19,0.21,26.00,2.27#TRH#19.72,56.17,19.69,57.90!","7:39:47, 41.3701667786, 1.9965956211, 149.7057952881, 0.0141"
2025-04-23 09:40:54,,"7:39:49, 41.3701667786, 1.9965956211, 149.7378997803, 0.0141"
2025-04-23 09:40:55,".53,497#48.41,5.49,162.18,138.27,0.00,568.65,73.90,497#48.48,5.49,164.21,145.37,0.00,526.78,74.25,494#48.43,5.49,166.94,144.44,0.00,546.76,71.20,494#48.51,5.48,169.26,144.44,0.00,513.40,75.21,494#48.62,5.49,170.27,152.94,0.00,548.43,76.99,494#TRH#20.34,58.75,20.33,59.92,20.34,62.29,20.39,64.09!","7:39:51, 41.3701667786, 1.9965956211, 149.6961975098, 0.0164"
2025-04-23 09:40:58,,"7:39:53, 41.3701667786, 1.9965956211, 149.7178039551, 0.0141"
2025-04-23 09:40:58,"MXA#0.01,27.86,12.62,32.08#0.01,27.91,12.57,30.53#0.01,28.00,12.64,30.43#0.01,27.89,12.73,30.91#0.01,27.76,12.77,31.59#0.01,27.97,12.89,32.37#0.01,27.66,12.86,32.83#0.01,27.75,12.96,33.47#TRH#26.84,51.07,26.84,54.12,27.03,53.95,26.80,51.07!","7:39:55, 41.3701667786, 1.9965957403, 149.7205963135, 0.0141"
2025-04-23 09:41:01,"ECS#0.37,-0.14,0.22,29.00,2.36#0.37,-0.14,0.22,28.00,2.36#0.66,-0.19,0.22,28.00,2.36#0.47,-0.14,0.22,27.00,2.36#0.37,-0.12,0.22,27.00,2.27#0.56,-0.19,0.22,27.00,2.27#0.37,-0.19,0.23,27.00,2.36#0.56,-0.14,0.22,27.00,2.27#0.56,-0.14,0.22,28.00,2.36#0.47,-0.10,0.23,28.00,2.27#0.56,-0.14,0.24,28.00,2.36#0.76,-0.12,0.24,28.00,2.36#0.47,-0.14,0.23,27.00,2.27#0.56,-0.21,0.23,27.00,2.27#0.47,-0.21,0.23,27.00,2.27#TRH#19.70,62.32,19.67,62.66!","7:39:57, 41.3701667786, 1.9965957403, 149.6967010498, 0.0141"
2025-04-23 09:41:04,,"7:39:59, 41.3701667786, 1.9965957403, 149.6959991455, 0.0141"
2025-04-23 09:41:05,"MXD#48.75,5.47,170.78,153.57,0.00,611.37,82.80,790#48.79,5.48,146.58,141.83,0.00,594.23,84.79,790#49.04,5.48,156.24,150.84,0.00,620.54,85.71,790#49.04,5.49,161.57,142.69,0.00,645.39,95.55,790#49.37,5.48,163.42,150.94,0.00,587.03,98.10,790#49.54,5.49,165.32,150.79,0.00,578.75,91.50,790#49.73,5.49,169.26,150.84,0.00,603.35,92.43,817#49.77,5.48,171.64,153.41,0.00,632.84,87.92,817#49.75,5.48,174.27,150.99,0.00,620.12,86.38,817#49.89,5.48,177.53,161.02,0.00,625.39,89.14,817#TRH#20.33,52.61,20.31,52.53,20.34,52.93,20.38,53.14!","7:39:1, 41.3701667786, 1.9965957403, 149.6968994141, 0.0141"
2025-04-23 09:41:08,,"7:40:3, 41.3701667786, 1.9965957403, 149.6994934082, 0.0143"
2025-04-23 09:41:10,"ECS#0.47,-0.21,0.23,28.00,2.36#0.56,-0.21,0.24,28.00,2.27#0.28,-0.21,0.23,26.00,2.27#0.47,-0.27,0.24,26.00,2.27#0.56,-0.25,0.23,27.00,2.27#0.28,-0.27,0.23,26.00,2.27#0.37,-0.23,0.23,27.00,2.27#0.47,-0.29,0.24,27.00,2.27#0.56,-0.21,0.23,26.00,2.18#0.37,-0.37,0.23,27.00,2.27#0.37,-0.23,0.23,27.00,2.27#0.56,-0.29,0.23,26.00,2.18#0.56,-0.31,0.23,27.00,2.27#0.47,-0.27,0.23,27.00,2.27#TRH#19.70,55.05,19.72,57.55!","7:40:5, 41.3701667786, 1.9965957403, 149.6974945068, 0.0141"
2025-04-23 09:41:13,,"7:40:7, 41.3701667786, 1.9965956211, 149.7144927979, 0.0144"
2025-04-23 09:41:14,"48,182.47,158.75,0.00,659.07,93.98,918#51.20,5.48,184.64,164.16,0.00,599.08,100.59,918#51.38,5.48,186.45,158.91,0.00,641.03,97.51,918#51.35,5.48,191.62,162.17,0.00,630.06,109.99,918#TRH#20.38,50.07,20.34,50.05,20.34,49.75,20.42,50.42!","7:40:9, 41.3701667786, 1.9965960979, 149.5606994629, 0.0655"
2025-04-23 09:41:17,,"7:40:11, 41.3701705933, 1.9965966940, 149.1882019043, 0.1098"
2025-04-23 09:41:18,"MXA#0.01,29.85,13.38,36.58#0.01,29.66,13.36,36.31#0.01,29.67,13.34,36.49#0.01,29.86,13.40,36.60#0.01,29.89,13.36,36.68#0.01,30.01,13.39,36.69#0.01,29.93,13.44,37.30#0.01,30.02,13.50,37.25#TRH#26.91,48.15,26.89,47.40,27.06,46.07,26.81,48.15!","7:40:13, 41.3701744080, 1.9965993166, 148.5895996094, 0.1252"
2025-04-23 09:41:20,"ECS#0.37,-0.27,0.23,26.00,2.27#0.47,-0.23,0.23,26.00,2.27#0.66,-0.25,0.23,27.00,2.27#0.56,-0.25,0.22,27.00,2.27#0.28,-0.27,0.22,26.00,2.18#0.47,-0.25,0.22,26.00,2.18#0.47,-0.29,0.23,27.00,2.27#0.56,-0.25,0.22,27.00,2.18#0.47,-0.27,0.22,27.00,2.36#0.66,-0.23,0.23,26.00,2.18#0.47,-0.27,0.22,26.00,2.27#0.47,-0.25,0.22,26.00,2.18#0.47,-0.27,0.22,26.00,2.27#0.28,-0.27,0.22,27.00,2.36#0.37,-0.27,0.22,27.00,2.27#TRH#19.70,52.92,19.69,55.63!","7:40:15, 41.3701744080, 1.9965995550, 148.5316009521, 0.1845"
2025-04-23 09:41:23,,"7:40:17, 41.3701744080, 1.9965991974, 148.5554046631, 0.0928"
2025-04-23 09:41:28,"MXD#51.72,5.49,193.79,161.02,0.00,646.92,102.90,920#51.49,5.49,167.43,171.60,0.00,655.29,111.08,920#51.48,5.49,179.77,166.22,0.00,697.40,103.95,920#51.78,5.49,185.24,156.03,0.00,688.72,94.81,920#51.58,5.48,191.19,166.90,0.00,663.10,112.44,923#51.64,5.49,193.02,160.75,0.00,703.56,101.52,923#51.52,5.49,194.23,161.07,0.00,647.14,103.77,923#51.60,5.48,195.23,168.03,0.00,690.12,103.46,923#51.64,5.48,196.70,161.35,0.00,673.50,103.04,923#51.91,5.49,199.69,170.15,0.00,729.75,114.28,923#52.11,5.48,199.34,173.35,0.00,679.23,101.65,922#TRH#20.33,49.82,20.34","7:40:19, 41.3701744080, 1.9965984821, 148.7032928467, 0.1900"
2025-04-23 09:41:29,"MXA#0.01,30.33,13.51,37.17#0.01,30.13,13.48,37.25#0.01,30.01,13.45,37.49#0.01,30.11,13.50,37.27#0.01,30.10,13.47,37.21#0.01,30.34,13.52,37.69#0.01,30.43,13.55,37.66#0.01,30.33,13.48,37.29#0.01,30.15,13.51,37.52#TRH#26.94,48.12,26.92,47.32,27.08,45.98,26.86,48.12!","7:40:21, 41.3701744080, 1.9965996742, 148.5747985840, 0.2058"
2025-04-23 09:41:31,"ECS#0.47,-0.23,0.22,28.00,2.36#0.28,-0.27,0.22,26.00,2.27#0.56,-0.25,0.22,26.00,2.27#0.47,-0.27,0.22,26.00,2.27#0.18,-0.27,0.22,26.00,2.27#0.28,-0.25,0.22,26.00,2.27#0.08,-0.21,0.21,26.00,2.18#0.56,-0.21,0.22,26.00,2.18#0.56,-0.21,0.22,26.00,2.27#0.37,-0.21,0.22,26.00,2.18#0.37,-0.27,0.22,26.00,2.18#0.18,-0.23,0.21,27.00,2.27#0.28,-0.25,0.21,26.00,2.27#0.28,-0.23,0.22,27.00,2.27#0.47,-0.25,0.21,27.00,2.18#0.47,-0.25,0.22,26.00,2.27#TRH#19.70,52.29,19.67,55.00!","7:40:23, 41.3701744080, 1.9965991974, 148.6233062744, 0.1527"
2025-04-23 09:41:34,,"7:40:25, 41.3701744080, 1.9965989590, 148.6051025391, 0.1410"
2025-04-23 09:41:35,"MXD#52.27,5.48,201.22,170.04,0.00,704.51,105.65,922#52.28,5.49,172.33,166.39,0.00,714.36,98.44,922#52.15,5.49,184.64,161.29,0.00,653.08,105.30,922#52.33,5.49,194.01,166.79,0.00,736.95,111.12,921#52.27,5.49,195.46,163.88,0.00,673.05,106.12,921#52.41,5.49,197.49,166.45,0.00,711.94,114.44,921#52.39,5.48,198.87,168.95,0.00,654.18,118.90,921#52.43,5.49,200.04,173.29,0.00,689.18,103.07,921#52.43,5.49,202.29,169.35,0.00,691.05,105.44,916#52.43,5.49,202.29,169.86,0.00,639.73,108.66,916#TRH#20.39,49.82,20.38,49.89,20.33,49.51,20.41,50.46!","7:40:27, 41.3701744080, 1.9965983629, 148.6282043457, 0.1561"
2025-04-23 09:41:38,,"7:40:29, 41.3701744080, 1.9965982437, 148.6089935303, 0.1327"
2025-04-23 09:41:38,"MXA#0.01,30.41,13.53,37.38#0.01,30.43,13.53,37.52#0.01,30.26,13.52,37.64#0.01,30.40,13.58,38.09#0.01,30.46,13.58,37.94#0.01,30.20,13.55,37.53#0.01,39.58,13.56,37.61#0.01,30.07,13.57,37.66#TRH#26.94,48.17,26.95,47.44,27.11,46.16,26.88,48.17!","7:40:31, 41.3701744080, 1.9965983629, 148.6351928711, 0.1868"
2025-04-23 09:41:41,,"7:40:33, 41.3701744080, 1.9965983629, 148.7182006836, 0.1898"
2025-04-23 09:41:45,"MXD#52.46,5.49,203.01,173.47,0.00,668.28,101.72,916#52.32,5.49,173.74,180.84,0.00,728.27,107.35,916#52.31,5.48,185.44,177.08,0.00,671.68,108.37,916#52.46,5.48,195.01,184.61,0.00,685.23,108.08,901#52.69,5.49,197.04,169.81,0.00,649.77,107.89,901#52.32,5.48,198.18,163.71,0.00,683.84,100.22,901#52.71,5.48,200.04,162.44,0.00,704.27,109.55,901#52.49,5.49,200.63,163.54,0.00,689.18,110.82,901#52.56,5.49,202.41,173.76,0.00,695.75,104.27,899#52.67,5.49,203.62,165.83,0.00,679.69,104.73,899#TRH#20.38,49.95,20.36,50.08,20.39,49.65,20.42,50.41!","7:40:35, 41.3701744080, 1.9965976477, 148.7335968018, 0.1844"
2025-04-23 09:41:48,"1,48.08!","7:40:37, 41.3701744080, 1.9965969324, 148.5776062012, 0.1492"
