2025-04-23 11:05:09,"ECS#-0.49,-0.31,0.15,25.00,2.18#-0.40,-0.31,0.15,26.00,2.18#-0.30,-0.31,0.16,26.00,2.09#-0.30,-0.33,0.16,28.00,2.27#-0.49,-0.29,0.16,26.00,2.18#-0.40,-0.29,0.16,25.00,2.18#-0.40,-0.29,0.16,27.00,2.27#-0.49,-0.31,0.15,26.00,2.27#-0.40,-0.27,0.15,26.00,2.18#-0.59,-0.33,0.15,26.00,2.18#-0.40,-0.31,0.16,26.00,2.27#-0.40,-0.25,0.16,26.00,2.18#-0.59,-0.31,0.16,26.00,2.18#-0.40,-0.29,0.15,26.00,2.27#TRH#23.98,42.42,23.03,48.44!","9:5:7, 41.3705940247, 1.9958685637, 144.9980010986, 0.0449"
2025-04-23 11:05:12,,"9:5:9, 41.3705940247, 1.9958685637, 144.9817962646, 0.0438"
2025-04-23 11:05:14,"MXD#50.23,5.59,196.92,179.25,0.00,824.31,116.39,451#50.21,5.58,163.89,173.53,0.00,745.23,119.10,451#50.13,5.58,179.02,178.95,0.00,810.21,113.51,451#50.06,5.58,185.84,182.38,0.00,786.96,125.98,451#50.33,5.58,191.08,174.76,0.00,735.95,120.68,451#50.21,5.58,192.05,171.83,0.00,768.28,116.63,451#50.35,5.58,193.68,181.58,0.00,829.07,118.42,451#50.22,5.58,195.12,178.65,0.00,798.77,114.13,451#50.33,5.58,195.01,175.71,0.00,836.96,116.27,451#50.20,5.58,197.61,172.12,0.00,755.90,120.11,451#TRH#750.98,128.00,23.50,44.01,23.50,42.71,23.53,43.37!","9:5:11, 41.3705940247, 1.9958686829, 144.9855957031, 0.0434"
2025-04-23 11:05:17,,"9:5:13, 41.3705940247, 1.9958691597, 144.9082031250, 0.0621"
2025-04-23 11:05:17,"MXA#0.04,30.15,14.01,44.19#0.04,30.05,14.00,44.31#0.04,29.98,13.96,44.20#0.04,30.04,14.00,44.14#0.04,30.08,14.02,44.30#0.04,29.84,13.98,44.65#0.04,29.82,13.97,45.01#0.04,29.86,13.95,44.22#TRH#28.28,48.28,28.33,46.14,28.39,44.25,28.19,48.28!","9:5:15, 41.3705940247, 1.9958689213, 145.0355072021, 0.0574"
2025-04-23 11:05:19,"ECS#-0.59,-0.27,0.16,27.00,2.36#-0.59,-0.31,0.15,26.00,2.27#-0.59,-0.25,0.16,26.00,2.18#-0.59,-0.27,0.15,26.00,2.18#-0.49,-0.31,0.16,26.00,2.18#-0.49,-0.25,0.16,26.00,2.27#-0.49,-0.29,0.15,27.00,2.27#-0.59,-0.31,0.15,25.00,2.27#-0.49,-0.33,0.16,27.00,2.27#-0.49,-0.27,0.16,26.00,2.18#-0.40,-0.37,0.16,26.00,2.18#-0.49,-0.37,0.15,27.00,2.27#-0.49,-0.31,0.16,26.00,2.18#-0.49,-0.33,0.16,25.00,2.18#-0.49,-0.33,0.16,25.00,2.18#TRH#23.98,41.91,23.08,48.10!","9:5:17, 41.3705940247, 1.9958696365, 144.9949035645, 0.0493"
2025-04-23 11:05:22,,"9:5:19, 41.3705940247, 1.9958695173, 144.9929046631, 0.0628"
2025-04-23 11:05:24,"MXD#50.21,5.57,196.92,184.61,0.00,758.97,120.89,453#50.16,5.58,164.05,177.99,0.00,827.95,117.86,453#50.40,5.58,179.96,181.15,0.00,772.19,124.58,453#50.46,5.57,186.05,171.83,0.00,814.33,115.80,453#50.51,5.58,186.86,181.45,0.00,864.31,125.05,453#50.45,5.58,194.68,185.24,0.00,714.84,113.70,452#50.20,5.57,193.79,183.99,0.00,787.23,117.78,452#50.24,5.57,195.90,181.39,0.00,701.42,116.98,452#50.24,5.56,197.38,180.90,0.00,788.56,119.30,452#50.27,5.57,198.41,180.53,0.00,732.23,136.50,452#TRH#750.98,128.00,23.52,43.70,23.55,42.37,23.53,42.95!","9:5:21, 41.3705940247, 1.9958696365, 144.9971923828, 0.0604"
2025-04-23 11:05:27,,"9:5:23, 41.3705940247, 1.9958696365, 144.9454040527, 0.0622"
2025-04-23 11:06:41,"MXA#0.04,30.20,13.43,44.64#0.04,30.06,13.43,44.56#0.04,30.11,13.48,44.66#0.04,30.11,13.49,44.57#0.04,30.40,13.59,45.08#0.04,30.42,13.58,44.59#0.04,30.42,13.62,44.95#0.04,30.11,13.57,44.41#0.04,30.07,13.57,44.49#0.04,30.35,13.66,44.98#0.04,30.41,13.66,44.47#0.04,30.17,13.61,44.06#0.04,30.11,13.66,44.22#0.04,30.26,13.75,44.64#0.04,30.32,13.74,44.76#TRH#28.62,47.76,28.64,45.40,28.75,43.52,28.52,47.76!","9:5:25, 41.3705940247, 1.9958689213, 144.9709014893, 0.0962"
2025-04-23 11:06:44,,"9:5:27, 41.3705940247, 1.9958699942, 144.9660034180, 0.0602"
2025-04-23 11:06:45,"ECS#23.67,22.98,41.93,25.00,2.18#23.67,22.98,41.93,25.00,2.18#23.67,22.98,41.93,25.00,2.18#23.67,22.98,41.93,26.00,2.27#23.67,22.98,41.93,26.00,2.18#23.67,22.98,41.93,26.00,2.18#23.67,22.98,41.93,26.00,2.18#TRH#23.67,41.99,23.02,47.57!","9:5:29, 41.3705940247, 1.9958699942, 144.9893951416, 0.0568"
2025-04-23 11:06:48,,"9:5:31, 41.3705940247, 1.9958696365, 145.0122985840, 0.0522"
2025-04-23 11:06:50,"MXD#45.93,7.19,163.74,159.18,0.00,786.70,121.21,416#45.96,7.19,143.86,159.18,0.00,722.87,128.65,416#45.95,7.18,159.45,159.82,0.00,725.08,124.33,461#46.21,7.16,166.61,158.91,0.00,711.22,114.17,461#46.19,7.15,170.27,159.55,0.00,708.58,108.62,461#46.22,7.14,173.38,163.44,0.00,770.10,105.76,461#46.46,7.13,176.25,159.77,0.00,737.45,111.31,461#46.78,7.12,179.40,165.49,0.00,733.22,130.28,436#46.82,7.11,180.73,178.17,0.00,690.59,107.60,436#46.97,7.09,183.84,162.55,0.00,738.45,120.52,436#47.23,7.08,185.24,160.53,0.00,696.22,115.29,436#47.34,7.07,186.25,161.40,0.00,738.45,123.95,436#47.29,7.06,187.07,160.31,0.00,742.46,117.06,424#47.47,7.05,192.92,163.82,0.00,725.57,118.22,424#47.38,7.04,193.13,162.44,0.00,728.77,123.12,424#47.67,7.03,194.34,167.75,0.00,709.30,109.81,424#47.65,7.02,195.57,164.82,0.00,681.76,116.78,424#47.88,7.01,197.04,160.85,0.00,731.24,119.83,424#48.03,7.00,197.15,167.52,0.00,674.87,115.17,403#48.07,6.99,197.72,164.04,0.00,707.62,129.84,403#48.15,6.98,199.45,160.85,0.00,742.96,110.82,403#48.34,6.96,200.04,161.07,0.00,736.95,111.27,403#48.22,6.96,200.86,175.95,0.00,739.95,117.82,403#48.35,6.96,200.98,161.73,0.00,720.18,117.02,403#48.33,6.94,199.69,163.44,0.00,746.24,125.13,416#48.27,6.93,202.05,171.89,0.00,765.94,121.95,416#48.45,6.92,202.05,161.62,0.00,724.10,117.50,416#48.64,6.92,203.38,169.75,0.00,790.43,121.13,416#48.58,6.90,203.13,168.78,0.00,722.63,134.99,416#48.67,6.89,203.74,163.27,0.00,746.24,118.26,415#48.72,6.89,203.98,166.34,0.00,737.95,140.49,415#TRH#750.98,128.00,23.64,43.19,23.62,41.80,23.62,42.39!","9:5:33, 41.3705940247, 1.9958696365, 145.0032043457, 0.0497"
2025-04-23 11:06:53,"MXA#0.04,29.98,13.70,44.60#0.04,30.23,13.78,44.57#0.04,30.28,13.77,44.19#0.04,30.34,13.80,44.07#0.04,29.99,13.74,44.08#0.04,30.05,13.74,44.46#0.04,29.94,13.76,44.71#0.04,30.00,13.78,44.51#0.04,30.07,13.87,44.86#0.04,30.28,13.82,44.50#TRH#28.67,47.74,28.70,45.45,28.75,43.54,28.55,47.74!","9:5:35, 41.3705940247, 1.9958695173, 145.0218963623, 0.0630"
2025-04-23 11:06:56,,"9:5:37, 41.3705940247, 1.9958696365, 144.9707031250, 0.0443"
2025-04-23 11:06:56,"ECS#23.67,23.02,41.99,25.00,2.18#23.67,23.02,41.99,26.00,2.18#23.67,23.02,41.99,26.00,2.18#23.67,23.02,41.99,26.00,2.18#TRH#23.80,42.17,23.16,47.70!","9:5:39, 41.3705940247, 1.9958695173, 145.0301055908, 0.0444"
2025-04-23 11:06:59,,"9:5:41, 41.3705940247, 1.9958698750, 144.9658050537, 0.0498"
2025-04-23 11:07:00,"MXD#49.15,6.85,203.38,167.07,0.00,728.52,116.35,415#48.89,6.85,166.61,169.86,0.00,768.54,107.78,418#49.08,6.84,181.88,160.20,0.00,758.46,112.59,418#49.13,6.84,198.53,163.27,0.00,731.73,125.77,418#49.14,6.83,199.80,178.59,0.00,746.24,116.08,418#49.21,6.82,200.86,170.67,0.00,809.38,114.75,418#49.58,6.82,200.51,167.35,0.00,754.62,119.06,418#49.40,6.81,201.57,168.09,0.00,712.91,116.27,423#49.38,6.80,202.41,164.71,0.00,726.80,117.18,423#49.60,6.79,202.41,181.33,0.00,770.10,133.44,423#49.61,6.78,202.77,167.92,0.00,720.67,124.75,423#TRH#750.98,128.00,23.66,43.36,23.66,42.01,23.66,42.71!","9:5:43, 41.3705940247, 1.9958698750, 144.9987030029, 0.0522"
2025-04-23 11:07:03,,"9:5:45, 41.3705940247, 1.9958697557, 145.0458068848, 0.0556"
2025-04-23 11:07:03,"MXA#0.04,30.05,13.87,44.50#0.04,30.14,13.87,44.75#0.04,30.27,13.84,44.47#0.04,30.20,13.78,43.92#0.04,29.94,13.81,44.06#0.04,30.01,13.85,44.03#0.04,30.27,13.90,44.26#0.04,29.98,13.91,44.72#0.04,30.19,13.88,44.12#TRH#28.70,47.82,28.77,45.64,28.86,43.85,28.61,47.82!","9:5:47, 41.3705940247, 1.9958693981, 145.0901031494, 0.0553"
2025-04-23 11:07:06,".18#-8.86,-0.70,-0.13,26.00,2.27#-7.52,-0.64,-0.11,26.00,2.18#-7.04,-0.60,-0.10,26.00,2.27#-6.36,-0.54,-0.10,27.00,2.27#-5.78,-0.58,-0.09,26.00,2.27#TRH#24.05,41.96,23.20,47.79!","9:5:49, 41.3705940247, 1.9958696365, 145.0921936035, 0.0621"
2025-04-23 11:07:09,,"9:5:51, 41.3705940247, 1.9958697557, 145.0475006104, 0.0535"
2025-04-23 11:07:10,"MXD#49.45,6.75,203.50,176.49,0.00,810.48,115.80,426#49.75,6.74,168.59,162.44,0.00,749.27,123.20,426#49.52,6.75,184.44,164.49,0.00,728.27,122.37,426#49.65,6.74,195.46,162.72,0.00,756.15,132.99,426#49.65,6.73,195.68,172.35,0.00,751.56,114.20,426#49.60,6.72,196.92,167.81,0.00,769.32,116.59,426#49.37,6.71,197.84,174.47,0.00,766.98,121.38,426#49.64,6.71,199.80,171.02,0.00,702.37,118.46,426#49.58,6.70,200.27,179.80,0.00,768.28,110.03,426#49.72,6.69,200.86,169.46,0.00,722.87,122.37,426#TRH#750.98,128.00,23.66,43.69,23.69,42.50,23.67,43.15!","9:5:53, 41.3705940247, 1.9958695173, 144.9951019287, 0.0516"
2025-04-23 11:07:13,,"9:5:55, 41.3705940247, 1.9958695173, 144.9893035889, 0.0552"
2025-04-23 11:07:13,"MXA#0.04,29.92,13.83,44.51#0.04,30.24,13.92,44.42#0.04,30.07,13.88,44.09#0.04,29.85,13.84,43.93#0.04,29.76,13.84,44.17#0.04,30.08,13.93,44.59#0.04,30.11,13.90,44.15#0.04,30.05,13.89,44.34#TRH#28.70,47.88,28.73,45.70,28.86,43.89,28.69,47.88!","9:5:57, 41.3705940247, 1.9958693981, 144.8858947754, 0.0594"
2025-04-23 11:07:16,"ECS#-4.63,-0.39,-0.07,26.00,2.18#-4.15,-0.48,-0.06,25.00,2.09#-3.86,-0.52,-0.06,27.00,2.36#-3.48,-0.37,-0.05,26.00,2.18#-2.99,-0.33,-0.04,26.00,2.27#-2.80,-0.37,-0.04,26.00,2.27#-2.71,-0.33,-0.03,26.00,2.27#-2.42,-0.29,-0.02,26.00,2.27#-2.13,-0.33,-0.01,26.00,2.27#-1.94,-0.31,-0.01,25.00,2.18#-1.94,-0.31,-0.01,27.00,2.27#-1.17,-0.27,0.00,25.00,2.09#-1.07,-0.29,0.01,26.00,2.18#-0.88,-0.21,0.02,27.00,2.27#-0.69,-0.23,0.03,27.00,2.18#TRH#24.03,42.10,23.25,47.94!","9:5:59, 41.3705940247, 1.9958695173, 144.9712982178, 0.0580"
2025-04-23 11:07:19,,"9:5:1, 41.3705940247, 1.9958691597, 145.0238952637, 0.0633"
2025-04-23 11:07:20,"MXD#49.77,6.66,202.77,169.18,0.00,770.62,117.46,423#49.69,6.65,167.26,176.61,0.00,842.36,107.78,423#49.90,6.65,183.45,170.96,0.00,773.76,108.92,423#49.98,6.65,193.46,180.23,0.00,765.16,117.58,423#49.96,6.64,195.23,171.19,0.00,717.26,126.37,423#50.13,6.64,196.24,175.12,0.00,792.85,125.43,423#50.09,6.63,197.95,178.05,0.00,772.71,120.81,423#50.05,6.62,198.87,173.88,0.00,824.87,123.70,423#50.06,6.61,200.27,169.18,0.00,793.92,116.71,423#49.88,6.61,201.46,177.87,0.00,779.80,121.67,423#TRH#750.98,128.00,23.70,43.77,23.67,42.59,23.69,43.26!","9:6:3, 41.3705940247, 1.9958690405, 145.0294952393, 0.0615"
2025-04-23 11:07:23,,"9:6:5, 41.3705940247, 1.9958688021, 145.0202026367, 0.0565"
2025-04-23 11:07:24,"MXA#0.04,29.83,13.95,44.57#0.04,29.95,13.91,44.34#0.04,30.11,13.94,44.46#0.04,29.94,13.89,43.94#0.04,29.75,13.89,44.67#0.04,29.71,13.89,44.42#0.04,29.81,13.95,44.34#0.04,29.84,13.86,43.96#0.04,29.82,13.86,43.70#TRH#28.77,47.96,28.86,45.92,28.95,44.16,28.72,47.96!","9:6:7, 41.3705940247, 1.9958688021, 144.9712066650, 0.0626"
2025-04-23 11:07:27,"ECS#-0.78,-0.23,0.03,26.00,2.18#-0.69,-0.29,0.03,26.00,2.18#-0.49,-0.25,0.04,25.00,2.27#-0.30,-0.21,0.05,26.00,2.27#-0.40,-0.27,0.05,26.00,2.27#-0.49,-0.27,0.05,26.00,2.18#-0.40,-0.27,0.06,27.00,2.27#-0.40,-0.27,0.06,26.00,2.18#-0.01,-0.25,0.07,25.00,2.09#-0.30,-0.23,0.07,26.00,2.27#-0.01,-0.25,0.08,27.00,2.18#-0.30,-0.21,0.07,27.00,2.18#-0.01,-0.19,0.09,25.00,2.09#-0.01,-0.21,0.09,26.00,2.09#-0.30,-0.23,0.08,25.00,2.09#-0.11,-0.21,0.09,26.00,2.18#TRH#24.06,42.34,23.23,48.10!","9:6:9, 41.3705940247, 1.9958686829, 145.0128936768, 0.0578"
2025-04-23 11:07:30,,"9:6:11, 41.3705940247, 1.9958685637, 144.9642944336, 0.0469"
2025-04-23 11:07:31,"MXD#50.34,6.58,201.22,170.67,0.00,816.26,122.04,420#50.26,6.58,168.09,167.13,0.00,792.85,120.40,420#50.24,6.57,182.86,175.95,0.00,750.04,132.50,420#50.18,6.56,193.13,182.69,0.00,709.06,119.91,420#50.30,6.56,194.46,178.23,0.00,799.31,123.95,427#50.57,6.55,195.01,174.05,0.00,755.39,119.99,427#50.62,6.55,196.13,170.79,0.00,753.09,107.71,427#50.37,6.54,199.34,170.15,0.00,736.95,120.11,427#50.24,6.53,200.27,180.47,0.00,761.29,113.70,427#50.34,6.53,200.74,172.65,0.00,753.60,114.20,427#50.35,6.52,201.57,176.78,0.00,778.22,118.78,425#TRH#750.98,128.00,23.69,43.66,23.70,42.37,23.70,43.00!","9:6:13, 41.3705940247, 1.9958685637, 144.9770965576, 0.0490"
2025-04-23 11:07:34,,"9:6:15, 41.3705940247, 1.9958685637, 144.9452972412, 0.0464"
2025-04-23 11:07:35,"MXA#0.04,29.77,13.93,44.25#0.04,29.94,13.89,43.57#0.04,29.98,13.89,43.73#0.04,30.02,13.92,44.18#0.04,29.95,13.96,44.37#0.04,29.89,13.94,44.19#0.04,29.67,13.90,43.71#0.04,30.03,13.98,44.30#0.04,29.86,13.95,44.34#TRH#28.83,47.74,28.88,45.67,28.98,43.83,28.72,47.74!","9:6:17, 41.3705940247, 1.9958683252, 144.9806976318, 0.0459"
2025-04-23 11:07:38,"ECS#-0.01,-0.25,0.09,26.00,2.18#-0.11,-0.19,0.10,26.00,2.18#-0.01,-0.21,0.10,25.00,2.18#0.28,-0.17,0.11,26.00,2.18#0.08,-0.21,0.10,26.00,2.18#0.18,-0.21,0.11,26.00,2.18#0.08,-0.21,0.12,25.00,2.18#0.18,-0.25,0.12,27.00,2.27#0.28,-0.21,0.13,25.00,2.27#0.18,-0.21,0.12,26.00,2.18#-0.01,-0.25,0.12,26.00,2.18#0.28,-0.23,0.13,28.00,2.18#0.28,-0.17,0.13,26.00,2.18#0.08,-0.19,0.14,27.00,2.27#0.08,-0.19,0.14,25.00,2.18#0.08,-0.23,0.14,25.00,2.09#TRH#24.05,42.08,23.25,47.96!","9:6:19, 41.3705940247, 1.9958680868, 144.9680938721, 0.0462"
2025-04-23 11:07:41,,"9:6:21, 41.3705940247, 1.9958677292, 145.0845947266, 0.0610"
2025-04-23 11:07:41,"MXD#50.33,6.50,203.01,173.23,0.00,729.75,127.14,425#50.51,6.49,168.59,171.07,0.00,789.90,123.45,425#50.52,6.49,183.45,169.86,0.00,757.18,127.66,425#50.44,6.48,194.68,178.89,0.00,761.03,126.62,432#50.67,6.48,195.57,175.71,0.00,788.03,125.56,432#50.72,6.48,196.81,172.35,0.00,769.06,117.10,432#50.68,6.47,197.61,171.48,0.00,735.46,122.00,432#50.89,6.46,198.76,176.31,0.00,770.10,117.38,432#50.68,6.45,200.51,177.20,0.00,792.85,123.66,430#50.79,6.45,199.80,184.11,0.00,770.62,118.34,430#TRH#750.98,128.00,23.70,43.62,23.70,42.37,23.72,43.01!","9:6:23, 41.3705940247, 1.9958679676, 145.0854949951, 0.0560"
2025-04-23 11:07:44,,"9:6:25, 41.3705940247, 1.9958678484, 145.0794067383, 0.0453"
2025-04-23 11:07:45,"MXA#0.04,29.99,13.96,44.15#0.04,29.92,13.97,44.35#0.04,29.99,13.93,44.13#0.04,30.01,13.95,43.67#0.04,29.87,13.92,43.85#0.04,29.61,13.93,44.44#0.04,29.89,13.99,44.38#0.04,29.90,13.97,44.16#TRH#28.86,47.80,28.94,45.69,29.03,43.91,28.78,47.80!","9:6:27, 41.3705940247, 1.9958673716, 145.0570068359, 0.0524"
2025-04-23 11:07:47,"ECS#0.08,-0.21,0.14,25.00,2.18#-0.01,-0.23,0.15,26.00,2.18#0.28,-0.25,0.15,26.00,2.18#0.08,-0.23,0.15,25.00,2.18#0.08,-0.19,0.15,25.00,2.09#0.18,-0.23,0.16,26.00,2.18#0.08,-0.21,0.15,25.00,2.27#0.08,-0.21,0.15,27.00,2.27#0.28,-0.19,0.16,26.00,2.18#0.08,-0.23,0.16,29.00,2.45#0.18,-0.25,0.16,26.00,2.18#0.28,-0.21,0.16,26.00,2.18#0.28,-0.17,0.18,26.00,2.18#0.18,-0.19,0.16,26.00,2.18#TRH#24.06,42.21,23.28,48.05!","9:6:29, 41.3705940247, 1.9958673716, 145.0352935791, 0.0570"
2025-04-23 11:07:50,,"9:6:31, 41.3705940247, 1.9958676100, 145.0016937256, 0.0590"
2025-04-23 11:07:52,"MXD#50.81,6.43,202.65,173.76,0.00,811.30,133.76,430#50.75,6.42,168.75,170.04,0.00,748.51,118.42,429#50.85,6.42,183.64,172.30,0.00,793.38,126.92,429#50.75,6.41,194.12,172.88,0.00,721.89,121.13,429#51.00,6.41,194.34,182.13,0.00,803.11,114.90,429#51.07,6.41,195.90,168.72,0.00,773.23,116.98,429#50.98,6.40,199.45,183.18,0.00,752.32,127.10,429#51.00,6.39,198.64,178.71,0.00,746.24,111.68,432#50.89,6.39,200.74,179.13,0.00,780.33,140.58,432#51.08,6.39,201.46,178.23,0.00,756.41,124.37,432#TRH#750.98,128.00,23.72,43.66,23.72,42.40,23.73,43.10!","9:6:33, 41.3705940247, 1.9958671331, 145.0653076172, 0.0516"
2025-04-23 11:07:54,"MXA#0.04,29.62,13.92,43.51#0.04,29.89,13.96,44.12#0.04,29.98,13.99,44.19#0.04,29.68,13.94,43.86#0.04,29.58,13.89,43.84#0.04,29.79,13.98,44.41#0.04,29.96,13.98,44.20#0.04,29.98,14.01,44.10#TRH#28.91,47.75,28.94,45.64,29.06,43.80,28.83,47.75!","9:6:35, 41.3705940247, 1.9958670139, 145.0565948486, 0.0493"
2025-04-23 11:07:57,"ECS#0.28,-0.19,0.17,25.00,2.09#0.08,-0.23,0.16,26.00,2.18#0.08,-0.23,0.17,25.00,2.18#0.18,-0.23,0.18,26.00,2.18#0.18,-0.19,0.17,25.00,2.27#0.28,-0.23,0.18,26.00,2.27#0.18,-0.25,0.17,26.00,2.18#0.28,-0.21,0.17,27.00,2.27#0.08,-0.23,0.17,27.00,2.36#0.08,-0.25,0.18,25.00,2.36#-0.11,-0.21,0.18,25.00,2.18#0.47,-0.19,0.18,26.00,2.18#0.28,-0.27,0.18,26.00,2.09#0.47,-0.12,0.19,25.00,2.18#TRH#24.09,42.16,23.31,47.98!","9:6:37, 41.3705940247, 1.9958670139, 145.1199951172, 0.0462"
2025-04-23 11:08:00,,"9:6:39, 41.3705940247, 1.9958671331, 145.0606994629, 0.0499"
2025-04-23 11:08:01,"MXD#51.02,6.37,201.81,183.31,0.00,791.50,122.58,431#51.21,6.37,168.26,175.89,0.00,804.74,113.36,431#50.91,6.36,182.66,176.07,0.00,840.08,129.35,431#51.26,6.36,194.46,178.77,0.00,811.85,120.27,431#50.97,6.36,195.79,180.05,0.00,787.50,133.08,431#51.16,6.35,197.15,180.53,0.00,804.20,130.81,431#51.13,6.35,198.53,181.64,0.00,788.83,126.24,434#51.00,6.34,199.92,178.59,0.00,760.00,116.04,434#51.14,6.33,201.22,171.07,0.00,821.80,121.54,434#TRH#750.98,128.00,23.75,43.91,23.78,42.66,23.77,43.45!","9:6:41, 41.3705940247, 1.9958671331, 145.0688934326, 0.0500"
2025-04-23 11:08:04,,"9:6:43, 41.3705940247, 1.9958670139, 145.0877990723, 0.0542"
2025-04-23 11:08:04,"MXA#0.04,29.58,13.92,44.09#0.04,29.67,13.94,44.40#0.04,29.86,13.91,44.39#0.04,29.66,14.00,44.46#0.04,29.77,13.95,44.27#0.04,29.69,13.89,43.59#0.04,29.59,13.88,43.48#0.04,29.51,13.89,43.73#TRH#28.97,47.92,29.02,45.90,29.08,44.16,28.88,47.92!","9:6:45, 41.3705940247, 1.9958670139, 145.1085052490, 0.0442"
2025-04-23 11:08:07,"ECS#0.08,-0.23,0.18,25.00,2.18#0.28,-0.17,0.18,25.00,2.18#0.37,-0.21,0.18,26.00,2.18#0.37,-0.17,0.18,26.00,2.18#0.18,-0.21,0.18,25.00,2.18#0.37,-0.19,0.18,27.00,2.27#0.37,-0.25,0.18,27.00,2.09#0.28,-0.23,0.19,26.00,2.18#0.08,-0.23,0.18,26.00,2.18#0.18,-0.25,0.18,27.00,2.18#0.18,-0.19,0.18,26.00,2.09#0.08,-0.27,0.19,26.00,2.27#0.18,-0.25,0.18,26.00,2.27#0.18,-0.17,0.19,27.00,2.18#0.08,-0.19,0.19,26.00,2.27#TRH#24.06,42.69,23.28,48.40!","9:6:47, 41.3705940247, 1.9958671331, 145.0899963379, 0.0488"
2025-04-23 11:08:10,,"9:6:49, 41.3705940247, 1.9958673716, 145.0484008789, 0.0507"
2025-04-23 11:08:11,"MXD#51.35,6.32,203.01,171.71,0.00,770.10,121.83,434#51.27,6.32,167.43,173.23,0.00,850.96,123.12,434#51.01,6.31,182.86,177.26,0.00,799.31,116.27,434#51.29,6.31,192.26,186.69,0.00,786.43,125.90,434#51.09,6.30,194.57,171.54,0.00,778.49,133.49,434#51.27,00,730.99,120.97,438#TRH#750.98,128.00,23.75,44.28,23.78,43.20,23.77,43.93!","9:6:51, 41.3705940247, 1.9958673716, 145.0733032227, 0.0507"
2025-04-23 11:08:14,,"9:6:53, 41.3705940247, 1.9958676100, 145.0178985596, 0.0463"
2025-04-23 11:08:14,"MXA#0.04,29.64,13.93,43.67#0.04,29.53,13.95,43.79#0.04,29.57,13.91,43.26#0.04,29.48,13.88,43.45#0.04,29.35,13.88,43.69#0.04,29.25,13.86,43.55#0.04,29.41,13.91,43.97#0.04,29.47,13.87,43.42#TRH#29.00,48.15,29.00,46.34,29.14,44.61,28.91,48.15!","9:6:55, 41.3705940247, 1.9958677292, 145.0357055664, 0.0517"
2025-04-23 11:08:20,"ECS#-0.01,-0.23,0.18,26.00,2.18#-0.01,-0.23,0.19,25.00,2.27#-0.01,-0.19,0.18,26.00,2.18#0.08,-0.19,0.19,26.00,2.27#0.18,-0.21,0.18,25.00,2.45#0.37,-0.19,0.19,27.00,2.27#0.08,-0.21,0.19,25.00,2.18#0.28,-0.23,0.19,26.00,2.18#0.28,-0.23,0.19,27.00,2.18#","9:6:57, 41.3705940247, 1.9958678484, 145.0722045898, 0.0469"
2025-04-23 11:08:20,"MXD#51.39,6.26,200.98,183.62,0.00,789.36,117.18,442#51.23,6.26,167.26,183.93,0.00,705.95,124.33,442#51.48,6.26,181.88,177.75,0.00,792.85,121.87,442#51.03,6.25,192.37,175.18,0.00,843.79,117.30,442#51.48,6.25,192.05,183.37,0.00,837.81,112.63,442#51.28,6.24,194.34,183.00,0.00,821.80,112.02,442#51.17,6.24,195.57,175.06,0.00,774.28,117.18,444#51.13,6.23,196.81,174.29,0.00,796.07,118.54,444#51.30,6.23,197.72,177.99,0.00,774.28,121.67,444#TRH#750.98,128.00,23.75,44.43,23.78,43.29,23.78,43.95!","9:6:59, 41.3705940247, 1.9958679676, 144.9962005615, 0.0480"
2025-04-23 11:08:23,,"9:6:1, 41.3705940247, 1.9958679676, 144.9335937500, 0.0479"
2025-04-23 11:08:24,"MXA#0.04,29.18,13.86,43.91#0.04,29.17,13.84,43.93#0.05,29.40,13.90,43.79#0.05,29.41,13.90,44.09#0.05,29.49,13.90,43.86#0.04,29.27,13.87,43.43#0.05,29.21,13.86,43.71#0.05,29.39,13.92,44.07#TRH#29.03,47.89,29.03,45.91,29.17,44.05,28.94,47.89!","9:7:3, 41.3705940247, 1.9958682060, 144.9566955566, 0.0503"
2025-04-23 11:08:29,"ECS#0.28,-0.25,0.19,26.00,2.18#0.37,-0.17,0.19,25.00,2.18#0.08,-0.23,0.19,26.00,2.18#0.18,-0.25,0.19,26.00,2.18#0.47,-0.21,0.19,26.00,2.27#0.18,-0.23,0.19,27.00,2.27#0.37,-0.23,0.19,26.00,2.18#-0.01,-0.25,0.19","9:7:5, 41.3705940247, 1.9958682060, 144.9013061523, 0.0450"
2025-04-23 11:08:30,"MXD#51.38,6.22,199.10,179.68,0.00,812.68,115.68,448#51.46,6.21,166.45,190.19,0.00,833.85,117.26,448#51.37,6.21,181.69,183.18,0.00,755.13,117.06,448#51.35,6.21,187.27,178.89,0.00,825.15,117.42,448#51.50,6.20,192.37,186.88,0.00,785.63,118.34,448#51.50,6.20,194.79,176.31,0.00,815.16,126.54,448#51.40,6.19,196.13,174.64,0.00,868.12,131.83,449#51.64,6.19,198.41,173.94,0.00,781.65,135.45,449#51.47,6.19,199.69,178.17,0.00,781.39,129.88,449#51.79,6.18,200.04,180.47,0.00,808.01,110.67,449#TRH#750.98,128.00,23.75,43.95,23.80,42.73,23.81,43.38!","9:7:7, 41.3705940247, 1.9958682060, 144.9096069336, 0.0433"
2025-04-23 11:08:33,,"9:7:9, 41.3705940247, 1.9958683252, 144.9241943359, 0.0443"
2025-04-23 11:08:34,"MXA#0.04,29.25,13.84,43.70#0.05,29.38,13.85,43.47#0.05,29.37,13.92,43.99#0.05,29.67,13.92,44.14#0.05,29.56,13.89,44.25#0.05,29.32,13.87,43.60#0.05,29.67,13.94,43.82#0.05,29.57,13.91,43.60#TRH#29.08,47.73,29.09,45.66,29.23,43.88,29.00,47.73!","9:7:11, 41.3705940247, 1.9958686829, 144.9143066406, 0.0495"
2025-04-23 11:08:36,"ECS#0.37,-0.23,0.19,26.00,2.18#0.37,-0.23,0.19,25.00,2.09#0.28,-0.19,0.19,27.00,2.27#0.47,-0.19,0.19,26.00,2.18#0.37,-0.23,0.19,26.00,2.18#0.08,-0.19,0.19,26.00,2.27#0.28,-0.25,0.19,25.00,2.18#0.28,-0.23,0.19,27.00,2.18#0.47,-0.21,0.19,27.00,2.18#0.37,-0.17,0.20,26.00,2.27#0.18,-0.23,0.19,27.00,2.27#0.18,-0.23,0.19,26.00,2.18#0.37,-0.25,0.19,26.00,2.18#0.37,-0.21,0.19,26.00,2.18#0.28,-0.23,0.19,26.00,2.18#TRH#24.09,42.54,23.30,48.34!","9:7:13, 41.3705940247, 1.9958690405, 144.8970031738, 0.0471"
2025-04-23 11:08:39,,"9:7:15, 41.3705940247, 1.9958692789, 144.8827972412, 0.0477"
2025-04-23 11:08:41,"MXD#51.72,6.17,200.86,184.30,0.00,835.55,127.14,450#51.56,6.17,167.10,177.26,0.00,805.56,110.89,450#51.47,6.17,181.69,195.22,0.00,827.39,113.17,450#51.71,6.16,193.02,176.49,0.00,817.37,132.86,450#51.67,6.16,194.12,186.37,0.00,866.65,120.52,450#51.77,,800.39,120.52,452#TRH#750.98,128.00,23.81,44.15,23.81,43.01,23.84,43.72!","9:7:17, 41.3705940247, 1.9958686829, 144.9705047607, 0.0480"
2025-04-23 11:08:44,"MXA#0.05,29.68,13.85,43.44#0.05,29.58,13.91,44.05#0.05,29.67,13.91,43.96#0.05,29.44,13.87,43.42#0.05,29.64,13.91,43.90#0.05,29.50,13.95,44.04#0.05,29.31,13.92,43.63#0.05,29.28,13.84,43.47#TRH#29.11,47.81,29.12,45.86,29.27,44.05,29.06,47.81!","9:7:19, 41.3705940247, 1.9958678484, 145.0872955322, 0.0504"
2025-04-23 11:08:46,"ECS#0.47,-0.17,0.20,25.00,2.18#0.28,-0.17,0.19,26.00,2.09#0.08,-0.23,0.19,26.00,2.18#0.08,-0.19,0.19,26.00,2.18#0.08,-0.19,0.19,23.00,2.45#0.08,-0.23,0.19,26.00,2.09#0.18,-0.21,0.19,26.00,2.18#0.28,-0.23,0.19,27.00,2.18#0.08,-0.19,0.19,26.00,2.18#0.08,-0.19,0.19,26.00,2.18#0.18,-0.27,0.19,27.00,2.27#0.18,-0.23,0.19,27.00,2.18#0.28,-0.27,0.19,25.00,2.18#0.37,-0.23,0.19,26.00,2.18#TRH#24.08,42.84,23.31,48.56!","9:7:21, 41.3705940247, 1.9958677292, 145.0202026367, 0.0496"
2025-04-23 11:08:49,,"9:7:23, 41.3705940247, 1.9958674908, 145.0205993652, 0.0673"
2025-04-23 11:08:50,"MXD#51.92,6.13,200.86,185.11,0.00,781.12,116.00,453#51.81,6.13,167.76,176.97,0.00,757.69,117.90,453#51.90,6.13,181.88,182.44,0.00,792.58,130.06,453#52.02,6.12,191.83,186.69,0.00,819.03,125.73,453#51.64,6.12,194.23,177.26,0.00,810.21,116.55,451#51.80,6.12,194.90,188.78,0.00,859.93,121.50,451#51.71,6.12,196.24,187.95,0.00,805.28,137.34,451#51.93,6.11,197.95,181.94,0.00,785.63,127.22,451#51.54,6.11,198.87,172.76,0.00,732.72,122.37,451#TRH#750.98,128.00,23.80,44.46,23.83,43.39,23.81,44.05!","9:7:25, 41.3705940247, 1.9958670139, 145.0473937988, 0.0691"
2025-04-23 11:08:53,,"9:7:27, 41.3705940247, 1.9958665371, 145.0467071533, 0.0736"
2025-04-23 11:08:53,"MXA#0.05,29.61,13.96,43.94#0.05,29.48,13.90,43.56#0.05,29.55,13.91,43.26#0.05,29.30,13.91,43.95#0.05,29.19,13.91,43.99#0.05,29.21,13.91,43.74#0.05,29.24,13.86,43.55#0.05,29.45,13.95,43.74#TRH#29.14,47.94,29.19,46.17,29.30,44.39,29.06,47.94!","9:7:29, 41.3705940247, 1.9958664179, 145.0482025146, 0.0886"
2025-04-23 11:08:56,"ECS#0.18,-0.23,0.18,26.00,2.27#0.28,-0.25,0.19,27.00,2.27#0.37,-0.12,0.20,26.00,2.27#0.37,-0.14,0.19,26.00,2.18#0.47,-0.19,0.20,25.00,2.18#0.18,-0.21,0.19,26.00,2.09#0.08,-0.21,0.19,26.00,2.27#0.18,-0.19,0.19,26.00,2.18#0.18,-0.19,0.19,26.00,2.27#0.18,-0.21,0.19,26.00,2.18#0.37,-0.19,0.19,25.00,2.18#0.37,-0.23,0.19,26.00,2.18#0.28,-0.23,0.19,25.00,2.00#0.18,-0.21,0.19,26.00,2.18#0.08,-0.21,0.19,25.00,2.27#TRH#24.14,43.39,23.31,48.99!","9:7:31, 41.3705940247, 1.9958660603, 145.0695037842, 0.0734"
2025-04-23 11:08:59,,"9:7:33, 41.3705940247, 1.9958658218, 145.0794067383, 0.0693"
2025-04-23 11:09:00,"MXD#51.75,6.10,199.22,179.92,0.00,769.84,115.57,452#51.64,6.09,165.96,186.56,0.00,826.27,121.83,452#51.99,6.09,180.15,178.59,0.00,769.58,131.74,452#51.89,6.09,187.07,181.21,0.00,758.46,122.87,452#51.75,6.08,191.40,183.00,0.00,786.16,116.90,452#51.64,6.08,192.92,175.59,0.00,816.54,126.62,452#51.78,6.08,193.90,180.90,0.00,827.39,125.26,455#51.60,6.07,196.13,184.86,0.00,835.26,131.92,455#51.60,6.07,196.47,173.53,0.00,801.21,121.71,455#51.69,6.07,197.72,176.31,0.00,745.23,118.26,455#TRH#750.98,128.00,23.83,44.81,23.86,43.71,23.84,44.45!","9:7:35, 41.3705940247, 1.9958661795, 145.0516052246, 0.0747"
2025-04-23 11:09:03,"MXA#0.05,29.15,13.86,43.18#0.05,29.05,13.88,43.31#0.05,29.39,13.84,43.18#0.05,29.09,13.86,43.33#0.05,29.14,13.85,43.19#0.05,29.40,13.90,43.78#0.05,29.40,13.90,43.87#0.05,29.31,13.85,43.11#TRH#29.20,47.98,29.20,46.11,29.36,44.40,29.09,47.98!","9:7:37, 41.3705940247, 1.9958654642, 145.1291961670, 0.0744"
2025-04-23 11:09:06,"ECS#0.28,-0.21,0.19,27.00,2.27#0.18,-0.21,0.19,26.00,2.18#0.28,-0.23,0.19,26.00,2.27#0.37,-0.19,0.19,25.00,2.18#0.37,-0.21,0.19,27.00,2.18#0.28,-0.19,0.19,27.00,2.18#0.28,-0.19,0.19,25.00,2.45#0.28,-0.19,0.19,25.00,2.18#0.28,-0.19,0.19,25.00,2.18#0.56,-0.21,0.20,26.00,2.18#0.37,-0.21,0.19,27.00,2.27#-0.01,-0.19,0.19,25.00,2.27#0.47,-0.19,0.20,25.00,2.18#0.28,-0.21,0.19,27.00,2.18#TRH#24.12,43.39,23.31,49.07!","9:7:39, 41.3705940247, 1.9958655834, 145.0675048828, 0.0716"
2025-04-23 11:09:09,,"9:7:41, 41.3705940247, 1.9958665371, 145.3139038086, 0.0870"
2025-04-23 11:09:10,"6.04,194.01,185.05,0.00,798.23,128.13,452#51.78,6.04,194.34,186.50,0.00,839.23,116.71,452#51.88,6.04,195.68,186.94,0.00,819.58,116.94,452#51.71,6.03,197.61,180.23,0.00,820.97,120.89,452#51.93,6.03,197.95,183.31,0.00,808.56,129.13,457#TRH#750.98,128.00,23.83,44.55,23.83,43.45,23.84,44.05!","9:7:43, 41.3705902100, 1.9958655834, 145.8101043701, 0.1349"
2025-04-23 11:09:13,,"9:7:45, 41.3705902100, 1.9958629608, 145.9219055176, 0.1426"
2025-04-23 11:09:14,",29.20,47.78!","9:7:47, 41.3705902100, 1.9958655834, 145.9517974854, 0.1186"
2025-04-23 11:09:17,"ECS#0.28,-0.21,0.19,26.00,2.18#0.18,-0.23,0.19,26.00,2.18#0.28,-0.19,0.19,26.00,2.18#0.37,-0.25,0.19,27.00,2.27#0.37,-0.21,0.19,26.00,2.18#0.28,-0.21,0.19,25.00,2.18#0.37,-0.14,0.20,28.00,2.27#0.28,-0.23,0.19,27.00,2.18#0.28,-0.23,0.19,26.00,2.27#0.18,-0.25,0.19,26.00,2.18#0.18,-0.25,0.19,26.00,2.27#0.37,-0.23,0.19,26.00,2.27#0.18,-0.21,0.19,27.00,2.18#0.37,-0.21,0.19,26.00,2.18#0.18,-0.21,0.19,26.00,2.18#0.56,-0.19,0.19,27.00,2.27#TRH#24.12,43.15,23.31,48.90!","9:7:49, 41.3705902100, 1.9958677292, 146.0700988770, 0.2011"
2025-04-23 11:09:20,,"9:7:51, 41.3705902100, 1.9958703518, 146.0827026367, 0.4059"
2025-04-23 11:09:20,"MXD#52.05,6.02,199.34,178.23,0.00,830.47,122.78,457#51.82,6.02,164.68,173.35,0.00,773.76,117.06,457#51.90,6.02,179.59,186.37,0.00,812.95,128.44,457#51.98,6.02,186.86,171.19,0.00,908.40,121.30,459#51.89,6.02,191.83,182.56,0.00,806.38,114.09,459#51.86,6.01,194.12,177.08,0.00,856.74,122.20,459#52.01,6.01,193.79,190.84,0.00,805.83,125.05,459#52.09,6.00,197.38,176.66,0.00,789.36,132.32,459#51.99,6.00,198.64,186.18,0.00,801.48,144.15,459#52.06,6.00,196.02,189.10,0.00,808.56,117.70,459#TRH#750.98,128.00,23.83,44.41,23.86,43.27,23.88,43.92!","9:7:53, 41.3705902100, 1.9958698750, 145.8981018066, 0.3346"
2025-04-23 11:09:23,,"9:7:55, 41.3705902100, 1.9958701134, 146.1930999756, 0.6459"
2025-04-23 11:09:24,"MXA#0.06,29.17,13.81,42.95#0.06,29.26,13.83,43.27#0.06,29.48,13.91,43.83#0.06,29.36,13.89,43.66#0.06,29.39,13.81,43.09#0.06,29.39,13.83,43.16#0.06,29.14,13.91,43.75#0.06,29.18,13.93,43.61#TRH#29.27,47.77,29.31,45.89,29.44,44.02,29.22,47.77!","9:7:57, 41.3705902100, 1.9958716631, 145.9367980957, 0.6805"
2025-04-23 11:09:26,"ECS#0.47,-0.19,0.20,26.00,2.18#0.47,-0.21,0.19,27.00,2.27#0.18,-0.23,0.19,26.00,2.27#0.18,-0.21,0.19,25.00,2.09#0.18,-0.23,0.19,26.00,2.27#0.28,-0.21,0.19,26.00,2.27#0.28,-0.25,0.19,26.00,2.18#0.37,-0.19,0.20,26.00,2.18#0.37,-0.17,0.20,26.00,2.18#0.08,-0.25,0.19,26.00,2.18#0.28,-0.19,0.19,27.00,2.18#0.28,-0.21,0.19,28.00,2.27#0.37,-0.21,0.19,26.00,2.27#0.28,-0.21,0.19,26.00,2.18#TRH#24.11,43.11,23.34,48.84!","9:7:59, 41.3705863953, 1.9958713055, 145.6239929199, 1.2344"
2025-04-23 11:09:29,,"9:7:1, 41.3705863953, 1.9958764315, 145.5095062256, 1.6130"
2025-04-23 11:09:30,"MXD#52.06,5.99,200.04,181.58,0.00,776.38,124.29,459#52.16,5.99,165.80,193.05,0.00,852.98,121.62,459#52.16,5.99,180.54,176.78,0.00,772.19,117.78,459#52.19,5.99,191.08,184.93,0.00,806.38,119.22,456#52.22,5.98,192.16,183.62,0.00,767.50,122.58,456#52.06,5.98,195.01,179.44,0.00,776.38,114.55,456#52.41,5.97,194.90,183.62,0.00,841.79,129.48,456#52.22,5.97,196.81,186.50,0.00,840.08,119.87,456#52.36,5.97,197.04,176.78,0.00,790.97,121.83,455#52.17,5.97,197.49,174.47,0.00,870.18,123.20,455#TRH#750.98,128.00,23.84,44.80,23.89,43.67,23.89,44.30!","9:8:3, 41.3705902100, 1.9958770275, 145.4609985352, 1.0371"
2025-04-23 11:09:33,"MXA#0.06,29.47,13.91,43.51#0.06,29.30,13.87,43.44#0.06,29.14,13.83,43.30#0.06,29.21,13.88,43.17#0.06,29.14,13.89,43.74#0.06,29.05,13.88,43.53#0.06,29.27,13.86,43.06#0.06,29.13,13.89,43.68#TRH#29.33,47.77,29.36,45.92,29.48,44.08,29.25,47.77!","9:8:5, 41.3705863953, 1.9958773851, 145.5756988525, 0.9414"
2025-04-23 11:09:36,"ECS#0.56,-0.21,0.19,25.00,2.27#0.28,-0.23,0.19,26.00,2.18#0.56,-0.19,0.19,26.00,2.18#0.47,-0.23,0.19,26.00,2.18#0.37,-0.21,0.19,25.00,2.18#0.56,-0.14,0.20,25.00,2.27#0.37,-0.23,0.19,26.00,2.18#0.37,-0.27,0.19,27.00,2.18#0.28,-0.19,0.19,26.00,2.18#0.18,-0.25,0.19,27.00,2.18#0.37,-0.23,0.19,26.00,2.18#0.47,-0.19,0.19,26.00,2.18#0.37,-0.23,0.19,28.00,2.27#0.28,-0.23,0.19,27.00,2.36#TRH#24.11,43.26,23.34,48.96!","9:8:7, 41.3705863953, 1.9958817959, 145.1309051514, 1.0221"
2025-04-23 11:09:39,,"9:8:9, 41.3705825806, 1.9958857298, 145.1766052246, 1.1154"
2025-04-23 11:09:40,"MXD#52.12,5.96,198.07,182.07,0.00,809.38,121.67,455#52.10,5.96,164.84,180.72,0.00,762.06,127.36,456#52.11,5.96,179.59,180.96,0.00,840.08,124.25,456#52.44,5.95,186.45,179.99,0.00,792.31,123.33,456#52.37,5.95,191.83,179.44,0.00,773.23,128.92,456#52.25,5.95,194.79,181.76,0.00,898.62,131.07,456#52.43,5.95,195.12,183.74,0.00,801.75,113.51,456#52.28,5.94,195.57,177.56,0.00,889.84,118.98,456#52.32,5.94,197.04,194.49,0.00,792.04,125.94,456#TRH#750.98,128.00,23.88,44.53,23.89,43.40,23.91,44.02!","9:8:11, 41.3705863953, 1.9958899021, 144.4297943115, 1.3571"
2025-04-23 11:09:43,,"9:8:13, 41.3705825806, 1.9958852530, 145.3276062012, 0.9592"
2025-04-23 11:09:43,"MXA#0.06,29.23,13.89,43.49#0.06,29.31,13.86,43.35#0.06,29.31,13.88,43.49#0.06,29.38,13.86,43.42#0.06,29.06,13.82,43.17#0.06,29.10,13.84,43.00#0.06,29.15,13.81,43.04#0.06,29.13,13.79,42.86#TRH#29.38,47.77,29.39,45.94,29.55,44.16,29.31,47.77!","9:8:15, 41.3705825806, 1.9958857298, 145.4320068359, 0.7896"
2025-04-23 11:09:46,"ECS#0.18,-0.23,0.19,27.00,2.09#0.28,-0.19,0.19,25.00,2.18#0.28,-0.25,0.19,25.00,2.18#0.18,-0.21,0.19,27.00,2.18#0.47,-0.25,0.19,25.00,2.27#0.08,-0.21,0.19,26.00,2.18#0.47,-0.19,0.19,27.00,2.36#0.37,-0.21,0.19,26.00,2.18#0.37,-0.23,0.19,26.00,2.27#0.28,-0.19,0.19,26.00,2.18#0.28,-0.19,0.19,25.00,2.18#0.37,-0.19,0.19,26.00,2.18#0.37,-0.23,0.19,26.00,2.27#0.28,-0.19,0.19,26.00,2.18#0.56,-0.19,0.19,26.00,2.09#TRH#24.14,43.39,23.34,48.98!","9:8:17, 41.3705863953, 1.9958881140, 145.4250946045, 1.0047"
2025-04-23 11:09:49,,"9:8:19, 41.3705863953, 1.9958894253, 145.3222045898, 1.0029"
2025-04-23 11:09:50,"MXD#52.24,5.93,198.07,185.74,0.00,814.33,114.63,456#52.12,5.93,164.52,177.20,0.00,823.48,116.43,456#52.18,5.94,179.40,192.13,0.00,824.87,128.26,452#52.17,5.93,186.25,186.56,0.00,880.55,124.79,452#52.26,5.93,191.19,195.28,0.00,820.14,115.33,452#52.52,5.93,193.13,187.83,0.00,819.03,115.64,452#52.42,5.92,194.23,189.23,0.00,765.94,123.12,452#52.18,5.92,195.57,180.17,0.00,833.29,111.34,454#52.19,5.92,197.04,180.72,0.00,779.80,124.20,454#52.11,5.92,198.29,181.58,0.00,863.73,125.39,454#TRH#750.98,128.00,23.91,44.59,23.91,43.44,23.92,44.07!","9:8:21, 41.3705902100, 1.9958902597, 145.3818054199, 0.7491"
2025-04-23 11:09:53,"MXA#0.06,29.05,13.78,43.26#0.06,29.20,13.86,43.34#0.06,29.37,13.88,43.37#0.06,29.23,13.85,43.33#0.06,29.05,13.79,43.04#0.06,29.12,13.81,43.00#0.06,29.08,13.81,43.12#0.06,29.04,13.78,43.21#TRH#29.41,47.72,29.42,45.81,29.58,44.00,29.38,47.72!","9:8:23, 41.3705902100, 1.9958901405, 145.5063018799, 0.6648"
2025-04-23 11:09:55,"ECS#0.37,-0.21,0.19,26.00,2.18#0.28,-0.19,0.19,26.00,2.27#0.37,-0.21,0.19,26.00,2.18#0.37,-0.23,0.19,26.00,2.18#0.28,-0.25,0.19,25.00,2.18#0.18,-0.23,0.19,26.00,2.18#0.47,-0.25,0.19,26.00,2.18#0.28,-0.23,0.19,28.00,2.36#0.47,-0.21,0.19,26.00,2.18#0.28,-0.23,0.19,26.00,2.18#0.47,-0.17,0.19,26.00,2.18#0.56,-0.25,0.20,26.00,2.09#0.37,-0.21,0.19,27.00,2.27#0.08,-0.21,0.19,27.00,2.36#TRH#24.14,43.28,23.39,48.93!","9:8:25, 41.3705902100, 1.9958899021, 145.5012969971, 0.7697"
2025-04-23 11:09:58,,"9:8:27, 41.3705902100, 1.9958895445, 145.6018981934, 0.9038"
2025-04-23 11:09:59,"MXD#52.26,5.91,198.41,183.86,0.00,888.03,117.50,454#52.43,5.90,165.48,186.31,0.00,842.65,122.87,454#52.15,5.90,179.40,176.78,0.00,891.95,117.98,454#52.06,5.90,186.86,183.62,0.00,842.36,118.78,454#52.46,5.90,192.16,203.65,0.00,836.40,131.87,454#52.28,5.89,194.90,179.25,0.00,870.48,116.67,454#52.43,5.90,194.79,177.14,0.00,855.00,111.72,459#52.32,5.89,196.58,176.43,0.00,848.37,121.95,459#52.12,5.89,196.70,180.84,0.00,789.36,124.33,459#TRH#750.98,128.00,23.91,44.02,23.91,42.72,23.92,43.29!","9:8:29, 41.3705863953, 1.9958894253, 145.7850952148, 0.7737"
2025-04-23 11:10:02,,"9:8:31, 41.3705863953, 1.9958872795, 145.9931030273, 0.8068"
2025-04-23 11:10:03,"MXA#0.06,29.28,13.83,43.54#0.06,29.38,13.85,43.48#0.06,29.14,13.81,43.18#0.06,29.41,13.88,43.51#0.06,29.35,13.86,43.41#0.06,29.15,13.80,43.18#0.06,29.53,13.85,43.68#0.06,29.49,13.85,43.01#TRH#29.45,47.41,29.52,45.26,29.61,43.35,29.39,47.41!","9:8:33, 41.3705863953, 1.9958858490, 145.7595062256, 1.0015"
2025-04-23 11:10:05,"ECS#0.28,-0.25,0.19,26.00,2.18#0.28,-0.23,0.19,26.00,2.27#0.56,-0.21,0.20,27.00,2.18#0.37,-0.21,0.19,26.00,2.27#0.18,-0.23,0.19,27.00,2.27#0.76,-0.19,0.20,26.00,2.18#0.47,-0.27,0.19,26.00,2.18#0.37,-0.21,0.19,26.00,2.18#0.37,-0.25,0.19,26.00,2.18#0.28,-0.25,0.20,25.00,2.18#0.37,-0.21,0.19,27.00,2.27#0.08,-0.21,0.19,27.00,2.18#0.37,-0.23,0.19,26.00,2.27#0.37,-0.21,0.19,25.00,2.27#TRH#24.16,42.53,23.36,48.35!","9:8:35, 41.3705863953, 1.9958856106, 145.5606994629, 0.7965"
2025-04-23 11:10:08,,"9:8:37, 41.3705863953, 1.9958860874, 145.3482971191, 0.9154"
2025-04-23 11:10:12,"MXD#52.19,5.88,199.22,188.85,0.00,831.88,119.95,457#52.54,5.88,166.45,189.74,0.00,798.50,119.79,457#52.43,5.88,181.11,187.44,0.00,850.96,113.09,457#52.54,5.88,191.83,183.93,0.00,855.00,125.86,457#52.39,5.88,192.70,182.81,0.00,857.61,122.45,457#52.43,5.88,195.12,187.19,0.00,866.36,119.50,457#52.46,5.88,197.15,179.99,0.00,858.19,120.44,457#52.65,5.88,198.07,183.37,0.00,839.23,112.17,457#52.43,5.87,199.34,200.23,0.00,850.10,124.04,459#52.73,5.87,200.16,182.07,0.0","9:8:39, 41.3705863953, 1.9958853722, 145.3347930908, 0.8103"
2025-04-23 11:10:15,"ECS#0.18,-0.21,0.19,26.00,2.27#0.18,-0.23,0.19,26.00,2.27#0.37,-0.25,0.19,25.00,2.18#0.56,-0.21,0.19,25.00,2.18#0.28,-0.21,0.18,26.00,2.18#0.18,-0.23,0.19,26.00,2.18#0.37,-0.23,0.19,27.00,2.27#0.66,-0.21,0.19,25.00,2.18#0.56,-0.23,0.19,26.00,2.18#0.47,-0.23,0.19,26.00,2.09#0.76,-0.23,0.20,27.00,2.09#0.76,-0.23,0.20,25.00,2.18#0.47,-0.21,0.19,26.00,2.27#0.28,-0.19,0.19,26.00,2.09#0.28,-0.23,0.19,26.00,2.18#TRH#24.16,41.97,23.36,47.90!","9:8:41, 41.3705863953, 1.9958850145, 145.2725067139, 0.7253"
2025-04-23 11:10:18,,"9:8:43, 41.3705863953, 1.9958852530, 145.1295013428, 0.8849"
2025-04-23 11:10:22,"MXA#0.06,29.65,13.91,43.42#0.06,29.68,13.93,43.28#0.06,29.58,13.93,43.58#0.06,29.64,13.93,43.27#0.06,29.28,13.84,42.88#0.06,29.28,13.86,43.21#0.06,29.48,13.84,43.07#0.06,29.27,13.88,43.67#TRH#29.53,47.42,29.56,45.21,29.69,43.28,29.48,47.42!","9:8:45, 41.3705863953, 1.9958850145, 144.9888000488, 0.9447"
2025-04-23 11:10:25,"ECS#0.28,-0.17,0.19,26.00,2.18#0.37,-0.21,0.19,25.00,2.18#0.28,-0.23,0.19,26.00,2.18#0.18,-0.21,0.19,27.00,2.27#0.18,-0.25,0.19,27.00,2.18#0.37,-0.21,0.19,25.00,2.09#0.28,-0.17,0.19,26.00,2.18#0..18#TRH#24.16,42.26,23.39,48.03!","9:8:47, 41.3705863953, 1.9958840609, 144.9819030762, 0.8087"
2025-04-23 11:10:28,,"9:8:49, 41.3705863953, 1.9958839417, 144.9911041260, 0.7876"
2025-04-23 11:10:29,"MXD#52.87,5.85,202.89,185.68,0.00,822.36,124.50,460#52.85,5.85,167.92,186.88,0.00,852.98,119.58,460#52.73,5.85,182.27,186.62,0.00,849.81,125.77,460#52.80,5.84,192.92,186.88,0.00,798.23,117.26,460#52.63,5.84,194.46,190.06,0.00,866.95,127.22,460#52.71,5.84,197.38,190.71,0.00,864.02,113.55,458#52.96,5.84,197.49,188.53,0.00,857.03,123.58,458#52.65,5.84,199.69,199.49,0.00,825.99,118.74,458#52.98,5.84,201.69,185.61,0.00,807.74,117.22,458#TRH#750.98,128.00,23.95,43.10,23.98,41.78,23.97,42.33!","9:8:51, 41.3705863953, 1.9958829880, 144.9122924805, 0.7304"
2025-04-23 11:10:32,,"9:8:53, 41.3705863953, 1.9958828688, 144.6732025146, 0.7211"
2025-04-23 11:10:32,"MXA#0.06,29.44,13.94,43.53#0.06,29.45,13.91,43.39#0.06,29.25,13.87,42.94#0.06,29.43,13.89,43.03#0.06,29.32,13.87,43.51#0.07,29.48,13.88,43.53#0.07,29.40,13.88,43.00#0.07,29.33,13.88,43.28#TRH#29.59,47.12,29.59,44.77,29.75,42.79,29.50,47.12!","9:8:55, 41.3705863953, 1.9958827496, 144.1880950928, 0.8026"
2025-04-23 11:10:38,"ECS#0.66,-0.23,0.19,26.00,2.09#0.56,-0.21,0.19,27.00,2.27#0.37,-0.23,0.19,25.00,2.18#0.47,-0.21,0.19,26.00,2.18#0.56,-0.23,0.19,26.00,2.18#0.56,-0.27,0.19,26.00,2.27#0.28,-0.23,0.19,25.00,2.18#0.37,-0.23,0.18,26.00,2.27#0.66,-0.21,0.19,25.00,2.18#0.4","9:8:57, 41.3705863953, 1.9958823919, 143.8728027344, 0.7314"
2025-04-23 11:10:39,"0,811.03,126.84,454#TRH#750.98,128.00,23.95,43.00,23.97,41.64,23.98,42.26!","9:8:59, 41.3705863953, 1.9958817959, 144.0615997314, 0.8520"
2025-04-23 11:10:42,,"9:8:1, 41.3705863953, 1.9958801270, 144.2344055176, 0.6221"
2025-04-23 11:10:47,",26.00,2.09#0.28,-0.17,0.19,26.00,2.18#0.08,-0.21,0.18,26.00,2.36#0.18,-0.23,0.19,25.00,2.09","9:9:3, 41.3705863953, 1.9958794117, 144.2913055420, 0.5716"
2025-04-23 11:10:48,"81,195.46,192.53,0.00,954.74,124.25,459#535.81,199.57,200.23,0.00,799.31,124.08,462#53.10,5.81,200.86,183.06,0.00,852.69,136.64,462#53.26,5.80,202.17,193.44,0.00,820.41,116.71,462#TRH#750.98,128.00,23.97,43.29,23.98,41.95,24.00,42.50!","9:9:5, 41.3705863953, 1.9958788157, 144.3453979492, 0.5696"
2025-04-23 11:10:51,,"9:9:7, 41.3705863953, 1.9958790541, 144.1739959717, 0.5942"
2025-04-23 11:10:54,"MXA#0.07,29.48,14.00,43.46#0.07,29.37,13.96,43.56#0.07,29.51,13.96,43.32#0.07,29.33,13.95,43.53#0.07,29.50,13.95,43.33#0.07,29.50,13.96,43.49#0.07,29.01,13.85,42.69#0.07,28.29,13.85,43.30#TRH#29.70,47.12,29.70,44.70,29.83,42.69,29.6ECS#0.18,-0.23,0.18,25.00,2.18#0.08,-0.21,0.18,25.00,2.18#0.08,-0.23,0.19,26.00,2.27#0.18,-0.21,0.19,25.00,2.18#0.47,-0.23,0.19,25.00,2.18#0.37,-0.23,0.19,27.00,2.27#0.37,-0.23,0.19,26.00,2.18#0.37,-0.21,0.19,25.00,2.09#0.18,-0.21,0.18,25.00,2.18#0.56,-0.19,0.19,25.00,2.18#0.47,-0.23,0.19,24.00,2.18#0.37,-0.17,0.19,25.00,2.09#0.18,-0.19,0.18,25.00,2.18#0.56,-0.21,0.19,25.00,2.18#TRH#24.22,41.68,23.44,47.62!","9:9:9, 41.3705863953, 1.9958795309, 144.4506988525, 0.6061"
2025-04-23 11:10:57,,"9:9:11, 41.3705863953, 1.9958784580, 144.7259063721, 0.5910"
2025-04-23 11:10:58,"MXD#53.13,5.80,203.38,188.72,0.00,889.84,125.98,463#53.22,5.80,168.42,196.21,0.00,835.55,133.99,463#53.27,5.79,183.45,189.68,0.00,844.018,0.00,826.27,118.42,460#52.78,5.79,197.15,191.74,0.00,878.76,119.30,460#52.65,5.79,200.04,186.43,0.00,819.58,121.91,460#TRH#750.98,128.00,24.00,42.96,23.98,41.64,24.00,42.23!","9:9:13, 41.3705825806, 1.9958736897, 144.9535064697, 0.5529"
2025-04-23 11:11:01,,"9:9:15, 41.3705825806, 1.9958713055, 145.0695037842, 0.6207"
2025-04-23 11:11:08,",123.12,464#53.04,5.77,197.15,194.95,0.00,918.29,130.45,464#52.68,5.77,198.18,189.87,0.00,898.62,118.14,464#52.91,5.77,200.51,187.64,0.00,848.08,122.70,464#52.87,5.77,202.05,187.19,0.00,878.76,114.55,464#TRH#750.98,128.00,23.98,43.34,24.03,41.96,24.05,42.56!","9:9:17, 41.3705825806, 1.9958699942, 145.1488037109, 0.7228"
2025-04-23 11:11:11,,"9:9:19, 41.3705863953, 1.9958704710, 145.2610931396, 0.5960"
2025-04-23 11:11:11,"MXA#0.07,24.18,13.45,42.37#0.07,24.60,13.46,43.16#0.07,25.14,13.44,42.47#0.07,25.50,13.55,43.11#0.07,4,29.80,44.90,29.94,42.92,29.69,47.24!","9:9:21, 41.3705863953, 1.9958713055, 145.3377990723, 0.6759"
2025-04-23 11:11:14,"0,2.18#0.28,-0.19,0.18,26.00,2.18#0.08,-0.19,0.18,27.00,2.27#0.18,-0.21,0.18,26.00,2.18#0.37,-0.21,0.18,27.00,2.27#0.37,-0.21,0.18,27.00,2.27#0.47,-0.23,0.18,27.00,2.18#TRH#24.27,41.89,23.48,47.75!","9:9:23, 41.3705863953, 1.9958732128, 145.2727966309, 0.6174"
2025-04-23 11:11:17,,"9:9:25, 41.3705863953, 1.9958740473, 145.1956939697, 0.5800"
2025-04-23 11:11:22,47.21!,"9:9:27, 41.3705863953, 1.9958714247, 145.8300933838, 0.6292"
2025-04-23 11:11:25,,"9:9:29, 41.3705863953, 1.9958702326, 146.2792053223, 0.7730"
2025-04-23 11:11:28,"MXD#53.10,5.75,202.05,185.99,0.00,860.842.36,121.42,456#53.10,5.74,196.24,185.93,0.00,861.10,126.45,456#52.68,5.74,196.92,191.81,0.00,872.25,120.68,456#53.27,5.75,200.16,192.92,0.00,897.40,116.43,456#53.20,5.75,200.51,193.31,0.00,875.50,123.49,456#53.31,5.74,200.98,192.20,0.00,918.60,121.30,456#53.06,5.74,202.89,202.48,0.00,873.43,123.20,460#TRH#750.98,128.00,24.03,43.07,24.05,41.78,24.06,42.34!","9:9:31, 41.3705863953, 1.9958689213, 146.4815979004, 0.6285"
2025-04-23 11:11:31,,"9:9:33, 41.3705863953, 1.9958680868, 146.5166015625, 0.6774"
2025-04-23 11:11:34,"ECS#0.37,-0.23,0.18,26.00,2.18#0.37,-0.23,0.19,25.00,2.18#0.18,-0.21,0.18,26.00,2.18#0.37,-0.19,0.19,25.00,2.18#0.37,-0.14,0.19,26.00,2.18#0.28,-0.25,0.19,26.00,2.18#0.28,-0.25,0.19,27.00,2.27#0.56,-0.25,0.19,25.00,2.18#0.28,-0.21,0.19,25.00,2.18#0.28,-0.21,0.18,27.00,2.18#0.18,-0.23,0.19,26.00,2.18#0.28,-0.23,0.18,27.00,2.27#0.28,-0.21,0.18,26.00,2.18#0.18,-0.21,0.18,26.00,2.27#0.37,-0.21,0.18,26.00,2.18#0.28,-0.19,0.18,26.00,2.27#TRH#24.27,41.76,23.50,47.64!","9:9:35, 41.3705863953, 1.9958670139, 146.5050964355, 0.7987"
2025-04-23 11:11:37,,"9:9:37, 41.3705825806, 1.9958654642, 146.6311035156, 0.5851"
2025-04-23 11:11:38,"MXD#53.01,5.74,203.38,193.18,0.00,834.70,124.33,460#53.20,5.74,168.75,189.68,0.00,879.36,121.34,460#53.02,5.73,184.04,185.93,0.00,860.81,122.87,455#53.00,5.73,195.01,185.05,0.00,823.20,130.36,455#53.27,5.73,197.49,194.36,0.00,839.52,124.08,455#52.98,5.73,197.26,187.76,0.00,852.40,116.55,455#53.06,5.73,198.99,193.96,0.00,817.37,128.31,455#53.10,5.73,201.10,196.14,0.00,869.59,118.94,455#53.11,5.72,201.69,195.81,0.00,900.44,127.61,451#53.14,5.73,202.77,191.94,0.00,831.88,136.64,451#TRH#750.98,128.00,24.00,43.23,24.06,41.87,24.08,42.46!","9:9:39, 41.3705863953, 1.9958654642, 146.7772979736, 0.6335"
2025-04-23 11:11:41,,"9:9:41, 41.3705825806, 1.9958643913, 146.7109985352, 0.5768"
2025-04-23 11:11:48,"MXD#52.96,5.72,204.11,198.48,0.00,834.13,129.05,451#52.98,5.72,169.59,188.08,0.00,815.43,124.92,451#53.06,5.72,184.64,190.64,0.00,890.14,120.85,456#52.87,5.72,196.13,194.36,0.00,874.02,125.05,456#52.94,5.72,197.61,183.86,0.00,913.33,118.78,456#52.71,5.72,198.64,204.62,0.00,886.83,112.75,456#52.78,5.72,200.39,186.75,0.00,947.01,123.41,456#52.72,5.72,201.22,188.65,0.00,898.31,120.97,456#52.70,5.72,203.38,206.78,0.00,822.36,120.89,460#53.04,5.72,203.26,202.14,0.00,919.54,123.95,460#TRH#750.98,128.00,24.06,43.39,24.08,42.06,24.08,42.61!","9:9:43, 41.3705825806, 1.9958646297, 146.5435943604, 0.5589"
2025-04-23 11:11:51,,"9:9:45, 41.3705825806, 1.9958653450, 146.4004974365, 0.4903"
2025-04-23 11:11:51,"MXA#0.07,25.97,13.24,42.42#0.07,24.52,13.13,41.79#0.07,24.19,13.05,42.03#0.07,24.15,13.04,42.10#0.07,24.28,13.01,42.01#0.07,24.36,12.91,41.53#0.07,24.21,12.83,41.65#0.07,23.95,12.83,42.03#TRH#29.97,47.27,29.97,44.96,30.12,43.06,29.89,47.27!","9:9:47, 41.3705825806, 1.9958652258, 146.3800964355, 0.4965"
2025-04-23 11:11:54,"ECS#0.28,-0.23,0.19,25.00,2.18#0.18,-0.23,0.18,25.00,2.18#0.37,-0.19,0.19,25.00,2.18#0.28,-0.21,0.19,26.00,2.09#0.28,-0.17,0.18,27.00,2.18#0.28,-0.25,0.18,25.00,2.18#0.56,-0.23,0.19,26.00,2.18#0.28,-0.19,0.18,25.00,2.18#0.18,-0.23,0.18,26.00,2.18#0.37,-0.23,0.18,25.00,2.27#0.18,-0.23,0.18,27.00,2.18#0.37,-0.25,0.18,26.00,2.09#0.37,-0.27,0.18,25.00,2.18#-0.01,-0.23,0.18,26.00,2.18#0.18,-0.23,0.18,26.00,2.18#TRH#24.27,42.58,23.52,48.21!","9:9:49, 41.3705825806, 1.9958651066, 146.4333038330, 0.5442"
2025-04-23 11:11:57,,"9:9:51, 41.3705825806, 1.9958660603, 146.3787994385, 0.6382"
2025-04-23 11:11:58,"0,875.79,122.33,463#TRH#750.98,128.00,24.08,44.99,24.11,43.94,24.09,44.57!","9:9:53, 41.3705825806, 1.9958697557, 145.9790039063, 0.5227"
2025-04-23 11:12:01,,"9:9:55, 41.3705749512, 1.9958710670, 145.4579925537, 0.5493"
2025-04-23 11:12:02,"MXA#0.07,22.45,12.62,41.95#0.07,21.20,12.46,41.93#0.07,20.00,12.23,41.33#0.07,19.07,12.04,41.66#0.07,18.16,11.76,41.33#0.07,17.47,11.45,40.79#0.07,16.91,11.14,40.85#0.07,16.46,10.85,41.31#0.07,16.11,10.53,41.48#TRH#30.03,47.56,30.03,45.43,30.17,43.49,29.95,47.56!","9:9:57, 41.3705673218, 1.9958753586, 144.7135009766, 0.4363"
2025-04-23 11:12:05,"ECS#0.37,-0.23,0.19,26.00,2.18#0.18,-0.21,0.19,26.00,2.18#0.18,-0.25,0.19,26.00,2.18#0.37,-0.23,0.19,27.00,2.18#0.08,-0.25,0.19,26.00,2.09#0.08,-0.25,0.19,26.00,2.18#0.37,-0.21,0.19,26.00,2.18#0.18,-0.19,0.19,26.00,2.27#0.28,-0.19,0.18,26.00,2.18#0.18,-0.19,0.19,26.00,2.27#0.28,-0.19,0.19,26.00,2.27#0.47,-0.14,0.19,26.00,2.27#0.08,-0.23,0.19,27.00,2.27#0.28,-0.21,0.19,26.00,2.27#0.18,-0.19,0.19,27.00,2.27#0.28,-0.21,0.19,26.00,2.18#TRH#24.27,43.29,23.55,48.91!","9:9:59, 41.3705520630, 1.9958810806, 144.6338958740, 0.3838"
2025-04-23 11:12:08,,"9:9:1, 41.3705368042, 1.9958829880, 144.5885925293, 0.4289"
2025-04-23 11:12:09,"0,827.39,119.67,465#TRH#750.98,128.00,24.08,45.23,24.08,44.24,24.11,45.06!","9:10:3, 41.3705253601, 1.9958868027, 144.4535064697, 0.4016"
2025-04-23 11:12:12,,"9:10:5, 41.3705139160, 1.9958893061, 144.5579071045, 0.4794"
2025-04-23 11:12:12,"MXA#0.07,15.53,9.80,41.28#0.07,15.40,9.58,41.47#0.07,15.31,9.36,41.61#0.07,15.41,9.23,41.28#0.07,15.39,9.10,41.50#0.08,15.41,8.98,41.49#0.08,15.40,8.86,41.18#0.08,15.56,8.81,41.37#TRH#30.05,47.92,30.06,46.20,30.20,44.44,29.97,47.92!","9:10:7, 41.3705024719, 1.9958927631, 144.6183929443, 0.5206"
2025-04-23 11:12:14,"ECS#0.37,-0.21,0.19,26.00,2.18#0.28,-0.23,0.19,26.00,2.27#0.28,-0.19,0.19,26.00,2.09#0.28,-0.14,0.19,26.00,2.18#0.18,-0.23,0.18,26.00,2.18#0.28,-0.19,0.19,26.00,2.27#0.18,-0.21,0.19,26.00,2.27#0.37,-0.17,0.19,26.00,2.18#TRH#24.28,44.56,23.55,49.88!","9:10:9, 41.3704872131, 1.9958977699, 144.5686950684, 0.5338"
2025-04-23 11:12:17,,"9:10:11, 41.3704719543, 1.9959014654, 144.7127990723, 0.5108"
2025-04-23 11:12:24,"ECS#0.37,-0.19,0.19,26.00,2.27#0.28,-0.17,0.19,27.00,2.27#0.37,-0.23,0.19,26.00,2.18#0.47,-0.17,0.19,28.00,2.36#0.47,-0.19,0.20,26.00,2.27#0.28,-0.17,0.19,25.00,2.27#0.28,-0.19,0.20,26.00,2.18#0.18,-0.21,0.19,26.00,2.27#0.28,-0.21,0.19,26.00,2.27#0.18,-0.21,0.19,25.00,2.18#0.18,-0.23,0.19,25.00,2.18#0.37,-0.23,0.19,27.00,2.18#0.56,-0.23,0.20,27.00,2.27#0.47,-0.21,0.19,26.00,2.27#TRH#24.30,43.53,23.56,49.26!","9:10:13, 41.3704605103, 1.9959056377, 144.6392974854, 0.4852"
2025-04-23 11:12:27,,"9:10:17, 41.3704376221, 1.9959101677, 145.3715972900, 0.8458"
2025-04-23 11:12:31,"MXD#52.76,5.67,198.76,186.56,0.00,856.45,125.90,463#52.62,5.67,166.45,194.56,0.00,905.33,117.46,463#52.97,5.67,181.49,182.75,0.00,835.55,117.86,463#53.01,5.68,192.48,183.31,0.00,918.29,122.37,463#52.78,5.67,192.81,192.39,0.00,822.36,112.44,463#52.85,5.67,195.23,180.17,0.00,819.58,118.58,465#52.82,5.67,196.47,190.64,0.00,863.73,118.54,465#52.85,5.67,199.34,185.43,0.00,822.36,129.26,465#53.19,5.67,202.41,177.99,0.00,893.46,111.87,465#TRH#750.98,128.00,24.11,43.4","9:10:19, 41.3704223633, 1.9959125519, 145.5986022949, 0.8861"
2025-04-23 11:12:31,"8,41.08#0.08,15.86,8.55,41.36#0.08,15.78,8.49,41.14#TRH#30.11,47.15,30.17,44.63,30.30,42.69,30.06,47.15!","9:10:21, 41.3704071045, 1.9959170818, 145.7142028809, 0.6755"
2025-04-23 11:12:34,"ECS#0.37,-0.23,0.20,26.00,2.18#0.56,-0.19,0.19,26.00,2.18#0.56,-0.23,0.19,27.00,2.36#0.47,-0.21,0.19,26.00,2.27#0.76,-0.21,0.19,27.00,2.18#0.76,-0.21,0.19,26.00,2.09#0.66,-0.17,0.20,27.00,2.27#0.56,-0.23,0.19,27.00,2.27#0.66,-0.23,0.18,26.00,2.18#0.37,-0.23,0.19,25.00,2.27#0.37,-0.25,0.18,26.00,2.09#0.47,-0.23,0.19,26.00,2.18#0.56,-0.23,0.19,25.00,2.18#0.47,-0.12,0.19,25.00,2.09#0.47,-0.21,0.19,26.00,2.09#TRH#24.30,42.37,23.58,48.20!","9:10:25, 41.3703765869, 1.9959274530, 145.6542053223, 0.5048"
2025-04-23 11:12:37,,"9:10:27, 41.3703613281, 1.9959350824, 145.5944061279, 0.4669"
2025-04-23 11:12:38,"MXD#53.08,5.66,202.89,192.13,0.00,917.67,111.27,474#52.89,5.66,170.27,179.50,0.00,813.78,111.19,474#52.91,5.66,184.64,192.78,0.00,933.33,118.22,474#52.98,5.66,195.68,185.24,0.00,843.22,116.08,474#53.05,5.66,197.15,186.18,0.00,859.06,110.82,477#52.89,.68,6.57,477#TRH#750.98,128.00,24.12,56.87,24.14,58.15,24.14,60.71!","9:10:29, 41.3703460693, 1.9959409237, 145.3414001465, 0.4090"
2025-04-23 11:12:41,,"9:10:31, 41.3703308105, 1.9959455729, 145.4141998291, 0.4117"
2025-04-23 11:12:44,"1,60.16!","9:10:33, 41.3703155518, 1.9959455729, 145.3721008301, 0.4161"
2025-04-23 11:12:47,,"9:10:35, 41.3703002930, 1.9959424734, 144.9756927490, 0.4229"
2025-04-23 11:12:51,"MXA#0.08,0.98,1.72,5.86#0.08,0.98,1.74,5.79#0.08,0.97,1.73,5.69#0.08,0.98,1.75,5.64#0.08,1.10,1.93,5.96#0.08,1.27,2.14,6.43#0.08,1.41,2.35,7.00#0.08,1.50,2.42,7.33#TRH#30.23,49.11,30.28,48.32,30.39,46.66,30.14,49.11!","9:10:37, 41.3702850342, 1.9959408045, 144.7696990967, 0.4209"
2025-04-23 11:12:54,,"9:10:39, 41.3702697754, 1.9959388971, 144.5800018311, 0.4103"
2025-04-23 11:13:01,"MXA#0.08,2.18,3.04,8.99#0.08,2.78,3.45,10.05#0.08,3.48,3.85,11.17#0.08,4.42,4.30,12.47#0.08,5.35,4.66,13.82#0.08,6.34,4.99,15.24#0.08,7.32,5.28,16.74#0.08,8.32,5.57,18.44#TRH#30.31,47.25,30.31,44.94,30.44,42.90,30.20,47.25!","9:10:41, 41.3702545166, 1.9959371090, 144.1643981934, 0.5079"
2025-04-23 11:13:03,"ECS#10.47,4.50,0.23,28.00,2.36#9.80,4.13,0.22,28.00,2.36#9.22,3.82,0.22,29.00,2.45#8.55,3.39,0.22,27.00,2.27#8.07,3.16,0.22,27.00,2.27#7.68,2.97,0.22,28.00,2.36#7.68,2.97,0.22,26.0.00,2.18#4.89,1.65,0.21,27.00,2.27#4.51,1.55,0.21,26.00,2.18#3.84,1.47,0.22,27.00,2.27#3.64,1.34,0.21,27.00,2.27#TRH#24.33,44.15,23.64,50.12!","9:10:43, 41.3702392578, 1.9959380627, 144.5104064941, 0.5249"
2025-04-23 11:13:06,,"9:10:45, 41.3702278137, 1.9959375858, 144.6544036865, 0.5592"
2025-04-23 11:13:11,"MXA#0.08,9.47,5.96,21.98#0.08,9.53,6.07,23.52#0.09,9.13,6.11,24.77#0.09,8.46,6.10,25.76#0.09,7.67,6.07,26.73#0.09,6.65,5.99,27.34#0.09,5.37,5.73,27.40#0.09,4.25,5.38,26.49#TRH#30.38,47.51,30.36,45.58,30.48,43.83,30.27,47.51!","9:10:47, 41.3702163696, 1.9959372282, 144.7400054932, 0.4805"
2025-04-23 11:13:13,"ECS#3.35,1.14,0.21,27.00,2.36#3.16,1.03,0.21,26.00,2.27#3.16,0.93,0.21,27.00,2.27#2.97,0.85,0.21,27.00,2.36#2.78,0.81,0.21,27.00,2.27#2.58,0.76,0.21,27.00,2.36#2.58,0.62,0.21,26.00,2.36#2.49,0.49,0.64,0.21,28.00,2.27#2.49,0.60,0.21,28.00,2.27#2.39,0.60,0.21,27.00,2.27#2.20,0.64,0.21,27.00,2.36#2.30,0.72,0.21,28.00,2.27#2.49,0.74,0.21,29.00,2.45#TRH#24.34,45.82,23.64,50.87!","9:10:49, 41.3702049255, 1.9959356785, 145.0238037109, 0.4597"
2025-04-23 11:13:16,,"9:10:51, 41.3701896667, 1.9959414005, 145.1784973145, 0.3584"
2025-04-23 11:13:17,"5,2173#31.58,5.38,24.25,91.34,0.00,148.21,14.35,2173#28.85,5.37,17.57,77.49,0.00,115.76,9.64,2173#25.72,5.37,13.35,67.24,0.00,87.92,7.48,2035#23.72,5.36,9.52,60.03,0.00,75.83,6.41,2035#TRH#750.98,128.00,24.17,58.29,24.22,59.53,24.23,61.88!","9:10:53, 41.3701820374, 1.9959443808, 144.9945983887, 0.4390"
2025-04-23 11:13:20,,"9:10:55, 41.3701858521, 1.9959454536, 144.8119049072, 0.3561"
2025-04-23 11:13:26,"68,44.24,0.00,47.37,6.18,2594#21.34,5.29,5.68,44.26,0.00,46.08,5.66,2594#21.29,5.28,5.68,43.04,0.00,45.23,6.43,2594#21.48,5.28,5.68,48.10,0.00,54.63,9.07,3168#TRH#750.98,128.00,24.20,58.43,24.22,58.76,24.23,57.22!","9:11:7, 41.3701858521, 1.9959472418, 144.8914947510, 0.4250"
2025-04-23 11:13:29,"0,1.27,2.26,6.51#0.10,1.41,2.40,7.00#TRH#30.52,48.99,30.50,48.04,30.59,46.37,30.36,48.99!","9:11:9, 41.3701858521, 1.9959522486, 144.3188934326, 0.3900"
2025-04-23 11:13:32,,"9:11:17, 41.3701820374, 1.9959524870, 143.7763061523, 0.2094"
2025-04-23 11:13:36,"0,96.59,20.20,3664#29.31,5.26,7.25,84.84,0.00,124.20,25.41,3664#30.65,5.25,7.97,77.65,0.00,101.79,19.86,3664#27.86,5.25,8.59,68.07,0.00,80.18,12.23,3896#TRH#750.98,128.00,24.22,51.15,24.22,50.51,24.23,50.43!","9:11:21, 41.3701858521, 1.9959571362, 142.5767974854, 0.2307"
2025-04-23 11:13:39,,"9:11:23, 41.3701896667, 1.9959582090, 140.9228973389, 0.2082"
2025-04-23 11:13:46,"MXD#30.07,5.24,7.48,84.13,0.00,116.39,24.29,3896#31.07,5.25,7.06,85.74,0.00,127.05,28.00,3896#31.92,5.25,8.48,96.07,0.00,134.49,35.07,4106#33.00,5.24,9.56,103.18,0.00,154.82,33.92,4106#34.10,5.25,10.62,103.28,0.00,176.61,37.89,4106#34.79,5.26,12.10,107.93,0.00,172.53,41.34,4106#35.50,5.26,13.25,119.58,0.00,179.44,40.01,4106#36.32,5.27,14.49,121.62,0.00,186.24,41.37,4106#36.83,5.26,15.77,121.01,0.00,209.10,43.87,4098#37.36,5.27,16.89,130.81,0.00,208.68,44.86,4098#TRH#750.98,128.00,24.22,44.60,24.25,43.53,24.27,44.02!","9:11:25, 41.3701896667, 1.9959588051, 140.1477050781, 0.1944"
2025-04-23 11:13:49,"MXA#0.12,3.51,3.86,13.58#0.13,4.00,4.13,14.91#0.13,4.75,4.41,16.51#0.13,5.39,4.66,18.07#0.13,5.46,4.78,19.38#0.14,5.77,4.89,20.71#0.14,6.04,4.99,22.16#0.14,4.93,4.89,23.07#TRH#30.64,47.44,30.61,45.41,30.72,43.68,30.47,47.44!","9:11:27, 41.3701896667, 1.9959590435, 140.6320953369, 0.1968"
2025-04-23 11:13:51,"ECS#7.30,2.79,0.23,27.00,2.27#6.43,2.42,0.22,28.00,2.36#6.24,2.15,0.22,28.00,2.36#5.86,2.02,0.22,28.00,2.36#5.57,1.82,0.22,27.00,2.27#5.18,1.69,0.22,28.00,2.27#4.51,1.59,0.22,28.00,2.27#4.70,1.53,0.22,27.00,2.36#4.22,1.51,0.22,28.00,2.45#4.12,1.34,0.22,27.00,2.27#3.64,1.26,0.22,27.00,2.36#3.84,1.28,0.21,29.00,2.36#3.84,1.30,0.22,28.00,2.36#3.93,1.36,0.21,28.00,2.45#TRH#24.34,45.98,23.78,51.13!","9:11:29, 41.3701896667, 1.9959590435, 140.6697998047, 0.1779"
2025-04-23 11:13:54,,"9:11:31, 41.3701896667, 1.9959598780, 140.9246978760, 0.1893"
2025-04-23 11:13:55,"0.60,0.00,214.62,30.06,4099#33.61,5.30,15.44,123.28,0.00,209.03,29.98,4099#34.08,5.30,14.31,126.92,0.00,215.06,32.03,4099#34.48,5.30,14.39,126.11,0.00,235.55,30.49,3998#35.12,5.31,14.81,132.50,0.00,244.41,35.54,3998#TRH#750.98,128.00,24.25,45.45,24.25,44.55,24.27,45.20!","9:11:33, 41.3701858521, 1.9959601164, 141.1233062744, 0.1813"
2025-04-23 11:13:58,,"9:11:35, 41.3701858521, 1.9959613085, 140.9194030762, 0.1740"
2025-04-23 11:14:04,"00,2.36#3.26,1.12,0.21,28.00,2.45#3.2","9:11:37, 41.3701934814, 1.9959660769, 141.0438995361, 0.1494"
2025-04-23 11:14:05,"MXD#35.93,5.31,15.69,139.59,0.00,259.50,36.70,3998#36.31,5.31,14.06,147.56,0.00,251.20,39.13,3998#36.97,5.31,15.92,145.42,0.00,268.25,41.68,3998#37.65,5.31,17.47,146.96,0.00,280.98,42.31,3832#38.23,5.31,18.72,150.53,0.00,309.75,43.90,3832#38.87,5.31,19.93,148.10,0.00,319.76,44.95,3832#39.55,5.31,21.20,154.14,0.00,285.87,46.73,3832#40.11,5.32,22.19,150.07,0.00,294.91,51.07,3832#40.48,5.31,23.70,163.32,0.00,322.48,49.70,3763#40.86,5.31,24.54,159.45,0.00,358.88,49.12,3763#TRH#750.98,128.00,24.25,43.91,24.28,42.52,24.31,43.07!","9:11:39, 41.3701934814, 1.9959679842, 140.7888031006, 0.1494"
2025-04-23 11:14:08,",42.96,30.62,47.19!","9:11:41, 41.3701896667, 1.9959702492, 141.0718994141, 0.1463"
2025-04-23 11:14:11,,"9:11:43, 41.3701858521, 1.9959714413, 141.7288970947, 0.1354"
2025-04-23 11:14:15,"H#750.98,128.00,24.30,44.11,24.28,42.84,24.28,43.47!","9:11:45, 41.3701858521, 1.9959738255, 142.0540924072, 0.1366"
2025-04-23 11:14:18,,"9:11:53, 41.3702201843, 1.9959686995, 141.6100006104, 0.2579"
2025-04-23 11:14:18,"MXA#0.12,9.88,5.54,35.75#0.12,9.99,5.56,36.26#0.11,10.08,5.61,37.33#0.11,10.12,5.61,37.51#0.10,10.16,5.62,37.79#0.10,10.22,5.63,38.02#0.10,10.23,5.65,38.82#0.09,10.26,5.67,39.21#TRH#30.84,47.10,30.78,44.65,30.92,42.59,30.67,47.10!","9:11:55, 41.3702201843, 1.9959696531, 141.5912017822, 0.1661"
2025-04-23 11:14:24,".27#0.95,-0.00,0.18,26.00,2.27#1.1","9:11:1, 41.3702201843, 1.9959703684, 141.3641052246, 0.1758"
2025-04-23 11:14:28,"MXD#44.73,5.31,30.69,163.88,0.00,369.60,75.50,2723#44.79,5.32,28.19,163.16,0.00,405.65,63.40,2723#45.05,5.32,30.32,173.64,0.00,384.66,73.28,2723#45.10,5.32,31.55,170.56,0.00,374.38,76.50,2723#45.32,5.32,32.12,171.48,0.00,403.19,75.29,2723#45.63,5.31,32.61,178.65,0.00,414.81,77.91,2723#45.77,5.32,33.27,163.21,0.00,408.27,76.14,2723#45.80,5.32,33.69,167.81,0.00,418.48,82.61,2509#45.98,5.31,34.34,171.13,0.00,419.62,79.56,2509#46.12,5.31,34.76,160.96,0.00,427.93,84.331.00,42.28,30.72,46.92!","9:12:7, 41.3702201843, 1.9959710836, 141.2866973877, 0.1395"
2025-04-23 11:14:30,"ECS#0.85,-0.04,0.18,26.00,2.27#1.14,-0.04,0.19,26.00,2.27#1.05,-0.04,0.19,26.00,2.27#1.14,-0.00,0.19,27.00,2.27#1.14,-0.04,0.18,26.00,2.18#1.24,0.06,0.19,27.00,2.36#1.05,-0.02,0.18,26.00,2.27#1.05,-0.02,0.18,26.00,2.27#0.66,-0.04,0.19,27.00,2.36#1.05,-0.02,0.19,27.00,2.27#1.05,-0.02,0.19,26.00,2.18#0.76,-0.04,0.18,27.00,2.36#0.76,-0.04,0.18,25.00,2.18#0.95,-0.02,0.18,26.00,2.27#TRH#24.42,42.78,23.88,48.26!","9:12:9, 41.3702278137, 1.9959722757, 139.9414062500, 0.0141"
2025-04-23 11:14:33,,"9:12:23, 41.3702278137, 1.9959732294, 140.8927001953, 0.0303"
2025-04-23 11:14:37,"MXD#46.46,5.31,34.99,174.23,0.00,400.20,87.44,2246#46.60,5.31,31.78,176.31,0.00,417.07,86.67,2246#46.79,5.31,34.43,178.23,0.00,433.33,88.78,2246#46.57,5.32,35.54,166.45,0.00,456.51,85.16,2246#46.98,5.31,36.12,","9:12:25, 41.3702125549, 1.9959635735, 141.1428985596, 0.1282"
2025-04-23 11:14:43,"ECS#1.05,-0.00,0.18,26.00,2.18#0.76,-0.06,0.18,27.00,2.18#0.66,-0.08,0.18,26.00,2.18#0.95,-0.04,0.18,26.00,2.27#0.85,-0.06,0.18,26.00,2.18#0.95,-0.04,0.18,26.00,2.18#0.95,-0.06,0.18,25.00,2.18#0.85,-0.12,0.18,26.00,2.27#0.76,-0.08,0","9:12:27, 41.3701934814, 1.9959573746, 140.9575958252, 0.1150"
2025-04-23 11:14:44,"20,1592#48.22,5.31,42.65,172.65,0.00,498.84,102.07,1592#TRH#750.98,128.00,24.34,45.13,24.33,43.96,24.36,44.72!","9:12:29, 41.3701782227, 1.9959464073, 140.9906005859, 0.0871"
2025-04-23 11:14:47,,"9:12:31, 41.3701667786, 1.9959372282, 140.9020996094, 0.1316"
2025-04-23 11:14:47,"MXA#0.07,10.85,5.84,40.94#0.07,10.88,5.87,41.26#0.07,10.92,5.87,40.72#0.07,10.91,5.88,40.86#0.07,10.88,5.88,40.78#0.07,10.88,5.88,40.62#0.07,10.82,5.87,40.70#0.07,10.78,5.88,41.26#TRH#31.00,47.44,30.97,45.23,31.11,43.21,30.83,47.44!","9:12:59, 41.3701629639, 1.9959357977, 140.2767028809, 0.0645"
2025-04-23 11:14:50,"ECS#0.85,-0.04,0.19,27.00,2.27#0.56,-0.06,0.18,27.00,2.27#0.66,-0.06,0.18,27.00,2.27#0.56,-0.10,0.18,27.00,2.18#0.56,-0.10,0.18,27.00,2.27#0.66,-0.06,0.18,26.00,2.27#0.56,-0.10,0.19,26.00,2.27#0.66,-0.10,0.18,44.07,23.91,49.24!","9:12:1, 41.3701629639, 1.9959363937, 140.1705017090, 0.0685"
2025-04-23 11:14:53,,"9:13:3, 41.3701629639, 1.9959363937, 140.1291046143, 0.0678"
2025-04-23 11:14:57,"MXD#48.30,5.30,43.35,167.13,0.00,493.80,109.66,1553#48.35,5.30,38.78,173.23,0.00,493.80,96.46,1553#48.44,5.31,41.69,168.72,0.00,497.83,115.25,1553#48.47,5.30,43.30,171.71,0.00,465.25,108.04,1553#48.41,5.31,43.92,173.47,0.00,465.09,1","9:13:5, 41.3701629639, 1.9959365129, 140.1148071289, 0.0677"
2025-04-23 11:14:58,.37!,"9:13:7, 41.3701629639, 1.9959367514, 140.0426940918, 0.0670"
2025-04-23 11:15:01,",44.15,23.92,49.31!","9:13:9, 41.3701629639, 1.9959369898, 139.9808959961, 0.0672"
2025-04-23 11:15:04,,"9:13:11, 41.3701629639, 1.9959362745, 140.1280059814, 0.0621"
2025-04-23 11:15:08,"MXD#48.84,5.31,48.04,179.50,0.00,525.71,102.31,1248#49.00,5.31,42.40,173.35,0.00,523.22,106.12,1248#48.97,5.30,45.62,172.82,0.00,555.71,103.56,1248#49.22,5.31,48.15,177.44,0.00,512.5","9:13:13, 41.3701629639, 1.9959355593, 140.2174072266, 0.0603"
2025-04-23 11:15:12,"MXA#0.07,10.79,5.91,41.18#0.06,10.80,5.91,40.99#0.06,10.82,5.92,40.94#0.06,10.84,5.95,41.47#0.06,10.85,5.95,41.31#0.06,10.6,23.92,49.10!","9:13:15, 41.3701629639, 1.9959352016, 140.2422027588, 0.0601"
2025-04-23 11:15:15,,"9:13:17, 41.3701629639, 1.9959347248, 140.3300018311, 0.0593"
2025-04-23 11:15:15,",115.57,842#TRH#750.98,128.00,24.36,44.14,24.41,42.92,24.39,43.59!","9:13:19, 41.3701629639, 1.9959342480, 140.4125061035, 0.0592"
2025-04-23 11:15:18,,"9:13:21, 41.3701629639, 1.9959338903, 140.4900970459, 0.0591"
2025-04-23 11:15:19,,"9:13:23, 41.3701629639, 1.9959336519, 140.5200958252, 0.0594"
2025-04-23 11:15:21,"ECS#0.47,-0.17,0.18,27.00,2.18#0.47,-0.12,0.18,26.00,2.18#0.56,-0.17,0.18,26.00,2.27#0.47,-0.14,0.18,27.00,2.36#0,2.18#0.37,-0.14,0.18,26.00,2.27#0.85,-0.08,0.19,26.00,2.27#0.56,-0.14,0.19,27.00,2.27#0.47,-0.14,0.18,26.00,2.18#0.47,-0.14,0.18,27.00,2.18#0.76,-0.17,0.19,26.00,2.27#0.37,-0.19,0.19,26.00,2.18#0.28,-0.17,0.19,26.00,2.27#TRH#24.47,44.11,23.92,49.19!","9:13:25, 41.3701591492, 1.9959335327, 140.5410003662, 0.0574"
2025-04-23 11:15:24,,"9:13:27, 41.3701591492, 1.9959331751, 140.5653076172, 0.0582"
2025-04-23 11:15:26,"58.63,183.06,0.00,571.93,123.20,837#50.16,5.31,59.08,185.80,0.00,578.94,112.78,837#50.17,5.31,59.78,193.31,0.00,606.63,112.14,845#50.13,5.31,60.25,179.99,0.00,592.82,119.46,845#50.28,5.31,60.68,182.62,0.00,586.84,114.32,845#TRH#750.98,128.00,24.38,44.67,24.41,43.22,24.42,43.65!","9:13:29, 41.3701591492, 1.9959328175, 140.6024017334, 0.0577"
2025-04-23 11:15:31,"MXA#0.05,11.51,6.14,41.39#0.05,11.46,6.16,41.85#0.05,11.41,6.16,41.81#0.05,11.42,6.16,41.11#0.05,11.46,0.19,25.00,2.27#0.56,-0.14,0.19,26.00,.95,48.56!","9:13:31, 41.3701591492, 1.9959325790, 140.6378021240, 0.0573"
2025-04-23 11:15:34,,"9:13:33, 41.3701591492, 1.9959317446, 140.7810974121, 0.0567"
2025-04-23 11:15:41,"26.00,2.27#0.66,-0.17,0.18,26.00,2.18#0.57,-0.14,0.18,26.00,2.27#0.47,-0.10,0.19,26.00,2.27#0.66,-0.12,0.19,26.00,2.27#0.37,-0.17,0.18,25.00,2.18#0.47,-0.19,0.19,26.00,2.18#0.56,-0.17,0.18,26.00,2.18#TRH#24.48,42.73,23.94,48.05!","9:13:35, 41.3701591492, 1.9959306717, 140.9486999512, 0.0561"
2025-04-23 11:15:44,,"9:13:37, 41.3701591492, 1.9959297180, 141.0841064453, 0.0555"
2025-04-23 11:15:45,"MXD#50.71,5.31,66.18,193.18,0.00,597.25,126.58,842#50.84,5.31,58.80,188.97,0.00,619.07,120.31,842#50.78,5.31,63.71,193.31,0.00,621.59,116.08,836#50.88,5.31,66.03,177.56,0.00,650.21,116.39,836#50.98,5.31,66.18,185.87,0.00,669.87,113.78,836#50.83,5.31,66.49,188.14,0.00,649.55,116.67,836#50.88,5.31,67.17,182.38,0.00,692.93,129.62,836#50.74,5.31,67.76,180.47,0.00,623.70,116.08,819#50.96,5.31,68.08,189.17,0.00,612.61,120.03,819#50.85,5.31,68.52,177.26,0.00,625.18,112.02,819#TRH#750.98,128.00,24.42,44.16,24.41,42.87,24.45,43.54!","9:13:39, 41.3701591492, 1.9959291220, 141.1685028076, 0.0549"
2025-04-23 11:15:48,"MXA#0.05,11.10,6.37,41.69#0.05,11.02,6.37,41.45#0.05,10.94,6.36,40.82#0.05,10.79,6.37,41.05#0.05,10.78,6.36,40.98#0.05,10.70,6.39,41.47#0.05,10.63,6.38,41.28#0.05,10.67,6.39,41.17#TRH#31.31,46.96,31.31,44.44,31.42,42.34,31.17,46.96!","9:13:41, 41.3701591492, 1.9959285259, 141.2559967041, 0.0542"
2025-04-23 11:15:53,"ECS#0.37,-0.14,0.18,26.00,2.18#0.66,-0.14,0.18,28.00,2.27#0.47,-0.14,0.18,26.00,2.18#0.47,-0.17,0.18,26.00,2.18#0.37,-0.12,0.18,26.00,2.18#0.47,-0.12,0.18,26.00,2.27#0.28,-0.14,0.18,26.00,2.27#0.56,-0.14,0.18,25.00,2.18#0.37,-0.14,0.18,26.00,2.27#0.56,-0.08,0.19,","9:13:43, 41.3701591492, 1.9959276915, 141.3728027344, 0.0497"
2025-04-23 11:15:54,"MXD#50.80,5.31,69.25,178.11,0.00,636.49,117.02,804#50.74,5.30,60.98,187.83,0.00,690.12,113.20,804#50.82,5.31,66.49,192.66,0.00,628.78,112.97,804#51.14,5.31,68.36,183.68,0.00,649.11,117.42,804#50.92,5.30,69.25,86#TRH#750.98,128.00,24.45,43.93,24.45,42.41,24.47,42.96!","9:13:45, 41.3701591492, 1.9959270954, 141.4667968750, 0.0605"
2025-04-23 11:15:57,,"9:13:47, 41.3701591492, 1.9959259033, 141.6551971436, 0.0574"
2025-04-23 11:15:58,"MXA#0.05,10.73,6.40,41.10#0.05,10.68,6.39,41.13#0.05,10.67,6.39,41.02#0.05,10.56,6.38,41.24#0.05,10.58,6.38,41.08#0.05,10.69,6.40,41.24#0.05,10.81,6.38,40.71#0.05,11.00,6.41,40.92#TRH#31.36,46.67,31.36,43.91,31.47,41.68,31.25,46.67!","9:13:49, 41.3701591492, 1.9959248304, 141.8417053223, 0.0599"
2025-04-23 11:16:00,"ECS#0.37,-0.19,0.18,26.00,2.27#0.56,-0.08,0.18,27.00,2.27#0.28,-0.12,0.18,27.00,2.27#0.56,-0.12,0.19,26.00,2.18#0.47,-0.14,0.18,25.00,2.18#0.37,-0.12,0.18,26.00,2.18#0.56,-0.08,0.19,27.00,2.18#0.47,-0.12,0.18,26.00,2.18#0.37,-0.14,0.18,26.00,2.18#0.37,-0.17,0.19,26.00,2.18#0.37,-0.17,0.19,26.00,2.27#0.37,-0.17,0.19,26.00,2.18#0.28,-0.17,0.18,26.00,2.18#0.47,-0.17,0.18,26.00,2.18#TRH#24.53,42.45,24.00,47.93!","9:13:51, 41.3701553345, 1.9959239960, 141.9331970215, 0.0558"
2025-04-23 11:16:02,SPLRoff,"9:13:53, 41.3701553345, 1.9959236383, 141.9987945557, 0.0455"
2025-04-23 11:16:05,"189.17,0.00,639.52,123.37,707#51.42,5.31,73.29,188.14,0.00,632.41,112.75,707#51.32,5.31,74.44,192.13,0.00,660.41,116.90,688#51.35,5.31,74.70,178.95,0.00,650.21,121.75,688#51.26,5.31,75.56,184.61,0.00,694.10,120.23,688#51.25,5.31,76.03,191.74,0.00,654.63,126.71,688#TRH#750.98,128.00,24.42,44.15,24.48,42.71,24.50,43.24!","9:13:57, 41.3701553345, 1.9959230423, 142.1248016357, 0.0466"
2025-04-23 11:16:08,,"9:13:1, 41.3701553345, 1.9959230423, 142.1132049561, 0.0592"
2025-04-23 11:16:10,"ECS#0.47,-0.17,0.18,25.00,2.18#0.56,-0.19,0.18,27.00,2.18#0.37,-0.23,0.18,27.00,2.27#0.66,-0.14,0.18,26.00,2.18#0.47,-0.14,0.18,26.00,2.18#0.76,-0.10,0.18,26.00,2.18#0.47,-0.21,0.18,27.00,2.27#0.56,-0.17,0.18,25.00,2.09#0.47,-0.14,0.18,27.00,2.27#0.47,-0.17,0.18,26.00,2.18#0.47,-0.21,0.18,26.00,2.18#0.47,-0.12,0.18,26.00,2.27#0.28,-0.14,0.18,27.00,2.18#0.56,-0.12,0.18,26.00,2.27#0.47,-0.17,0.18,25.00,2.18#TRH#24.53,42.39,24.02,47.90!","9:14:3, 41.3701553345, 1.9959231615, 142.0670013428, 0.0484"
2025-04-23 11:16:13,,"9:14:5, 41.3701553345, 1.9959230423, 142.1159973145, 0.0412"
2025-04-23 11:16:15,"MXD#51.26,5.31,76.44,201.05,0.00,693.40,125.98,656#51.35,5.31,67.87,181.88,0.00,653.74,119.62,656#51.41,5.31,73.67,190.19,0.00,708.10,124.25,656#51.73,5.31,76.03,189.17,0.00,637.36,129.18,656#51.54,5.32,76.58,183.99,0.00,680.61,119.22,656#51.76,5.31,77.62,192.33,0.00,691.75,123.53,655#51.48,5.31,78.41,198.61,0.00,668.73,121.17,655#51.60,5.31,79.21,196.67,0.00,699.05,132.59,655#51.52,5.31,79.95,187.70,0.00,639.73,120.11,655#51.47,5.32,80.33,188.78,0.00,676.25,116.43,655#TRH#750.98,128.00,24.45,44.02,24.47,42.62,24.48,43.11!","9:14:7, 41.3701553345, 1.9959224463, 142.2330017090, 0.0484"
2025-04-23 11:16:18,,"9:14:11, 41.3701553345, 1.9959225655, 142.2588958740, 0.0443"
2025-04-23 11:16:18,"45,46.73,31.47,44.22,31.59,42.16,31.36,46.73!","9:14:13, 41.3701553345, 1.9959228039, 142.2270050049, 0.0623"
2025-04-23 11:16:21,"ECS#0.56,-0.17,0.18,26.00,2.27#0.47,-0.19,0.18,26.00,2.18#0.28,-0.19,0.18,26.00,2.18#0.47,-0.14,0.18,26.00,2.27#0.28,-0.19,0.18,26.00,2.18#0.47,-0.17,0.18,26.00,2.27#0.56,-0.14,0.19,26.00,2.18#0.28,-0.19,0.18,26.00,2.18#0.28,-0.19,0.18,26.00,2.18#0.66,-0.06,0.19,26.00,2.18#0.37,-0.17,0.18,27.00,2.18#0.47,-0.12,0.19,26.00,2.09#0.28,-0.14,0.18,27.00,2.36#0.47,-0.10,0.18,26.00,2.27#0.37,-0.19,0.18,26.00,2.18#0.47,-0.10,0.19,26.00,2.18#TRH#24.55,42.94,24.02,48.22!","9:14:15, 41.3701553345, 1.9959225655, 142.2458038330, 0.0555"
2025-04-23 11:16:24,,"9:14:17, 41.3701553345, 1.9959210157, 142.5509948730, 0.0776"
2025-04-23 11:16:28,"MXD#51.79,5.31,80.48,187.38,0.00,651.75,123.95,651#51.89,5.32,71.87,195.22,0.00,665.12,120.68,651#51.76,5.31,77.62,193.64,0.00,770.62,109.73,651#51.67,5.31,80.10,189.68,0.00,743.97,119.87,651#51.67,5.31,80.40,199.42,0.00,713.15,116.31,651#51.88,5.32,81.09,192.07,0.00,690.59,119.58,651#51.67,5.31,82.10,186.62,0.00,703.09,121.34,640#51.97,5.32,82.74,189.17,0.00,639.08,115.61,640#51.90,5.32,83.06,181.21,0.00,765.16,129.92,64","9:14:21, 41.3701553345, 1.9959226847, 143.0191955566, 0.0601"
2025-04-23 11:16:28,"MXA#0.04,12.17,6.56,41.01#0.04,12.20,6.57,41.13#0.04,12.18,6.59,41.56#0.04,12.22,6.60,41.51#0.04,12.25,6.59,41.08#0.04,12.28,6.59,41.22#0.04,12.36,6.63,41.75#0.04,12.41,6.64,41.61#TRH#31.52,46.34,31.50,43.39,31.66,41.16,31.38,46.34!","9:14:23, 41.3701553345, 1.9959238768, 143.2855072021, 0.0674"
2025-04-23 11:16:31,"ECS#0.18,-0.21,0.18,27.00,2.27#0.37,-0.19,0.18,27.00,2.18#0.47,-0.21,0.18,28.00,2.27#0.37,-0.23,0.18,27.00,2.18#0.28,-0.21,0.18,26.00,2.18#0.37,-0.14,0.18,25.00,2.18#0.47,-0.14,0.18,26.00,2.18#0.37,-0.14,0.18,26.00,2.27#0.47,-0.21,0.18,25.00,2.18#0.47,-0.21,0.18,26.00,2.27#0.56,-0.17,0.18,27.00,2.27#0.47,-0.14,0.18,25.00,2.18#0.37,-0.21,0.18,26.00,2.18#0.66,-0.14,0.19,26.00,2.18#TRH#24.58,41.94,24.03,47.52!","9:14:25, 41.3701553345, 1.9959226847, 143.2727966309, 0.0618"
2025-04-23 11:16:34,,"9:14:27, 41.3701553345, 1.9959235191, 143.3567962646, 0.0968"
2025-04-23 11:16:35,"MXD#52.32,5.31,85.22,189.81,0.00,649.77,123.78,641#52.32,5.32,75.69,188.08,0.00,703.56,120.68,641#52.22,5.32,82.74,195.68,0.00,725.08,117.62,641#52.13,5.32,84.88,202.96,0.00,711.94,133.44,641#52.26,5.32,85.65,185.24,0.00,760.00,131.56,640#52.19,5.32,86.34,195.41,0.00,710.74,123.03,640#52.02,5.32,86.87,199.56,0.00,723.61,133.62,640#52.31,5.32,87.76,179.99,0.00,725.32,127.74,640#51.94,5.32,88.03,196.34,0.00,692.93,121.17,640#52.00,5.32,88.67,207.13,0.00,714.84,118.26,640#TRH#750.98,128.00,24.52,43.99,24.48,42.41,24.52,42.95!","9:14:29, 41.3701553345, 1.9959223270, 143.7171020508, 0.0753"
2025-04-23 11:16:38,"MXA#0.04,12.52,6.67,41.97#0.04,12.52,6.66,41.87#0.04,12.53,6.67,41.73#0.04,12.43,6.66,41.28#0.04,12.36,6.67,41.31#0.04,12.30,6.67,41.17#0.04,12.28,6.68,41.09#0.04,12.27,6.68,41.22#TRH#31.58,46.45,31.56,43.59,31.72,41.40,31.45,46.45!","9:14:33, 41.3701591492, 1.9959239960, 143.6757049561, 0.1230"
2025-04-23 11:16:40,"ECS#0.28,-0.21,0.18,27.00,2.18#0.66,-0.17,0.19,26.00,2.18#0.28,-0.17,0.18,25.00,2.09#0.56,-0.14,0.18,26.00,2.18#0.66,-0.14,0.19,26.00,2.27#0.56,-0.17,0.19,26.00,2.18#0.37,-0.19,0.18,26.00,2.18#0.47,-0.17,0.18,26.00,2.18#0.37,-0.19,0.18,26.00,2.27#0.37,-0.17,0.18,25.00,2.18#0.37,-0.19,0.18,26.00,2.18#0.37,-0.23,0.18,26.00,2.27#0.47,-0.21,0.18,26.00,2.18#0.08,-0.19,0.18,25.00,2.18#TRH#24.58,42.12,24.03,47.57!","9:14:35, 41.3701553345, 1.9959214926, 143.6936950684, 0.1030"
2025-04-23 11:16:43,,"9:14:37, 41.3701553345, 1.9959219694, 143.8397064209, 0.1001"
2025-04-23 11:16:47,"MXD#52.02,5.33,89.04,187.38,0.00,741.71,112.44,640#52.02,5.32,79.43,193.44,0.00,750.04,122.58,640#52.18,5.33,86.69,191.94,0.00,744.47,127.70,640#52.17,5.33,89.32,198.14,0.00,701.42,122.95,637#52.52,5.33,91.62,203.58,0.00,812.68,129.84,637#52.31,5.34,94.74,198.75,0.00,760.77,125.22,637#52.45,5.34,97.01,210.45,0.00,729.26,120.31,637#52.58,5.34,97.62,208.32,0.00,821.80,126.62,637#52.58,5.34,98.86,","9:14:39, 41.3701629639, 1.9959232807, 143.9884948730, 0.0953"
2025-04-23 11:16:48,"MXA#0.04,12.29,6.68,41.83#0.04,12.27,6.68,42.06#0.04,12.26,6.67,41.56#0.04,12.26,6.66,41.75#0.04,12.28,6.67,42.00#0.04,12.27,6.67,42.27#0.04,12.27,6.63,41.85#0.04,12.24,6.63,41.85#TRH#31.61,46.33,31.62,43.47,31.78,41.29,31.50,46.33!","9:14:41, 41.3701629639, 1.9959297180, 143.8648071289, 0.0903"
2025-04-23 11:16:50,"ECS#0.28,-0.21,0.18,26.00,2.27#0.47,-0.17,0.19,27.00,2.27#0.37,-0.19,0.18,26.00,2.27#0.37,-0.19,0.18,28.00,2.36#0.37,-0.14,0.19,27.00,2.27#0.37,-0.23,0.18,26.00,2.09#0.18,-0.23,0.18,26.00,2.27#0.37,-0.21,0.18,26.00,2.18#0.37,-0.19,0.18,27.00,2.18#0.28,-0.19,0.18,26.00,2.18#0.47,-0.21,0.18,25.00,2.18#0.28,-0.23,0.18,26.00,2.18#0.28,-0.21,0.18,27.00,2.18#0.47,-0.21,0.18,26.00,2.27#0.18,-0.21,0.18,26.00,2.18#TRH#24.56,41.96,24.06,47.36!","9:14:43, 41.3701667786, 1.9959369898, 144.0540924072, 0.0968"
2025-04-23 11:16:53,,"9:14:45, 41.3701705933, 1.9959372282, 143.9732055664, 0.1886"
2025-04-23 11:16:55,"MXD#52.84,5.37,100.02,221.11,0.00,841.79,132.59,632#52.87,5.36,92.22,213.97,0.00,888.93,127.87,632#53.00,5.37,99.79,222.84,0.00,884.73,129.09,632#52.98,5.37,102.18,221.41,0.00,891.95,136.88,632#53.07,5.38,103.29,215.86,0.00,852.40,124.20,630#53.02,5.38,104.04,225.34,0.00,881.15,130.10,630#53.13,5.38,104.88,211.23,0.00,930.49,128.52,630#53.21,5.38,104.75,217.99,0.00,880.25,133.08,630#53.02,5.38,104.43,216.08,0.00,815.99,123.37,630#53.06,5.38,104.94,219.69,0.00,883.24,122.66,630#TRH#750.98,128.00,24.53,43.49,24.53,42.03,24.55,42.65!","9:14:47, 41.3701667786, 1.9959366322, 144.1430969238, 0.1352"
2025-04-23 11:16:58,,"9:14:49, 41.3701744080, 1.9959421158, 144.1020965576, 0.1094"
2025-04-23 11:16:58,"MXA#0.04,12.18,6.64,42.45#0.04,12.18,6.64,42.25#0.04,12.23,6.62,41.79#0.04,12.20,6.62,41.72#0.04,12.17,6.61,41.72#0.04,12.16,6.61,41.51#0.04,12.24,6.61,41.50#0.04,12.24,6.62,41.76#TRH#31.64,46.41,31.69,43.83,31.80,41.69,31.55,46.41!","9:14:51, 41.3701744080, 1.9959436655, 144.2044982910, 0.0959"
2025-04-23 11:17:00,"ECS#0.47,-0.14,0.18,26.00,2.18#0.18,-0.25,0.18,26.00,2.27#0.37,-0.17,0.18,27.00,2.18#0.28,-0.21,0.17,25.00,2.18#0.47,-0.19,0.18,28.00,2.27#0.37,-0.19,0.19,27.00,2.18#0.37,-0.23,0.18,26.00,2.18#0.47,-0.17,0.18,26.00,2.18#0.47,-0.23,0.19,27.00,2.36#0.28,-0.19,0.18,26.00,2.18#0.28,-0.19,0.18,27.00,2.27#0.47,-0.17,0.18,26.00,2.18#0.37,-0.21,0.18,26.00,2.18#0.28,-0.17,0.18,26.00,2.27#TRH#24.62,42.53,24.03,47.79!","9:14:53, 41.3701744080, 1.9959424734, 144.1996002197, 0.0883"
2025-04-23 11:17:03,,"9:14:55, 41.3701744080, 1.9959427118, 144.0890045166, 0.1128"
2025-04-23 11:17:04,"MXD#53.00,5.38,105.26,212.52,0.00,880.55,134.31,626#52.76,5.38,91.14,212.09,0.00,913.95,135.72,626#52.87,5.38,99.73,222.69,0.00,852.98,129.79,578#52.92,5.39,102.30,222.84,0.00,840.94,122.83,578#52.84,5.38,101.99,217.25,0.00,911.17,114.28,578#53.18,5.38,102.61,210.38,0.00,863.43,125.17,578#53.01,5.39,102.91,226.41,0.00,870.18,130.32,578#52.91,5.38,104.49,212.96,0.00,873.13,124.08,578#52.80,5.38,103.79,216.66,0.00,895.58,128.48,556#TRH#750.98,128.00,24.52,43.81,24.53,42.38,24.58,42.97!","9:14:57, 41.3701744080, 1.9959430695, 144.1264953613, 0.0949"
2025-04-23 11:17:07,,"9:14:1, 41.3701744080, 1.9959431887, 144.0493927002, 0.0776"
2025-04-23 11:17:07,"MXA#0.04,12.21,6.63,42.12#0.04,12.21,6.62,42.01#0.04,12.26,6.63,41.90#0.04,12.28,6.61,41.37#0.04,12.31,6.62,41.55#0.04,12.30,6.62,41.51#0.04,12.33,6.63,41.40#0.04,12.38,6.65,41.41#TRH#31.69,46.34,31.70,43.66,31.86,41.54,31.59,46.34!","9:15:5, 41.3701705933, 1.9959363937, 144.2066040039, 0.1544"
2025-04-23 11:17:10,"ECS#0.37,-0.23,0.18,26.00,2.18#0.37,-0.21,0.18,26.00,2.18#0.47,-0.19,0.18,26.00,2.18#0.37,-0.17,0.18,26.00,2.18#0.37,-0.21,0.18,25.00,2.18#0.37,-0.21,0.18,26.00,2.18#0.28,-0.19,0.18,27.00,2.27#0.37,-0.17,0.18,25.00,2.27#0.37,-0.12,0.18,25.00,2.18#0.28,-0.21,0.18,26.00,2.18#0.08,-0.17,0.18,26.00,2.27#0.37,-0.21,0.18,25.00,2.09#0.37,-0.21,0.18,25.00,2.27#0.28,-0.23,0.18,26.00,2.27#TRH#24.61,42.42,24.09,47.73!","9:15:7, 41.3701667786, 1.9959292412, 144.1766052246, 0.1089"
2025-04-23 11:17:13,,"9:15:9, 41.3701591492, 1.9959237576, 144.1526031494, 0.0857"
2025-04-23 11:17:14,"MXD#52.94,5.38,105.92,209.95,0.00,869.30,136.32,556#52.94,5.38,91.62,209.03,0.00,872.84,127.14,556#53.00,5.38,101.69,211.73,0.00,817.64,125.94,556#53.11,5.39,104.81,209.31,0.00,824.87,130.63,556#52.91,5.39,106.25,211.73,0.00,959.27,124.25,556#53.10,5,933.65,136.60,555#TRH#750.98,128.00,24.55,43.64,24.58,42.22,24.59,42.71!","9:15:11, 41.3701591492, 1.9959203005, 143.9225006104, 0.1679"
2025-04-23 11:17:17,,"9:15:15, 41.3701629639, 1.9959353209, 143.5110931396, 0.1631"
2025-04-23 11:17:17,"MXA#0.04,12.48,6.68,41.85#0.04,12.49,6.68,42.14#0.04,12.47,6.66,41.88#0.04,12.55,6.69,42.03#0.04,12.60,6.70,41.88#0.04,12.61,6.71,42.05#0.04,12.62,6.70,41.85#0.04,12.67,6.71,42.08#TRH#31.73,46.27,31.78,43.59,31.94,41.44,31.67,46.27!","9:15:17, 41.3701667786, 1.9959475994, 143.1614074707, 0.1428"
2025-04-23 11:17:20,"ECS#0.18,-0.19,0.18,27.00,2.18#0.37,-0.21,0.18,26.00,2.18#0.28,-0.21,0.18,26.00,2.18#0.18,-0.17,0.18,27.00,2.18#0.18,-0.17,0.18,25.00,2.18#0.47,-0.17,0.18,25.00,2.18#0.28,-0.19,0.18,26.00,2.27#0.37,-27#TRH#24.62,42.37,24.14,47.70!","9:15:19, 41.3701705933, 1.9959564209, 143.2147979736, 0.1774"
2025-04-23 11:17:23,,"9:15:21, 41.3701782227, 1.9959630966, 143.3291015625, 0.1644"
2025-04-23 11:17:24,"MXD#53.37,5.40,113.22,203.72,0.00,901.05,123.70,555#53.35,5.40,98.52,223.67,0.00,862.26,125.94,553#53.37,5.40,106.51,214.62,0.00,925.47,121.79,553#53.20,5.40,109.38,210.88,0.00,877.87,134.03,553#53.45,5.40,110.15,216.08,0.00,910.55,132.50,553#53.41,5.39,110.01,215.13,0.00,888.03,119.46,553#53.02,5.39,111.45,202.96,0.00,903.49,132.36,553#53.14,5.39,111.74,204.13,0.00,900.75,134.85,553#53.37,5.39,112.04,217.62,0.00,851.25,127.40,557#53.13,5.39,112.92,199.42,0.00,925.47,134.40,557#TRH#750.98,128.00,24.58,43.63,24.58,42.15,24.59,42.71!","9:15:23, 41.3701858521, 1.9959591627, 143.2483062744, 0.2061"
2025-04-23 11:17:27,,"9:15:25, 41.3702011108, 1.9959573746, 143.2115936279, 0.2429"
2025-04-23 11:17:28,"MXA#0.04,12.71,6.75,42.26#0.04,12.73,6.74,41.95#0.04,12.77,6.76,41.96#0.04,12.72,6.74,41.76#0.04,12.78,6.78,42.10#0.04,12.78,6.78,42.10#0.04,12.81,6.79,41.93#0.04,12.89,6.80,41.67#0.04,12.87,6.80,41.63#TRH#31.78,46.35,31.81,43.71,31.95,41.62,31.72,46.35!","9:15:27, 41.3702125549, 1.9959560633, 143.3955993652, 0.1925"
2025-04-23 11:17:31,"ECS#0.47,-0.17,0.18,27.00,2.27#0.37,-0.19,0.18,26.00,2.18#0.18,-0.17,0.18,27.00,2.27#0.56,-0.12,0.19,25.00,2.09#0.47,-0.21,0.18,26.00,2.27#0.28,-0.21,0.18,25.00,2.18#0.28,-0.19,0.18,28.00,2.27#0.18,-0.21,0.18,27.00,2.27#0.37,-0.14,0.18,26.00,2.27#0.37,-0.17,0.19,26.00,2.18#0.56,-0.14,0.19,26.00,2.18#0.56,-0.14,0.19,26.00,2.27#0.47,-0.21,0.18,27.00,2.27#0.47,-0.19,0.18,26.00,2.27#0.47,-0.17,0.19,26.00,2.18#0.18,-0.19,0.18,27.00,2.27#TRH#24.64,42.64,24.14,47.88!","9:15:31, 41.3702316284, 1.9959491491, 143.1616058350, 0.1891"
2025-04-23 11:17:34,,"9:15:33, 41.3702430725, 1.9959510565, 143.2852935791, 0.3604"
2025-04-23 11:17:35,"MXD#53.11,5.38,113.90,213.97,0.00,846.36,123.24,559#53.18,5.39,99.03,198.81,0.00,877.58,126.28,559#53.19,5.39,108.27,205.03,0.00,829.35,127.14,559#53.02,5.39,111.16,210.38,0.00,923.90,124.88,559#53.24,5.39,111.74,206.85,0.00,936.50,127.36,559#53.14,5.39,112.85,207.27,0.00,888.93,129.97,559#53.32,5.39,113.07,204.69,0.00,848.95,125.26,558#53.23,5.39,114.98,202.35,0.00,870.48,127.44,558#53.37,5.39,115.37,212.52,0.00,931.75,142.60,558#53.22,5.39,116.07,198.28,0.00,827.95,140.58,558#53.50,5.39,116.79,193.64,0.00,879.96,126.92,558#TRH#750.98,128.00,24.62,43.78,24.59,42.26,24.62,42.74!","9:15:35, 41.3702545166, 1.9959518909, 143.1044006348, 0.4457"
2025-04-23 11:17:38,,"9:15:37, 41.3702659607, 1.9959517717, 142.9633941650, 0.3403"
2025-04-23 11:17:39,"MXA#0.04,12.83,6.80,42.20#0.04,12.84,6.80,42.05#0.04,12.94,6.82,41.90#0.04,12.89,6.84,42.15#0.04,12.93,6.84,41.94#0.04,13.00,6.85,41.52#0.04,13.02,6.86,41.46#0.04,13.06,6.88,41.96#0.04,13.07,6.88,42.04#TRH#31.84,46.13,31.88,43.38,31.98,41.28,31.77,46.13!","9:15:39, 41.3702735901, 1.9959545135, 142.8594055176, 0.4411"
2025-04-23 11:17:42,"ECS#0.28,-0.23,0.18,26.00,2.27#0.47,-0.21,0.18,26.00,2.27#0.56,-0.17,0.19,26.00,2.27#0.18,-0.23,0.18,26.00,2.09#0.37,-0.19,0.18,27.00,2.27#0.47,-0.19,0.18,27.00,2.27#0.28,-0.19,0.18,26.00,2.18#0.28,-0.19,0.18,26.00,2.18#0.47,-0.19,0.18,26.00,2.09#0.37,-0.19,0.18,27.00,2.36#0.37,-0.21,0.18,26.00,2.27#0.37,-0.21,0.18,25.00,2.27#0.28,-0.19,0.18,26.00,2.27#0.47,-0.19,0.19,26.00,2.18#0.28,-0.25,0.18,26.00,2.18#0.56,-0.14,0.19,26.00,2.18#TRH#24.64,42.13,24.19,47.48!","9:15:41, 41.3702812195, 1.9959577322, 142.8948974609, 0.3689"
2025-04-23 11:17:45,,"9:15:43, 41.3702926636, 1.9959604740, 142.7554931641, 0.4581"
2025-04-23 11:17:45,"MXD#53.35,5.39,117.35,202.82,0.00,860.23,125.26,550#53.35,5.39,103.04,195.94,0.00,871.65,132.23,550#53.26,5.39,112.26,203.38,0.00,789.36,132.23,550#53.32,5.38,116.15,213.17,0.00,901.05,123.37,550#53.24,5.38,116.71,208.68,0.00,858.19,120.23,550#53.35,5.38,117.67,200.84,0.00,852.40,144.39,554#53.50,5.38,119.24,206.78,0.00,799.31,127.36,554#53.55,5.39,119.07,204.90,0.00,919.85,122.12,554#53.30,5.38,120.24,200.78,0.00,847.80,129.40,554#53.58,5.38,120.41,200.30,0.00,876.98,127.61,554#TRH#750.98,128.00,24.62,42.63,24.64,40.98,24.64,41.46!","9:15:45, 41.3703041077, 1.9959625006, 142.9985046387, 0.2410"
2025-04-23 11:17:48,,"9:15:47, 41.3703079224, 1.9959627390, 143.0200042725, 0.2374"
2025-04-23 11:17:49,"MXA#0.04,13.07,6.87,42.07#0.04,13.14,6.91,42.17#0.04,13.15,6.91,42.13#0.04,13.12,6.91,42.19#0.04,13.26,6.95,42.03#0.04,13.26,6.94,41.96#0.04,13.32,6.95,41.90#0.04,13.26,6.93,41.57#TRH#31.89,45.87,31.91,42.90,32.06,40.69,31.78,45.87!","9:15:49, 41.3703041077, 1.9959609509, 143.3596038818, 0.2238"
2025-04-23 11:17:51,"ECS#0.28,-0.17,0.18,25.00,2.27#0.28,-0.17,0.18,25.00,2.18#0.47,-0.21,0.18,25.00,2.18#0.56,-0.17,0.19,26.00,2.27#0.66,-0.17,0.19,25.00,2.18#0.28,-0.21,0.18,25.00,2.18#0.37,-0.19,0.18,26.00,2.18#0.28,-0.17,0.18,25.00,2.27#0.56,-0.21,0.18,26.00,2.27#0.18,-0.19,0.18,26.00,2.18#0.56,-0.14,0.18,27.00,2.18#0.28,-0.23,0.18,27.00,2.36#0.37,-0.21,0.19,25.00,2.18#0.18,-0.23,0.18,26.00,2.18#TRH#24.64,41.38,24.19,46.83!","9:15:51, 41.3703041077, 1.9959599972, 143.6797943115, 0.1972"
2025-04-23 11:17:54,,"9:15:53, 41.3703041077, 1.9959589243, 143.9712982178, 0.1939"
2025-04-23 11:17:56,"MXD#53.23,5.38,121.96,200.37,0.00,870.48,122.87,552#53.50,5.38,107.32,197.94,0.00,893.16,136.88,552#53.54,5.38,117.59,198.75,0.00,883.24,129.35,552#53.48,5.38,121.27,209.52,0.00,920.78,128.39,552#53.77,5.38,122.22,202.82,0.00,926.41,130.10,549#53.71,5.38,122.58,203.17,0.00,917.05,126.67,549#53.58,5.38,124.00,202.14,0.00,801.21,125.94,549#53.37,5.38,125.46,205.80,0.00,891.95,136.09,549#53.53,5.38,126.11,204.00,0.00,943.18,128.35,549#53.37,5.38,126.20,207.41,0.00,844.36,128.35,549#TRH#750.98,128.00,24.64,42.62,24.64,40.96,24.69,41.46!","9:15:55, 41.3703041077, 1.9959591627, 143.8410034180, 0.1887"
2025-04-23 11:17:58,"MXA#0.04,13.34,6.96,42.10#0.04,13.38,6.97,41.98#0.04,13.31,6.96,41.69#0.04,13.34,6.98,42.43#0.04,13.34,6.97,42.15#0.04,13.38,6.99,42.01#0.04,13.38,6.99,42.21#0.04,13.40,6.99,41.53#TRH#31.91,45.80,31.95,42.80,32.09,40.55,31.83,45.80!","9:15:57, 41.3703079224, 1.9959623814, 143.7042999268, 0.2427"
2025-04-23 11:18:01,"ECS#0.37,-0.21,0.18,26.00,2.18#0.28,-0.19,0.18,25.00,2.18#0.47,-0.21,0.18,26.00,2.18#0.28,-0.19,0.18,26.00,2.27#0.28,-0.19,0.18,26.00,2.18#0.28,-0.19,0.18,27.00,2.27#0.37,-0.21,0.18,26.00,2.18#0.37,-0.14,0.18,25.00,2.18#0.47,-0.17,0.18,26.00,2.27#0.47,-0.17,0.18,26.00,2.18#0.28,-0.19,0.18,26.00,2.18#0.18,-0.19,0.18,26.00,2.09#0.47,-0.19,0.18,25.00,2.09#0.37,-0.17,0.18,26.00,2.18#TRH#24.64,41.21,24.22,46.67!","9:15:59, 41.3703155518, 1.9959609509, 143.4853057861, 0.4563"
2025-04-23 11:18:04,,"9:16:3, 41.3703460693, 1.9959721565, 142.8536987305, 0.4446"
2025-04-23 11:18:05,"MXD#53.68,5.38,127.33,198.75,0.00,875.50,142.69,546#53.45,5.38,110.65,218.36,0.00,859.06,128.74,546#53.57,5.38,121.53,193.90,0.00,909.63,134.81,546#53.74,5.38,126.11,203.72,0.00,878.76,139.92,545#53.43,5.37,126.95,202.14,0.00,882.34,137.57,545#53.71,5.37,128.29,209.24,0.00,878.47,138.55,545#53.75,5.38,129.06,197.61,0.00,872.25,133.44,545#53.88,5.37,129.46,210.38,0.00,860.81,142.31,545#53.71,5.37,130.35,200.10,0.00,871.07,121.67,545#TRH#750.98,128.00,24.66,42.47,24.67,40.84,24.69,41.30!","9:16:5, 41.3703613281, 1.9959710836, 142.9510040283, 0.3382"
2025-04-23 11:18:08,,"9:16:7, 41.3703727722, 1.9959743023, 142.6750946045, 0.4614"
2025-04-23 11:18:08,"MXA#0.04,13.49,7.03,42.05#0.04,13.54,7.05,41.97#0.04,13.60,7.03,41.56#0.04,13.60,7.05,41.98#0.04,13.63,7.07,42.09#0.04,13.56,7.06,41.51#0.04,13.55,7.07,42.10#0.04,13.54,7.07,42.18#TRH#31.98,45.73,32.02,42.81,32.14,40.55,31.89,45.73!","9:16:9, 41.3703918457, 1.9959740639, 142.3540954590, 0.5451"
2025-04-23 11:18:11,"ECS#0.28,-0.23,0.18,26.00,2.09#0.28,-0.23,0.18,25.00,2.09#0.28,-0.23,0.18,26.00,2.18#0.37,-0.19,0.19,26.00,2.27#0.47,-0.17,0.18,27.00,2.27#0.08,-0.25,0.18,27.00,2.27#0.47,-0.17,0.18,25.00,2.18#0.18,-0.19,0.18,26.00,2.18#0.37,-0.21,0.18,25.00,2.18#0.28,-0.19,0.18,27.00,2.27#0.37,-0.19,0.18,26.00,2.18#0.47,-0.14,0.18,26.00,2.18#0.18,-0.19,0.18,27.00,2.27#0.47,-0.21,0.18,26.00,2.18#0.47,-0.17,0.18,25.00,2.18#TRH#24.66,41.17,24.22,46.59!","9:16:11, 41.3704147339, 1.9959750175, 142.2722015381, 0.4709"
2025-04-23 11:18:14,,"9:16:13, 41.3704338074, 1.9959760904, 142.2657012939, 0.7557"
2025-04-23 11:18:15,"MXD#53.61,5.37,131.76,202.96,0.00,946.69,127.53,544#53.80,5.37,115.29,204.00,0.00,952.48,149.26,544#53.57,5.37,125.83,207.13,0.00,886.83,137.57,544#53.79,5.38,130.25,197.27,0.00,880.55,138.79,544#53.58,5.37,130.25,203.51,0.00,944.77,115.92,544#53.64,5.38,131.35,197.74,0.00,911.48,147.75,544#53.70,5.37,132.47,197.21,0.00,834.70,140.25,544#53.54,5.37,134.14,193.18,0.00,871.07,128.13,544#53.68,5.37,134.45,206.50,0.00,900.44,130.32,544#53.80,5.37,135.85,203.72,0.00,837.25,133.76,543#TRH#750.98,128.00,24.70,42.64,24.67,40.97,24.72,41.49!","9:16:15, 41.3704528809, 1.9959728718, 142.0715026855, 1.1440"
2025-04-23 11:18:18,"MXA#0.04,13.63,7.07,41.44#0.04,13.63,7.09,41.66#0.04,13.64,7.09,41.53#0.04,13.62,7.10,41.61#0.04,13.64,7.10,41.47#0.04,13.68,7.14,41.55#0.04,13.70,7.15,41.96#0.04,13.74,7.12,41.56#TRH#32.05,45.72,32.05,42.79,32.17,40.59,31.94,45.72!","9:16:17, 41.3704757690, 1.9959634542, 141.8256072998, 1.2380"
2025-04-23 11:18:20,"ECS#0.28,-0.21,0.18,26.00,2.27#0.28,-0.21,0.18,26.00,2.18#0.28,-0.21,0.18,27.00,2.27#0.47,-0.14,0.18,26.00,2.27#0.56,-0.19,0.18,25.00,2.09#0.28,-0.19,0.18,25.00,2.18#0.28,-0.17,0.18,25.00,2.09#0.47,-0.17,0.18,25.00,2.18#0.28,-0.19,0.18,27.00,2.36#0.28,-0.21,0.18,25.00,2.18#0.47,-0.14,0.18,25.00,2.18#0.18,-0.21,0.18,25.00,2.18#0.37,-0.19,0.18,26.00,2.18#0.28,-0.21,0.18,26.00,2.27#TRH#24.67,41.27,24.23,46.65!","9:16:19, 41.3704986572, 1.9959511757, 141.5312957764, 1.5033"
2025-04-23 11:18:23,,"9:16:21, 41.3705177307, 1.9959474802, 141.5377044678, 0.9181"
2025-04-23 11:18:24,"MXD#53.59,5.37,135.95,201.32,0.00,905.64,137.57,543#53.35,5.37,118.41,203.24,0.00,874.61,133.49,543#53.60,5.37,130.15,212.88,0.00,821.80,139.40,543#53.40,5.37,134.77,206.57,0.00,846.65,137.76,541#53.43,5.37,134.99,210.16,0.00,832.44,141.54,541#53.59,5.37,136.06,210.80,0.00,796.61,143.32,541#53.66,5.37,138.04,207.90,0.00,899.53,142.21,541#53.44,5.37,138.04,194.75,0.00,888.93,129.97,541#53.55,5.37,139.62,195.41,0.00,873.43,132.77,540#TRH#750.98,128.00,24.69,42.44,24.72,40.77,24.73,41.19!","9:16:23, 41.3705368042, 1.9959366322, 141.6251068115, 0.7615"
2025-04-23 11:18:27,,"9:16:25, 41.3705558777, 1.9959239960, 141.6188964844, 0.6544"
2025-04-23 11:18:28,"MXA#0.04,13.70,7.16,42.17#0.04,13.73,7.16,41.98#0.04,13.83,7.18,42.14#0.04,13.81,7.18,41.57#0.04,13.86,7.18,41.38#0.04,13.89,7.20,41.51#0.04,13.81,7.18,42.06#0.04,13.92,7.20,41.96#TRH#32.06,45.62,32.11,42.60,32.23,40.36,31.97,45.62!","9:16:27, 41.3705711365, 1.9959124327, 141.8594055176, 0.8068"
2025-04-23 11:18:30,"ECS#0.28,-0.21,0.18,26.00,2.36#0.37,-0.21,0.18,25.00,2.18#0.18,-0.21,0.17,25.00,2.18#0.37,-0.19,0.18,25.00,2.18#0.28,-0.19,0.18,25.00,2.18#0.28,-0.23,0.18,27.00,2.18#0.28,-0.17,0.18,25.00,2.27#0.28,-0.21,0.18,25.00,2.18#0.37,-0.25,0.18,26.00,2.18#0.28,-0.25,0.18,25.00,2.18#0.37,-0.23,0.18,27.00,2.27#0.56,-0.17,0.19,26.00,2.18#0.28,-0.21,0.18,26.00,2.18#0.18,-0.19,0.18,26.00,2.27#TRH#24.69,40.96,24.25,46.41!","9:16:29, 41.3705787659, 1.9959058762, 141.0030059814, 1.0936"
2025-04-23 11:18:33,,"9:16:31, 41.3705825806, 1.9959037304, 140.2785034180, 1.4040"
