2025-04-23 11:39:59,"MXA#27.92,26.09,15.81,38.22#28.00,26.04,15.75,38.23#27.51,25.90,15.85,38.10#27.34,25.91,15.88,38.30#27.70,26.18,15.95,38.55#27.77,26.11,15.93,38.58#27.78,26.09,15.93,38.51#27.38,25.92,15.83,38.34#TRH#35.61,42.07,35.69,39.34,35.81,37.39,35.52,42.07!","9:39:57, 41.3705940247, 1.9958938360, 144.4414062500, 0.0754"
2025-04-23 11:40:01,"ECS#0.37,-0.21,0.18,24.00,2.18#0.37,-0.23,0.18,24.00,2.18#0.37,-0.19,0.18,25.00,2.09#0.37,-0.23,0.18,27.00,2.18#0.37,-0.17,0.18,26.00,2.09#0.37,-0.23,0.18,25.00,2.09#0.28,-0.19,0.18,25.00,2.18#0.56,-0.19,0.18,25.00,2.18#0.47,-0.21,0.18,26.00,2.18#0.28,-0.21,0.18,25.00,2.18#0.28,-0.19,0.18,25.00,2.09#0.28,-0.25,0.18,25.00,2.18#0.28,-0.17,0.18,25.00,2.09#0.18,-0.23,0.18,25.00,2.18#TRH#25.72,39.54,25.91,44.12!","9:39:59, 41.3705940247, 1.9958943129, 144.3280944824, 0.0794"
2025-04-23 11:40:04,,"9:39:1, 41.3705940247, 1.9958941936, 144.4795074463, 0.0847"
2025-04-23 11:40:06,"MXD#54.23,5.30,257.74,215.42,0.00,1007.52,145.92,558#54.40,5.30,211.96,210.16,0.00,990.28,133.22,558#54.47,5.30,235.84,208.32,0.00,942.54,133.35,558#54.57,5.30,246.21,211.16,0.00,1000.39,134.71,558#54.62,5.30,247.82,200.50,0.00,958.62,144.25,563#54.47,5.30,248.72,221.63,0.00,982.94,142.21,563#54.49,5.29,252.03,205.38,0.00,946.05,140.77,563#54.63,5.30,250.55,204.06,0.00,1010.94,144.69,563#54.65,5.30,253.15,210.88,0.00,1021.26,137.94,563#54.51,5.30,255.04,203.17,0.00,1054.63,134.81,563#TRH#750.98,128.00,26.50,39.51,26.48,38.03,26.55,38.54!","9:40:3, 41.3705940247, 1.9958944321, 144.4972991943, 0.0837"
2025-04-23 11:40:09,"MXA#27.66,25.89,15.87,38.60#27.60,25.97,15.89,38.68#27.56,25.84,15.85,38.83#28.20,26.23,15.87,38.37#28.06,26.20,15.97,38.72#28.07,26.12,15.95,38.76#27.93,25.88,15.89,38.52#27.44,26.06,16.02,38.71#TRH#35.59,42.09,35.69,39.38,35.81,37.37,35.55,42.09!","9:40:5, 41.3705940247, 1.9958943129, 144.5148925781, 0.1010"
2025-04-23 11:40:11,"ECS#0.18,-0.23,0.18,26.00,2.18#0.18,-0.23,0.18,26.00,2.18#0.28,-0.23,0.18,26.00,2.09#0.280.18,26.00,2.27#0.37,-0.19,0.18,25.00,2.18#0.28,-0.21,0.18,25.00,2.18#0.28,-0.19,0.18,25.00,2.18#0.28,-0.21,0.18,26.00,2.18#0.08,-0.21,0.18,26.00,2.18#0.18,-0.19,0.18,26.00,2.18#0.18,-0.23,0.18,27.00,2.18#0.47,-0.23,0.18,25.00,2.27#0.37,-0.14,0.18,25.00,2.18#TRH#25.70,39.54,25.91,44.17!","9:40:7, 41.3705940247, 1.9958941936, 144.4857025146, 0.0986"
2025-04-23 11:40:14,,"9:40:9, 41.3705940247, 1.9958945513, 144.3424072266, 0.1035"
2025-04-23 11:40:16,"MXD#54.52,5.30,255.43,218.21,0.00,1028.89,137.57,559#54.27,5.30,213.15,212.67,0.00,1045.03,131.83,559#54.26,5.29,234.38,221.26,0.00,952.80,145.18,559#54.29,5.30,244.27,207.41,0.00,1055.34,133.13,560#54.27,5.30,245.86,233.89,0.00,978.62,153.31,560#54.56,5.30,247.64,215.42,0.00,966.12,133.49,560#54.45,5.30,250.00,213.97,0.00,1001.07,129.84,560#54.39,5.30,251.84,201.59,0.00,917.05,144.00,560#54.34,5.30,253.34,206.08,0.00,957.00,134.71,560#54.54,5.29,252.78,215.49,0.00,1025.07,148.46,558#TRH#750.98,128.00,26.52,39.35,26.50,37.81,26.53,38.33!","9:40:11, 41.3705940247, 1.9958950281, 144.4474029541, 0.1013"
2025-04-23 11:40:19,,"9:40:13, 41.3705940247, 1.9958950281, 144.4900970459, 0.0769"
2025-04-23 11:40:20,"MXA#27.59,26.12,16.00,38.71#27.59,26.12,15.97,38.53#28.08,26.20,16.00,38.46#27.35,25.99,15.88,38.26#28.15,26.21,15.93,38.51#27.97,26.14,16.02,38.59#28.05,26.08,16.00,38.55#27.11,26.15,16.00,38.21#27.34,26.04,15.93,38.23#TRH#35.62,41.97,35.70,39.12,35.83,37.13,35.53,41.97!","9:40:15, 41.3705940247, 1.9958951473, 144.4833984375, 0.0769"
2025-04-23 11:40:22,"ECS#0.28,-0.21,0.18,25.00,2.18#0.28,-0.21,0.18,26.00,2.09#0.28,-0.14,0.18,27.00,2.09#0.18,-0.21,0.18,25.00,2.18#0.18,-0.23,0.18,25.00,2.09#0.18,-0.21,0.18,25.00,2.09#0.37,-0.19,0.18,2.19,0.18,26.00,2.18#0.37,-0.21,0.18,25.00,2.09#0.28,-0.21,0.18,25.00,2.18#TRH#25.73,39.10,25.92,43.76!","9:40:17, 41.3705940247, 1.9958951473, 144.5133972168, 0.0778"
2025-04-23 11:40:25,,"9:40:19, 41.3705940247, 1.9958952665, 144.4895935059, 0.0759"
2025-04-23 11:40:26,"MXD#54.67,5.30,255.23,222.53,0.00,935.55,138.51,558#54.47,5.30,211.18,212.67,0.00,969.06,145.47,558#54.54,5.29,234.70,214.62,0.00,988.61,145.47,550#54.47,5.30,244.62,222.61,0.00,967.42,140.39,550#54.33,5.30,246.04,203.44,0.00,993.98,145.08,550#54.59,5.29,248.18,211.73,0.00,981.94,140.58,550#54.78,5.30,250.00,215.06,0.00,1073.35,146.06,550#54.54,5.30,252.22,209.95,0.00,938.72,136.97,550#54.42,5.30,251.84,219.10,0.00,972.35,133.72,555#54.45,5.30,252.22,212.02,0.00,954.41,135.49,555#TRH#750.98,128.00,26.50,38.97,26.52,37.39,26.55,37.90!","9:40:21, 41.3705940247, 1.9958952665, 144.4963989258, 0.0781"
2025-04-23 11:40:29,,"9:40:23, 41.3705940247, 1.9958951473, 144.5346984863, 0.0765"
2025-04-23 11:40:29,"MXA#28.16,26.37,16.02,38.58#28.09,26.25,16.02,38.13#28.10,26.29,16.00,37.98#27.54,26.19,15.97,38.13#28.22,26.42,16.08,38.54#28.05,26.40,16.09,38.58#28.12,26.36,16.07,38.62#28.10,26.27,16.00,38.19#TRH#35.62,41.95,35.72,39.02,35.84,37.04,35.52,41.95!","9:40:25, 41.3705940247, 1.9958951473, 144.5068054199, 0.0701"
2025-04-23 11:40:32,"ECS#0.18,-0.23,0.18,25.00,2.09#0.28,-0.21,0.18,25.00,2.09#0.18,-0.19,0.18,24.00,2.09#0.18,-0.23,0.18,25.00,2.09#0.08,-0.23,0.18,25.00,2.09#0.47,-0.21,0.19,25.00,2.09#0.28,-0.19,0.18,25.00,2.00#0.28,-0.25,0.18,25.00,2.18#0.37,-0.23,0.18,25.00,2.09#0.37,-0.21,0.18,26.00,2.18#0.28,-0.17,0.18,24.00,2.18#0.18,-0.23,0.18,26.00,2.09#0.56,-0.19,0.18,26.00,2.18#0.37,-0.23,0.18,25.00,2.18#TRH#25.73,38.93,25.97,43.62!","9:40:27, 41.3705940247, 1.9958950281, 144.5041046143, 0.0698"
2025-04-23 11:40:35,,"9:40:29, 41.3705940247, 1.9958949089, 144.5144958496, 0.0711"
2025-04-23 11:40:36,"MXD#54.41,5.30,255.62,215.20,0.00,1041.50,136.60,555#54.41,5.30,212.23,208.32,0.00,986.60,146.11,555#54.30,5.29,236.82,199.56,0.00,1049.29,146.01,555#54.50,5.30,246.93,210.16,0.00,914.26,136.92,555#54.37,5.30,247.28,216.30,0.00,1010.60,138.13,555#54.41,5.30,250.00,218.65,0.00,921.40,136.27,555#54.42,5.30,250.18,209.10,0.00,1021.95,140.06,555#54.45,5.29,252.40,213.89,0.00,990.95,146.91,552#54.48,5.30,253.53,208.46,0.00,987.94,130.54,552#54.51,5.30,254.09,216.66,0.00,965.79,139.07,552#TRH#750.98,128.00,26.52,39.01,26.53,37.47,26.56,37.90!","9:40:31, 41.3705940247, 1.9958947897, 144.5628967285, 0.0698"
2025-04-23 11:40:39,,"9:40:33, 41.3705940247, 1.9958946705, 144.5547027588, 0.0677"
2025-04-23 11:40:40,"MXA#27.49,26.14,15.99,38.31#27.64,26.20,16.00,38.24#27.16,26.39,16.10,38.50#27.37,26.11,16.02,38.62#27.47,26.22,16.01,38.53#27.94,26.45,16.11,38.46#27.86,26.41,16.14,38.55#28.08,26.18,16.00,38.28#28.00,26.12,16.03,38.40#TRH#35.64,41.96,35.72,39.16,35.89,37.17,35.53,41.96!","9:40:35, 41.3705940247, 1.9958945513, 144.5742034912, 0.0670"
2025-04-23 11:40:43,"ECS#0.18,-0.21,0.17,26.00,2.18#0.18,-0.23,0.17,25.00,2.09#0.28,-0.19,0.18,25.00,2.09#0.37,-0.21,0.18,25.00,2.18#0.28,-0.21,0.18,26.00,2.18#0.47,-0.23,0.18,25.00,2.18#0.08,-0.23,0.17,25.00,2.09#0.28,-0.23,0.18,26.00,2.18#0.08,-0.25,0.18,25.00,2.09#0.28,-0.19,0.18,26.00,2.18#0.28,-0.21,0.18,26.00,2.27#0.28,-0.21,0.18,26.00,2.27#0.47,-0.17,0.18,25.00,2.09#0.18,-0.23,0.18,26.00,2.18#0.28,-0.21,0.18,27.00,2.18#0.47,-0.21,0.18,24.00,2.09#TRH#25.73,39.10,25.97,43.71!","9:40:37, 41.3705940247, 1.9958944321, 144.5278930664, 0.0669"
2025-04-23 11:40:46,,"9:40:39, 41.3705940247, 1.9958941936, 144.5814971924, 0.0650"
2025-04-23 11:40:47,"MXD#54.38,5.30,254.66,217.62,0.00,1063.95,142.45,551#54.46,5.30,212.23,218.13,0.00,1071.17,153.10,551#54.30,5.30,235.67,210.52,0.00,960.90,133.31,551#54.44,5.29,246.04,227.25,0.00,1004.12,140.30,551#54.47,5.30,247.10,212.45,0.00,959.92,141.25,551#54.47,5.29,250.00,206.64,0.00,987.27,143.76,551#54.60,5.30,251.29,213.17,0.00,1064.67,133.13,551#54.63,5.30,252.59,224.65,0.00,1008.89,143.37,547#54.61,5.30,252.78,207.90,0.00,985.60,133.08,547#54.52,5.29,252.96,228.56,0.00,908.71,146.21,547#TRH#750.98,128.00,26.52,39.24,26.56,37.70,26.59,38.13!","9:40:41, 41.3705940247, 1.9958940744, 144.6338043213, 0.0745"
2025-04-23 11:40:50,,"9:40:43, 41.3705940247, 1.9958945513, 144.5704040527, 0.0721"
2025-04-23 11:40:50,"MXA#28.26,26.40,16.13,38.48#28.19,26.35,16.16,38.70#28.24,26.34,16.13,38.58#28.08,26.21,16.00,38.38#27.99,26.17,16.05,38.47#28.11,26.09,16.01,38.40#27.57,26.21,16.14,38.61#27.49,26.28,16.17,38.54#TRH#35.69,42.02,35.77,39.21,35.88,37.21,35.55,42.02!","9:40:45, 41.3705940247, 1.9958943129, 144.5554046631, 0.0627"
2025-04-23 11:40:52,"ECS#0.37,-0.21,0.18,25.00,2.09#0.28,-0.23,0.18,25.00,2.18#0.28,-0.19,0.18,27.00,2.27#0.28,-0.23,0.18,25.00,2.09#0.08,-0.21,0.18,25.00,2.18#0.37,-0.19,0.18,25.00,2.09#0.56,-0.17,0.18,25.00,2.09#0.28,-0.25,0.18,25.00,2.09#0.18,-0.21,0.18,26.00,2.09#0.47,-0.23,0.18,25.00,2.09#0.56,-0.19,0.19,26.00,2.18#0.47,-0.23,0.18,26.00,2.27#0.28,-0.25,0.18,25.00,2.18#0.37,-0.25,0.18,25.00,2.00#TRH#25.75,39.21,25.95,43.77!","9:40:47, 41.3705940247, 1.9958944321, 144.5227966309, 0.0701"
2025-04-23 11:40:55,,"9:40:49, 41.3705940247, 1.9958949089, 144.4924011230, 0.0709"
2025-04-23 11:40:57,"MXD#54.75,5.30,255.23,212.81,0.00,942.22,131.60,544#54.52,5.29,212.23,218.06,0.00,1022.29,144.78,544#54.38,5.29,234.70,214.26,0.00,1003.10,149.16,544#54.32,5.29,244.27,219.84,0.00,1035.18,148.10,544#54.61,5.30,246.57,207.90,0.00,992.63,130.67,544#54.52,5.30,246.57,212.52,0.00,1075.17,134.49,543#54.68,5.29,249.82,217.62,0.00,1037.63,131.38,543#54.54,5.29,250.92,210.02,0.00,926.72,137.76,543#54.50,5.30,252.96,210.80,0.00,1034.83,141.59,543#54.38,5.29,252.96,224.20,0.00,1039.39,133.81,543#TRH#750.98,128.00,26.56,39.34,26.56,37.79,26.59,38.23!","9:40:51, 41.3705940247, 1.9958952665, 144.4575958252, 0.0670"
2025-04-23 11:41:00,"MXA#27.94,26.44,16.17,38.60#28.13,26.21,16.07,38.13#28.11,26.13,16.05,38.26#27.66,26.36,16.16,38.59#28.14,26.28,16.06,38.22#28.19,26.33,16.04,38.02#27.68,26.36,16.08,38.13#27.91,26.33,16.18,38.47#TRH#35.67,42.02,35.77,39.16,35.89,37.17,35.58,42.02!","9:40:53, 41.3705940247, 1.9958951473, 144.4494018555, 0.0697"
2025-04-23 11:41:03,"ECS#0.28,-0.21,0.18,27.00,2.18#0.37,-0.23,0.18,25.00,2.09#0.18,-0.21,0.18,25.00,2.09#0.08,-0.19,0.18,27.00,2.27#0.08,-0.21,0.18,26.00,2.09#0.28,-0.23,0.18,25.00,2.18#0.18,-0.17,0.18,25.00,2.18#0.37,-0.21,0.18,25.00,2.09#0.37,-0.21,0.18,25.00,2.09#0.37,-0.23,0.18,25.00,2.09#0.47,-0.14,0.18,25.00,2.18#0.56,-0.23,0.18,25.00,2.09#0.47,-0.23,0.18,26.00,2.18#0.56,-0.25,0.18,25.00,2.09#0.28,-0.23,0.18,25.00,2.09#TRH#25.75,39.10,26.03,43.74!","9:40:55, 41.3705940247, 1.9958949089, 144.5325012207, 0.0661"
2025-04-23 11:41:06,,"9:40:57, 41.3705940247, 1.9958949089, 144.4967956543, 0.0674"
2025-04-23 11:41:07,"MXD#54.42,5.29,253.53,224.65,0.00,1012.99,147.41,545#54.07,5.29,209.49,224.73,0.00,920.47,139.97,545#54.42,5.30,233.58,201.80,0.00,993.64,142.60,545#54.24,5.29,243.06,211.16,0.00,939.35,142.31,545#54.45,5.29,247.10,207.55,0.00,962.52,144.49,538#54.59,5.29,245.33,214.11,0.00,988.61,133.62,538#54.54,5.29,253.15,203.58,0.00,940.63,140.44,538#54.49,5.29,251.84,210.23,0.00,1014.71,132.86,538#54.56,5.29,252.78,216.66,0.00,1051.77,129.53,538#54.49,5.29,252.59,206.64,0.00,998.70,142.16,538#TRH#750.98,128.00,26.58,39.00,26.56,37.42,26.62,37.90!","9:40:59, 41.3705940247, 1.9958947897, 144.4918975830, 0.0619"
2025-04-23 11:41:10,,"9:40:1, 41.3705940247, 1.9958950281, 144.4915924072, 0.0679"
2025-04-23 11:41:11,"MXA#28.25,26.34,16.05,38.16#27.71,26.15,16.08,38.71#27.78,26.25,16.09,38.54#27.43,26.17,16.08,38.42#28.18,26.38,16.22,38.68#28.27,26.41,16.20,38.48#28.27,26.49,16.24,38.53#27.58,26.23,16.18,38.69#27.94,26.29,16.16,38.52#TRH#35.72,41.94,35.81,39.09,35.92,37.10,35.59,41.94!","9:41:3, 41.3705940247, 1.9958947897, 144.5054016113, 0.0722"
2025-04-23 11:41:13,"ECS#0.18,-0.23,0.18,25.00,2.09#0.18,-0.21,0.18,26.00,2.27#0.28,-0.21,0.18,25.00,2.18#0.28,-0.21,0.18,25.00,2.09#0.28,-0.23,0.18,26.00,2.09#0.28,-0.27,0.18,25.00,2.09#0.18,-0.23,0.18,25.00,2.18#0.28,-0.21,0.18,26.00,2.18#0.37,-0.25,0.18,26.00,2.18#0.28,-0.19,0.18,25.00,2.18#0.56,-0.19,0.18,25.00,2.09#0.28,-0.25,0.18,25.00,2.18#0.47,-0.21,0.18,25.00,2.09#0.28,-0.19,0.18,25.00,2.09#0.08,-0.19,0.18,26.00,2.18#0.08,-0.19,0.18,27.00,2.09#TRH#25.78,38.93,26.05,43.55!","9:41:5, 41.3705940247, 1.9958943129, 144.5115051270, 0.0778"
2025-04-23 11:41:16,,"9:41:7, 41.3705940247, 1.9958941936, 144.5372924805, 0.0748"
2025-04-23 11:41:17,"MXD#54.41,5.29,254.85,217.40,0.00,995.32,146.51,535#54.42,5.29,211.05,208.96,0.00,990.28,162.66,535#54.49,5.29,234.38,200.10,0.00,1071.17,151.66,535#54.52,5.29,244.45,218.13,0.00,894.06,149.26,535#54.56,5.29,245.33,213.97,0.00,1032.03,142.02,539#54.55,5.29,248.36,216.96,0.00,1048.58,134.49,539#54.54,5.29,250.37,209.67,0.00,1014.02,151.96,539#54.45,5.29,251.10,213.68,0.00,958.62,149.92,539#54.50,5.29,252.96,199.42,0.00,1059.28,146.56,539#54.68,5.29,253.53,222.01,0.00,913.95,138.27,523#TRH#750.98,128.00,26.59,38.92,26.58,37.36,26.61,37.83!","9:41:9, 41.3705940247, 1.9958938360, 144.5413055420, 0.0671"
2025-04-23 11:41:20,,"9:41:11, 41.3705940247, 1.9958937168, 144.4810028076, 0.0674"
2025-04-23 11:41:20,"MXA#28.13,26.21,16.14,38.21#28.20,26.25,16.12,38.11#27.18,26.29,16.25,38.68#27.44,26.31,16.21,38.74#27.54,26.27,16.20,38.62#27.97,26.57,16.26,38.49#27.99,26.59,16.25,38.24#27.88,26.27,16.16,38.21#TRH#35.72,41.94,35.81,39.07,35.95,37.09,35.61,41.94!","9:41:13, 41.3705940247, 1.9958934784, 144.4631042480, 0.0692"
2025-04-23 11:41:23,"ECS#0.47,-0.19,0.19,26.00,2.18#0.37,-0.17,0.18,25.00,2.18#0.47,-0.25,0.18,25.00,2.18#0.47,-0.17,0.18,24.00,2.00#0.28,-0.21,0.18,24.00,2.09#0.18,-0.25,0.18,25.00,2.09#0.18,-0.21,0.18,26.00,2.18#0.28,-0.21,0.18,25.00,2.09#0.56,-0.19,0.18,25.00,2.18#0.37,-0.21,0.18,25.00,2.18#0.28,-0.19,0.18,25.00,2.09#0.37,-0.17,0.18,26.00,2.18#0.28,-0.19,0.18,25.00,2.09#0.28,-0.23,0.18,25.00,2.09#TRH#25.80,39.01,26.03,43.57!","9:41:15, 41.3705940247, 1.9958933592, 144.4815063477, 0.0788"
2025-04-23 11:41:26,,"9:41:17, 41.3705940247, 1.9958935976, 144.4523010254, 0.0891"
2025-04-23 11:41:28,"MXD#54.65,5.29,255.62,209.31,0.00,1024.37,142.98,523#54.73,5.29,210.66,210.31,0.00,955.71,130.50,523#54.58,5.29,234.38,214.47,0.00,988.94,137.80,523#54.67,5.28,244.80,218.50,0.00,991.62,149.92,521#54.68,5.29,245.68,218.06,0.00,959.27,132.59,521#54.42,5.28,247.28,217.25,0.00,985.60,147.56,521#54.38,5.28,250.37,215.86,0.00,973.66,147.21,521#54.52,5.29,251.29,208.32,0.00,1075.90,142.98,521#54.47,5.29,252.03,203.51,0.00,969.72,154.82,523#54.59,5.28,253.72,202.62,0.00,982.94,136.23,523#TRH#750.98,128.00,26.58,39.15,26.59,37.53,26.62,38.06!","9:41:19, 41.3705940247, 1.9958940744, 144.3542022705, 0.0753"
2025-04-23 11:41:31,,"9:41:21, 41.3705940247, 1.9958940744, 144.4268035889, 0.0944"
2025-04-23 11:41:31,"MXA#27.66,26.36,16.15,38.11#27.60,26.33,16.19,38.25#27.28,26.30,16.16,38.19#27.83,26.34,16.21,38.54#27.82,26.25,16.19,38.63#28.28,26.39,16.31,38.61#28.35,26.42,16.29,38.45#28.25,26.52,16.30,38.21#28.22,26.53,16.31,38.06#TRH#35.75,41.96,35.81,39.07,35.95,37.14,35.62,41.96!","9:41:23, 41.3705940247, 1.9958940744, 144.3654022217, 0.0687"
2025-04-23 11:41:34,"ECS#0.47,-0.21,0.19,25.00,2.18#0.37,-0.25,0.18,26.00,2.27#0.47,-0.19,0.18,25.00,2.18#0.37,-0.23,0.18,25.00,2.18#0.28,-0.21,0.18,26.00,2.18#0.37,-0.21,0.18,25.00,2.09#0.37,-0.23,0.18,25.00,2.18#0.66,-0.19,0.18,25.00,2.09#0.37,-0.23,0.18,25.00,2.18#0.56,-0.19,0.18,25.00,2.18#0.37,-0.25,0.18,25.00,2.18#0.28,-0.21,0.18,26.00,2.18#0.28,-0.21,0.18,25.00,2.09#0.56,-0.23,0.18,24.00,2.18#0.37,-0.23,0.18,26.00,2.18#0.47,-0.21,0.18,26.00,2.18#TRH#25.77,39.04,26.05,43.62!","9:41:25, 41.3705940247, 1.9958940744, 144.4192962646, 0.0720"
2025-04-23 11:41:37,,"9:41:27, 41.3705940247, 1.9958938360, 144.4158020020, 0.0772"
2025-04-23 11:41:38,"MXD#54.64,5.29,253.90,211.95,0.00,974.65,133.76,523#54.67,5.29,210.40,206.08,0.00,918.91,132.63,523#54.57,5.29,233.26,212.52,0.00,1017.81,152.63,518#54.48,5.29,243.06,219.54,0.00,932.38,153.51,518#54.48,5.29,243.93,203.38,0.00,992.63,131.60,518#54.50,5.29,247.28,222.01,0.00,1053.91,140.06,518#54.50,5.29,249.63,208.53,0.00,975.64,140.44,518#54.28,5.29,250.00,222.53,0.00,997.01,141.92,518#54.54,5.29,252.40,213.60,0.00,1012.99,146.41,518#54.42,5.29,252.78,213.10,0.00,931.75,143.37,518#TRH#750.98,128.00,26.61,39.33,26.59,37.82,26.66,38.33!","9:41:29, 41.3705940247, 1.9958939552, 144.4288940430, 0.0886"
2025-04-23 11:41:41,,"9:41:31, 41.3705940247, 1.9958939552, 144.4165954590, 0.0771"
2025-04-23 11:41:41,"MXA#27.49,26.39,16.32,38.67#27.64,26.45,16.32,38.51#27.55,26.41,16.34,38.68#28.24,26.41,16.35,38.53#28.27,26.58,16.28,38.00#28.17,26.52,16.30,38.04#28.29,26.44,16.28,37.71#27.62,26.21,16.19,37.86#TRH#35.75,42.12,35.84,39.34,35.97,37.44,35.64,42.12!","9:41:33, 41.3705940247, 1.9958935976, 144.4586944580, 0.0687"
2025-04-23 11:41:43,"ECS#0.18,-0.19,0.17,26.00,2.18#0.18,-0.21,0.18,25.00,2.09#0.28,-0.21,0.17,25.00,2.18#0.18,-0.23,0.18,26.00,2.09#0.08,-0.21,0.18,26.00,2.18#0.28,-0.21,0.18,26.00,2.18#0.37,-0.23,0.18,25.00,2.18#0.47,-0.23,0.18,24.00,2.18#0.28,-0.21,0.18,25.00,2.09#0.28,-0.19,0.18,26.00,2.18#0.28,-0.17,0.18,25.00,2.18#0.28,-0.23,0.18,25.00,2.09#0.08,-0.21,0.18,26.00,2.27#0.08,-0.21,0.18,25.00,2.09#TRH#25.78,39.59,26.09,44.04!","9:41:35, 41.3705940247, 1.9958940744, 144.4450073242, 0.0992"
2025-04-23 11:41:46,,"9:41:37, 41.3705940247, 1.9958943129, 144.5229034424, 0.0818"
2025-04-23 11:41:48,"MXD#54.38,5.28,254.85,220.06,0.00,1080.28,128.92,516#54.38,5.29,210.66,212.88,0.00,971.36,154.40,516#54.21,5.29,233.42,204.20,0.00,1025.07,142.31,516#53.99,5.29,242.19,213.60,0.00,1070.09,135.40,516#54.06,5.29,244.80,201.39,0.00,1049.29,136.92,516#54.05,5.28,247.64,210.52,0.00,968.73,129.88,516#54.07,5.29,249.63,211.38,0.00,980.94,142.60,516#53.97,5.29,252.03,204.90,0.00,955.71,142.74,516#53.96,5.29,253.53,199.83,0.00,1023.68,133.31,516#54.10,5.29,255.62,217.54,0.00,924.53,139.40,516#TRH#750.98,128.00,26.61,39.61,26.64,38.07,26.64,38.55!","9:41:39, 41.3705940247, 1.9958943129, 144.4698028564, 0.0749"
2025-04-23 11:41:51,"MXA#27.54,26.16,16.18,37.69#27.35,26.20,16.23,37.66#27.50,26.14,16.22,37.14#28.12,26.37,16.27,36.90#28.20,26.38,16.20,37.19#28.15,26.41,16.24,37.24#28.01,26.12,16.13,36.88#27.42,26.09,16.23,37.19#TRH#35.75,42.03,35.84,39.33,35.98,37.33,35.66,42.03!","9:41:41, 41.3705940247, 1.9958940744, 144.4839019775, 0.0717"
2025-04-23 11:41:53,"ECS#0.56,-0.23,0.18,25.00,2.18#0.08,-0.21,0.18,26.00,2.09#0.28,-0.17,0.18,26.00,2.09#0.18,-0.17,0.18,25.00,2.18#0.28,-0.21,0.18,25.00,2.09#-0.01,-0.21,0.18,26.00,2.18#0.47,-0.17,0.18,25.00,2.18#0.37,-0.19,0.18,27.00,2.09#0.08,-0.21,0.18,26.00,2.18#0.28,-0.19,0.18,26.00,2.18#0.37,-0.17,0.18,26.00,2.09#0.18,-0.19,0.18,25.00,2.18#0.18,-0.21,0.18,27.00,2.18#0.28,-0.19,0.18,25.00,2.18#0.18,-0.23,0.18,26.00,2.27#TRH#25.80,39.59,26.08,44.00!","9:41:43, 41.3705940247, 1.9958944321, 144.4344940186, 0.0656"
2025-04-23 11:41:56,,"9:41:45, 41.3705940247, 1.9958941936, 144.4698028564, 0.0738"
2025-04-23 11:41:57,"MXD#53.91,5.29,257.35,200.71,0.00,1026.80,141.92,517#53.63,5.29,215.99,202.00,0.00,1041.50,133.62,517#53.71,5.28,238.30,197.61,0.00,1048.93,133.99,517#53.71,5.29,247.10,195.02,0.00,1019.53,138.32,517#53.52,5.29,250.18,209.95,0.00,1005.14,139.07,517#53.74,5.29,249.63,202.14,0.00,1059.99,145.67,517#53.75,5.29,254.28,204.97,0.00,942.22,136.97,514#53.74,5.28,257.16,188.08,0.00,973.34,135.95,514#54.00,5.29,257.93,196.74,0.00,951.83,144.49,514#TRH#750.98,128.00,26.62,39.18,26.62,37.56,26.66,37.99!","9:41:47, 41.3705940247, 1.9958946705, 144.4275970459, 0.0718"
2025-04-23 11:42:00,,"9:41:49, 41.3705940247, 1.9958946705, 144.4467926025, 0.0695"
2025-04-23 11:42:01,"MXA#27.47,26.31,16.22,36.85#27.37,26.40,16.25,36.74#28.00,26.33,16.12,36.44#27.40,26.37,16.26,36.85#28.12,26.34,16.28,37.05#27.94,26.42,16.18,36.71#27.12,26.24,16.25,37.27#27.20,26.35,16.27,37.20#TRH#35.81,41.87,35.86,38.94,36.02,36.94,35.67,41.87!","9:41:51, 41.3705940247, 1.9958947897, 144.4358062744, 0.0663"
2025-04-23 11:42:03,"ECS#0.28,-0.23,0.18,24.00,2.09#0.28,-0.21,0.18,26.00,2.18#0.28,-0.25,0.18,26.00,2.27#0.37,-0.23,0.18,26.00,2.18#0.18,-0.23,0.18,26.00,2.18#0.28,-0.21,0.18,24.00,2.09#0.37,-0.17,0.19,26.00,2.27#0.28,-0.21,0.18,25.00,2.09#0.28,-0.21,0.18,25.00,2.18#0.18,-0.19,0.18,25.00,2.09#0.37,-0.25,0.18,25.00,2.18#0.28,-0.23,0.18,25.00,2.18#0.18,-0.21,0.18,25.00,2.09#0.37,-0.21,0.18,25.00,2.18#TRH#25.78,38.90,26.06,43.53!","9:41:53, 41.3705940247, 1.9958950281, 144.3726959229, 0.0672"
2025-04-23 11:42:06,,"9:41:55, 41.3705940247, 1.9958950281, 144.3542022705, 0.0594"
2025-04-23 11:42:08,"MXD#53.71,5.29,258.91,199.83,0.00,1017.81,140.58,516#53.67,5.29,219.32,209.52,0.00,996.00,134.40,516#53.68,5.28,241.51,201.05,0.00,986.94,142.35,516#53.98,5.29,249.09,202.14,0.00,1032.38,152.32,516#53.81,5.29,251.47,202.21,0.00,989.95,133.90,516#53.66,5.29,252.22,213.17,0.00,951.19,143.71,516#53.66,5.29,255.43,202.21,0.00,996.67,137.34,513#53.63,5.29,256.58,194.16,0.00,980.94,155.87,513#53.63,5.29,258.91,204.76,0.00,980.61,132.32,513#53.63,5.29,258.72,222.31,0.00,1046.80,145.67,513#TRH#750.98,128.00,26.66,38.95,26.66,37.37,26.69,37.85!","9:41:57, 41.3705940247, 1.9958950281, 144.3612976074, 0.0784"
2025-04-23 11:42:10,"MXA#27.89,26.58,16.32,37.15#28.17,26.53,16.31,37.30#28.04,26.42,16.20,37.16#27.15,26.36,16.19,37.05#27.16,26.63,16.31,37.50#27.13,26.67,16.36,37.59#27.57,26.59,16.33,37.74#28.18,26.56,16.33,37.73#TRH#35.81,41.95,35.88,39.12,36.02,37.17,35.70,41.95!","9:41:59, 41.3705940247, 1.9958950281, 144.4114990234, 0.0801"
2025-04-23 11:42:16,"ECS#0.18,-0.23,0.18,25.00,2.09#0.28,-0.21,0.18,26.00,2.27#0.28,-0.17,0.18,26.00,2.27#0.28,-0.25,0.18,25.00,2.09#0.18,-0.25,0.18,26.00,2.18#0.18,-0.23,0.18,24.00,2.18#0.28,-0.27,0.18,25.00,2.09#0.37,-0.23,0.18,25.00,2.18#0.18,-0.21,0.18,25.00,2.18#0.2","9:41:1, 41.3705940247, 1.9958952665, 144.4019927979, 0.0683"
2025-04-23 11:42:17,"MXD#53.65,5.29,259.90,197.61,0.00,945.09,137.25,516#53.52,5.28,217.64,199.22,0.00,934.60,137.62,516#53.81,5.28,238.64,194.56,0.00,951.19,130.19,516#53.50,5.28,247.28,197.88,0.00,905.64,149.52,516#53.80,5.28,248.54,199.62,0.00,1005.14,135.40,516#53.98,5.28,249.82,201.05,0.00,942.86,143.13,511#53.88,5.28,253.53,196.67,0.00,1041.85,131.83,511#53.67,5.28,252.96,198.61,0.00,1015.40,136.41,511#53.65,5.28,254.85,196.87,0.00,866.65,131.47,511#TRH#750.98,128.00,26.66,39.26,26.69,37.67,26.72,38.20!","9:42:3, 41.3705940247, 1.9958952665, 144.3392028809, 0.0623"
2025-04-23 11:42:20,,"9:42:5, 41.3705940247, 1.9958956242, 144.3345031738, 0.0527"
2025-04-23 11:42:20,"MXA#28.15,26.42,16.32,37.72#28.18,26.54,16.34,37.58#28.22,26.51,16.35,37.33#27.56,26.50,16.23,37.35#27.17,26.44,16.24,37.49#27.46,26.36,16.18,37.44#28.16,26.52,16.32,37.88#27.60,26.29,16.24,37.49#TRH#35.83,41.97,35.92,39.06,36.03,37.13,35.72,41.97!","9:42:7, 41.3705940247, 1.9958953857, 144.3054962158, 0.0695"
2025-04-23 11:42:23,"ECS#0.18,-0.23,0.18,25.00,2.18#0.66,-0.21,0.18,25.00,2.09#0.37,-0.23,0.18,25.00,2.09#0.18,-0.21,0.18,26.00,2.18#0.18,-0.21,0.18,26.00,2.09#0.28,-0.21,0.18,26.00,2.18#0.37,-0.23,0.18,25.00,2.00#0.18,-0.23,0.18,25.00,2.09#0.08,-0.19,0.18,26.00,2.09#0.18,-0.23,0.18,25.00,2.18#0.37,-0.23,0.18,25.00,2.09#0.28,-0.19,0.18,25.00,2.27#0.28,-0.17,0.19,27.00,2.18#0.28,-0.21,0.18,26.00,2.18#0.08,-0.19,0.18,26.00,2.27#TRH#25.81,39.33,26.09,43.80!","9:42:9, 41.3705940247, 1.9958952665, 144.5364990234, 0.0954"
2025-04-23 11:42:26,,"9:42:11, 41.3705940247, 1.9958940744, 145.1179046631, 0.0904"
2025-04-23 11:42:27,"MXD#53.83,5.28,257.74,200.71,0.00,926.41,135.03,514#53.57,5.28,215.71,202.28,0.00,946.05,122.41,514#53.79,5.29,236.98,199.62,0.00,929.55,139.35,514#53.85,5.29,246.04,196.21,0.00,966.44,151.66,514#53.85,5.29,247.28,208.11,0.00,971.03,128.22,514#53.87,,0.00,946.69,135.81,509#TRH#750.98,128.00,26.67,39.09,26.66,37.40,26.70,37.76!","9:42:13, 41.3705940247, 1.9958959818, 145.3580017090, 0.2340"
2025-04-23 11:42:30,"MXA#27.32,26.15,16.15,37.39#27.40,26.17,16.15,37.28#27.01,26.20,16.20,37.27#28.00,26.19,16.15,37.23#27.43,26.10,16.27,37.76#27.26,26.13,16.26,37.76#26.96,26.06,16.27,37.94#27.99,26.31,16.31,37.95#TRH#35.81,41.87,35.91,38.86,36.06,36.80,35.70,41.87!","9:42:15, 41.3705940247, 1.9958943129, 145.4219970703, 0.1794"
2025-04-23 11:42:35,"ECS#0.37,-0.23,0.18,26.00,2.18#0.08,-0.19,0.18,25.00,2.18#0.18,-0.23,0.18,25.00,2.18#0.28,-0.19,0.18,25.00,2.18#0.28,-0.23,0.18,26.00,2.18#-0.01,-0.23,0.18,25.00,2.09#0.08,-0.23,0.18,26.00,2.27#0.37,-0.21,0.18,26.00,2.18#0.28,-0.25,","9:42:17, 41.3705902100, 1.9958964586, 145.4644927979, 0.4448"
2025-04-23 11:42:36,"MXD#54.23,5.30,262.30,212.45,0.00,1051.42,132.68,513#54.19,5.30,222.03,207.55,0.00,1112.56,134.17,513#54.09,5.30,242.71,213.60,0.00,947.98,133.58,513#54.21,5.29,251.10,236.43,0.00,987.94,133.44,513#54.15,5.29,77.72,146.56,515#TRH#750.98,128.00,26.67,39.12,26.69,37.50,26.72,37.90!","9:42:19, 41.3705902100, 1.9958949089, 145.5778045654, 0.5562"
2025-04-23 11:42:39,,"9:42:21, 41.3705902100, 1.9958945513, 145.3988952637, 0.3900"
2025-04-23 11:42:42,"MXA#27.73,26.24,16.29,37.68#27.40,26.09,16.27,37.45#27.28,26.01,16.17,37.37#27.13,26.14,16.32,37.76#27.47,26.07,16.29,37.88#28.10,26.12,16.18,37.8,-0.25,0.18,25.00,2.09#0.18,-0.21,0.18,25.00,2.09#0.28,-0.25,0.18,26.00,2.18#0.37,-0.23,0.18,25.00,2.18#0.28,-0.23,0.18,26.00,2.09#TRH#25.83,38.94,26.12,43.45!","9:42:23, 41.3705940247, 1.9958943129, 145.2563934326, 0.3850"
2025-04-23 11:42:45,,"9:42:25, 41.3705940247, 1.9958993196, 145.2023925781, 0.9216"
2025-04-23 11:42:46,"74,5.31,260.10,230.35,0.00,1152.03,131.12,522#54.83,5.32,262.09,232.39,0.00,1134.61,134.21,522#54.78,5.32,264.53,229.34,0.00,1024.37,130.94,522#54.61,5.32,266.60,221.86,0.00,1223.98,142.45,522#TRH#750.98,128.00,26.67,39.07,26.70,37.52,26.70,38.24!","9:42:27, 41.3705978394, 1.9959073067, 145.1354980469, 1.3404"
2025-04-23 11:42:49,,"9:42:29, 41.3706054688, 1.9959105253, 145.0395050049, 1.6542"
2025-04-23 11:42:50,"MXA#27.44,25.91,16.28,38.14#27.49,25.96,16.32,38.16#28.16,26.02,16.21,38.21#27.95,25.99,16.31,38.42#28.07,25.95,16.30,38.32#27.85,25.96,16.32,38.25#27.10,25.62,16.17,37.87#27.22,25.69,16.20,37.76#TRH#35.88,42.07,35.94,39.26,36.06,37.27,35.77,42.07!","9:42:31, 41.3706207275, 1.9959106445, 145.8334045410, 2.0660"
2025-04-23 11:42:52,"8,-0.29,0.18,26.00,2.09#0.28,-0.31,0.18,26.00,2.18#0.18,-0.27,0.18,26.00,2.18#0.18,-0.29,0.18,26.00,2.09#0.18,-0.27,0.17,25.00,2.09#0.28,-0.31,0.17,26.00,2.09#TRH#25.83,39.41,26.11,43.76!","9:42:33, 41.3706283569, 1.9959149361, 146.1587066650, 2.4923"
2025-04-23 11:42:55,,"9:42:35, 41.3706359863, 1.9959212542, 145.6748962402, 2.6955"
2025-04-23 11:42:57,SPLRon,"9:42:37, 41.3706436157, 1.9959319830, 144.9644927979, 2.8236"
2025-04-23 11:42:58,"MXD#54.68,5.33,270.18,240.88,0.00,1138.46,130.50,519#54.86,5.33,228.57,228.25,0.00,1213.66,140.44,519#54.82,5.34,249.82,228.56,0.00,1180.84,149.31,519#54.95,5.34,260.49,234.84,0.00,1132.31,132.01,519#54.78,5.34,260.49,237.64,0.00,1112.18,147.31,519#54.80,5.34,262.90,242.59,0.00,1124.67,145.47,518#55.04,5.34,264.12,258.18,0.00,1132.31,142.16,518#55.08,5.35,267.43,249.84,0.00,1120.87,144.10,518#55.26,5.35,268.27,245.15,0.00,1162.99,132.99,518#54.89,5.35,270.61,251.03,0.00,1110.30,144.34,518#TRH#750.98,128.00,26.70,39.01,26.72,37.43,26.73,37.86!","9:42:39, 41.3706512451, 1.9959465265, 144.7014007568, 2.9035"
2025-04-23 11:43:01,,"9:42:41, 41.3706550598, 1.9959552288, 144.8406982422, 2.8843"
2025-04-23 11:43:02,".18,25.00,2.00#0.08,-0.25,0.18,25.00,2.09#0.18,-0.27,0.18,25.00,2.18#0.37,-0.23,0.18,26.00,2.18#-0.01,-0.25,0.18,25.00,2.18#0.28,-0.27,0.18,27.00,2.18#TRH#25.83,39.09,26.09,43.57!","9:42:43, 41.3706550598, 1.9959698915, 145.5426025391, 2.8555"
2025-04-23 11:43:05,,"9:42:45, 41.3706626892, 1.9959801435, 146.6540985107, 2.8910"
2025-04-23 11:43:06,"MXD#55.27,5.36,274.31,245.15,0.00,1138.46,143.61,520#55.13,5.36,233.10,245.40,0.00,1155.15,141.59,520#55.41,5.37,255.62,248.07,0.00,1146.58,140.30,520#55.31,5.36,261.69,242.92,0.00,1205.88,148.56,520#55.33,5.37,264.94,236.27,0.00,1196.13,160.04,521#55.27,5.37,263.51,238.68,0.00,1267.83,149.72,521#55.26,5.37,265.77,239.66,0.00,1147.36,132.81,521#55.29,5.37,267.85,226.41,0.00,1266.97,140.30,521#55.15,5.38,268.27,238.12,0.00,1132.31,139.59,521#55.23,5.38,268.27,241.04,0.00,1164.57,137.99,521#TRH#750.98,128.00,26.70,39.01,26.70,37.43,26.75,37.84!","9:42:47, 41.3706703186, 1.9959868193, 146.5836029053, 2.9191"
2025-04-23 11:43:09,"MXA#28.13,25.84,16.23,38.42#28.06,25.69,16.31,38.25#28.08,25.51,16.26,38.17#28.07,25.42,16.25,38.22#27.99,25.11,16.17,38.04#27.95,24.94,16.11,37.87#27.95,24.88,16.12,37.81#27.49,24.94,16.22,38.21#TRH#35.89,41.96,35.97,39.03,36.12,36.99,35.78,41.96!","9:42:49, 41.3706741333, 1.9959945679, 146.9008026123, 2.9856"
2025-04-23 11:43:11,"ECS#0.08,-0.27,0.18,25.00,2.18#0.18,-0.27,0.18,26.00,2.09#0.28,-0.29,0.18,26.00,2.18#0.18,-0.23,0.18,27.00,2.27#0.28,-0.29,0.18,25.00,2.09#0.28,-0.31,0.18,25.00,2.18#0.08,-0.27,0.18,26.00,2.18#0.28,-0.25,0.18,26.00,2.18#0.28,-0.31,0.18,26.00,2.09#0.18,-0.25,0.18,25.00,2.09#0.08,-0.27,0.18,25.00,2.09#0.28,-0.25,0.18,25.00,2.18#0.18,-0.27,0.17,24.00,2.00#0.18,-0.31,0.18,26.00,2.09#TRH#25.86,39.02,26.08,43.48!","9:42:51, 41.3706741333, 1.9959971905, 147.5283966064, 3.0325"
2025-04-23 11:43:14,,"9:42:53, 41.3706741333, 1.9959903955, 147.3260040283, 1.5456"
2025-04-23 11:43:19,"MXA#27.94,24.70,16.16,38.13#27.98,24.71,16.19,38.14#27.65,24.52,16.04,38.33#27.09,24.50,16.09,37.76#27.13,24.45,16.08,37.85#27.20,24.44,16.04,37.74#27.81,24.77,15.96,37.69#27.73,24.67,16.07,38.18#TRH#35.89,41.92,35.97,39.04,36.14,37.05,35.80,41.92!","9:42:55, 41.3706779480, 1.9959878922, 147.0746002197, 1.2478"
2025-04-23 11:43:22,"ECS#0.08,-0.21,0.18,26.00,2.18#0.08,-0.21,0.18,26.00,2.18#0.37,-0.21,0.18,24.00,2.09#0.08,-0.27,0.17,25.00,2.18#0.28,-0.21,0.18,26.00,2.18#0.37,-0.23,0.18,26.00,2.00#0.18,-0.27,0.18,25.00,2.18#0.47,-0.25,0.18,25.00,2.18#0.18,-0.27,0.18,24.00,2.18#0.18,-0.31,0.18,25.00,2.09#0.47,-0.27,0.19,25.00,2.09#0.47,-0.27,0.18,26.00,2.27#0.08,-0.23,0.18,25.00,2.09#0.28,-0.25,0.18,26.00,2.27#0.28,-0.27,0.18,26.00,2.27#TRH#25.86,38.96,26.12,43.46!","9:42:57, 41.3706779480, 1.9959863424, 146.8710937500, 1.0795"
2025-04-23 11:43:25,,"9:42:59, 41.3706779480, 1.9959861040, 146.0980072021, 0.9495"
2025-04-23 11:43:26,"MXD#55.69,5.40,269.97,234.92,0.00,1176.45,143.71,519#55.29,5.41,228.11,251.03,0.00,1179.25,137.06,519#55.31,5.40,250.37,242.10,0.00,1328.45,138.27,519#55.40,5.40,257.74,260.11,0.00,1292.96,132.50,519#55.43,5.41,259.11,254.62,0.00,1199.37,140.06,519#55.47,5.40,261.69,233.41,0.00,1175.26,127.96,519#55.76,5.41,263.71,255.49,0.00,1194.11,140.30,519#55.40,5.41,264.33,239.82,0.00,1352.49,130.28,519#55.26,5.41,264.74,243.99,0.00,1201.40,152.07,517#55.33,5.41,264.53,229.11,0.00,1200.59,129.44,517#TRH#750.98,128.00,26.70,38.97,26.73,37.34,26.75,37.84!","9:42:1, 41.3706817627, 1.9959853888, 145.2250061035, 0.8763"
2025-04-23 11:43:29,"MXA#27.46,24.70,16.09,37.74#27.44,24.81,16.13,37.79#27.10,24.72,16.03,37.62#27.79,24.64,16.13,37.96#27.69,24.61,16.01,37.51#27.64,24.52,15.97,37.53#26.75,24.56,16.15,37.98#27.12,24.65,16.13,37.69#TRH#35.89,41.90,35.98,39.01,36.12,36.97,35.84,41.90!","9:43:3, 41.3706817627, 1.9959843159, 145.4768981934, 0.8234"
2025-04-23 11:43:31,"ECS#0.47,-0.27,0.18,26.00,2.27#0.66,-0.19,0.18,26.00,2.18#0.28,-0.25,0.18,25.00,2.09#0.28,-0.23,0.18,24.00,2.09#0.28,-0.25,0.18,26.00,2.18#0.47,-0.25,0.18,25.00,2.09#0.08,-0.21,0.18,25.00,2.09#0.28,-0.27,0.18,26.00,2.18#0.18,-0.27,0.18,25.00,2.18#0.18,-0.27,0.18,26.00,2.18#0.47,-0.27,0.18,26.00,2.09#0.28,-0.27,0.18,25.00,2.18#0.18,-0.23,0.18,25.00,2.18#0.28,-0.23,0.18,26.00,2.18#TRH#25.86,39.02,26.11,43.48!","9:43:5, 41.3706893921, 1.9959826469, 146.1602935791, 0.7528"
2025-04-23 11:43:34,,"9:43:7, 41.3706932068, 1.9959815741, 146.2691955566, 0.7261"
2025-04-23 11:43:35,"MXD#55.13,5.41,266.39,251.62,0.00,1171.29,144.88,517#55.18,5.41,223.34,248.24,0.00,1196.13,131.29,517#55.31,5.41,244.98,248.91,0.00,1184.05,133.31,517#55.32,5.41,254.09,235.63,0.00,1228.13,145.67,515#55.14,5.41,256.38,242.59,0.00,1176.06,142.21,515#54.91,5.41,255.62,214.40,0.00,1223.98,130.06,515#55.04,5.41,259.90,236.75,0.00,1258.42,131.03,515#54.84,5.41,260.89,217.10,0.00,1143.48,145.62,515#54.87,5.41,259.50,239.09,0.00,1093.52,134.49,515#TRH#750.98,128.00,26.72,38.94,26.75,37.32,26.80,37.79!","9:43:9, 41.3706932068, 1.9959797859, 147.1262969971, 0.6558"
2025-04-23 11:43:38,,"9:43:11, 41.3706932068, 1.9959762096, 147.6938934326, 0.6049"
2025-04-23 11:43:38,"MXA#27.11,24.95,1.32#27.63,24.85,15.97,37.30#27.01,24.94,16.02,37.09#27.04,25.21,16.12,37.50#27.28,25.12,16.15,37.61#27.72,25.16,16.18,37.56#27.60,25.05,16.14,37.53#TRH#35.91,41.96,35.98,39.07,36.16,37.07,35.84,41.96!","9:43:13, 41.3706932068, 1.9959732294, 148.0503997803, 0.5704"
2025-04-23 11:43:41,"8,25.00,2.18#0.37,-0.23,0.19,25.00,2.09#0.47,-0.21,0.18,25.00,2.09#0.47,-0.25,0.19,25.00,2.18#0.28,-0.23,0.18,25.00,2.09#0.47,-0.25,0.18,26.00,2.09#0.28,-0.23,0.18,25.00,2.09#0.37,-0.21,0.18,26.00,2.18#TRH#25.84,39.13,26.11,43.63!","9:43:15, 41.3706893921, 1.9959720373, 148.2165069580, 0.6569"
2025-04-23 11:43:44,,"9:43:17, 41.3706855774, 1.9959710836, 148.4624938965, 0.7439"
2025-04-23 11:43:44,"MXD#54.85,5.40,260.89,241.61,0.00,1231.45,136.46,518#54.97,5.41,219.18,219.84,0.00,1110.30,131.16,518#54.97,5.40,239.98,226.49,0.00,1200.59,136.13,516#54.82,5.41,247.28,232.54,0.00,1136.92,130.98,516#54.82,5.40,250.00,229.65,0.00,1059.99,140.77,516#54.86,5.40,251.29,230.97,0.00,1123.91,147.81,516#54.58,5.40,254.09,235.16,0.00,1179.64,137.25,516#54.68,5.40,258.13,231.13,0.00,1116.33,138.88,516#54.61,5.40,254.66,214.98,0.00,1112.18,140.54,519#TRH#750.98,128.00,26.72,39.03,26.73,37.37,26.78,37.75!","9:43:19, 41.3706893921, 1.9959688187, 148.1974945068, 0.7010"
2025-04-23 11:43:47,,"9:43:21, 41.3706893921, 1.9959697723, 147.2346954346, 0.6439"
2025-04-23 11:43:48,"MXA#27.56,25.13,16.06,36.98#27.60,25.18,16.10,36.90#27.04,25.00,16.03,37.30#26.67,25.04,16.09,37.38#26.98,25.02,16.08,37.41#27.29,25.27,16.15,37.12#26.96,25.24,16.01,36.84#26.85,25.19,16.03,36.88#TRH#35.94,41.89,36.00,38.95,36.16,36.90,35.86,41.89!","9:43:23, 41.3706893921, 1.9959710836, 146.2409057617, 0.5928"
2025-04-23 11:43:51,"ECS#0.18,-0.23,0.18,25.00,2.18#0.28,-0.23,0.18,27.00,2.27#0.28,-0.23,0.18,26.00,2.27#0.37,-0.23,0.19,24.00,2.18#0.18,-0.14,0.19,25.00,2.18#0.28,-0.21,0.18,25.00,2.18#0.47,-0.23,0.18,25.00,2.18#0.28,-0.23,0.18,26.00,2.18#0.37,-0.14,0.19,25.00,2.09#0.18,-0.27,0.18,25.00,2.18#0.37,-0.23,0.18,25.00,2.18#0.28,-0.21,0.18,25.00,2.09#0.28,-0.19,0.18,25.00,2.09#0.18,-0.23,0.18,26.00,2.27#0.18,-0.25,0.18,26.00,2.18#TRH#25.86,38.85,26.11,43.39!","9:43:25, 41.3706932068, 1.9959726334, 145.3831024170, 0.5815"
2025-04-23 11:43:54,,"9:43:27, 41.3706932068, 1.9959727526, 144.8735046387, 0.5785"
2025-04-23 11:43:55,"MXD#54.46,5.40,258.52,225.19,0.00,1059.99,137.99,519#54.57,5.40,218.20,219.39,0.00,1134.23,142.16,519#54.56,5.40,240.15,212.96,0.00,1051.06,140.06,516#54.59,5.39,248.00,220.59,0.00,1110.30,150.94,516#54.75,5.40,249.82,221.18,0.00,1090.56,136.23,516#54.32,5.40,252.03,232.31,0.00,1072.26,129.35,516#54.50,5.40,251.66,218.43,0.00,1144.64,125.94,516#54.52,5.40,256.77,211.73,0.00,1100.57,123.95,516#54.51,5.40,259.11,214.40,0.007,37.01,26.78,37.48!","9:43:29, 41.3706932068, 1.9959729910, 145.0912933350, 0.6029"
2025-04-23 11:43:58,,"9:43:31, 41.3706932068, 1.9959737062, 145.7651062012, 0.6620"
2025-04-23 11:43:58,"MXA#27.18,25.17,16.04,37.29#27.20,25.26,16.07,37.20#27.62,25.42,16.15,37.16#27.13,25.32,16.07,36.99#26.80,25.30,16.09,37.16#27.60,25.54,16.19,37.36#27.68,25.49,16.12,37.19#27.58,25.44,16.15,37.38#TRH#35.95,41.85,36.02,38.89,36.19,36.85,35.88,41.85!","9:43:33, 41.3706893921, 1.9959729910, 146.6864929199, 0.6144"
2025-04-23 11:44:01,,"9:43:35, 41.3706893921, 1.9959729910, 147.0119934082, 0.5335"
2025-04-23 11:44:05,"MXD#54.69,5.39,260.49,218.36,0.00,1095.37,143.95,513#54.45,5.39,219.74,213.82,0.00,1185.65,127.27,512#54.39,5.39,239.31,216.66,0.00,1053.91,142.02,512#54.51,5.39,249.09,216.52,0.00,1190.07,128.00,512#54.41,5.4,1194.11,125.13,506#54.51,5.40,258.72,219.25,0.00,1110.68,139.73,506#TRH#750.98,128.00,26.77,38.65,26.77,37.00,26.80,37.49!","9:43:37, 41.3706893921, 1.9959739447, 146.9822998047, 0.5025"
2025-04-23 11:44:08,"MXA#27.32,25.20,16.17,37.29#26.90,25.04,16.08,37.13#26.74,25.01,15.98,36.98#27.03,25.25,16.17,37.35#26.95,25.29,16.18,37.55#27.53,25.45,16.14,37.19#27.58,25.47,16.08,36.96#26.74,25.36,16.09,37.31#TRH#35.98,41.83,36.02,38.91,36.22,36.91,35.88,41.83!","9:43:39, 41.3706893921, 1.9959748983, 146.8813018799, 0.4595"
2025-04-23 11:44:10,"ECS#0.37,-0.23,0.18,25.00,2.09#0.37,-0.23,0.18,25.00,2.09#0.28,-0.21,0.18,26.00,2.27#0.37,-0.23,0.18,26.00,2.09#0.37,-0.23,0.18,25.00,2.09#0.37,-0.21,0.19,25.00,2.09#0.18,-0.250,2.18#0.47,-0.25,0.18,26.00,2.18#0.18,-0.23,0.18,25.00,2.09#TRH#25.89,38.85,26.14,43.39!","9:43:41, 41.3706855774, 1.9959751368, 146.8040008545, 0.4878"
2025-04-23 11:44:13,,"9:43:43, 41.3706855774, 1.9959750175, 146.7281951904, 0.4678"
2025-04-23 11:44:14,"MXD#54.23,5.39,258.72,221.86,0.00,1019.88,125.90,502#54.42,5.40,219.32,213.97,0.00,1095.00,154.77,502#54.23,5.40,240.83,211.73,0.00,1133.08,124.50,502#54.23,5.40,248.91,221.48,0.00,1062.51,137.76,502#54.42,5.40,252.03,226.33,0.00,1085.77,139.97,502#5,38.75,26.77,37.07,26.83,37.55!","9:43:45, 41.3706855774, 1.9959756136, 146.6497039795, 0.4161"
2025-04-23 11:44:17,,"9:43:47, 41.3706893921, 1.9959762096, 146.6475067139, 0.4050"
2025-04-23 11:44:18,"MXA#26.50,25.48,16.17,36.94#26.87,25.60,16.17,36.71#27.32,25.81,16.15,36.20#27.27,25.88,16.20,36.24#27.24,25.86,16.18,36.28#26.93,25.77,16.10,36.19#27.59,25.95,16.10,36.21#27.16,25.78,16.11,36.73#TRH#35.97,41.81,36.06,38.85,36.20,36.76,35.91,41.81!","9:43:49, 41.3706893921, 1.9959765673, 146.6457977295, 0.4398"
2025-04-23 11:44:23,"ECS#0.37,-0.25,0.18,25.00,2.09#0.37,-0.27,0.18,26.00,2.09#0.28,-0.23,0.18,25.00,2.18#0.28,-0.23,0.18,25.00,2.00#0.47,-0.27,0.18,25.00,2.09#0.28,-0.25,0.18,25.00,2.18#0.28,-0.23,0.18,24.00,2.18#0.18,-0.23,0.18,24.00,2.09#0.37,-0.19,0.19,25.00,2.18#0.2","9:43:51, 41.3706893921, 1.9959768057, 146.6486968994, 0.5455"
2025-04-23 11:44:27,"MXD#54.23,5.40,261.49,239.01,0.00,1090.56,131.38,499#54.26,5.40,222.90,225.26,0.00,1173.67,128.44,499#54.13,5.40,243.93,220.51,0.00,1098.34,136.13,499#54.29,5.40,253.72,220.44,0.00,1082.47,121.38,499#54.54,5.40,254.MXA#27.08,25.95,16.25,36.85#27.09,26.05,16.29,36.94#27.13,25.95,16.31,37.22#27.69,26.05,16.20,36.91#27.78,26.13,16.18,36.91#26.84,26.01,16.28,37.64#27.25,26.08,35.94,41.85!","9:43:53, 41.3706893921, 1.9959775209, 146.7588043213, 0.4938"
2025-04-23 11:44:30,"ECS#0.28,-0.21,0.18,25.00,2.09#0.08,-0.25,0.18,26.00,2.09#0.37,-0.23,0.19,26.00,2.09#0.08,-0.25,0.18,25.00,2.09#0.37,-0.25,0.18,25.00,2.09#0.18,-0.33,0.18,26.00,2.18#0.28,-0.29,0.18,8,26.00,2.09#0.18,-0.35,0.18,24.00,2.09#0.18,-0.35,0.18,24.00,2.09#0.08,-0.35,0.18,26.00,2.09#0.08,-0.33,0.18,25.00,2.18#TRH#25.88,38.87,26.12,43.39!","9:43:55, 41.3706893921, 1.9959789515, 147.2299041748, 0.5019"
2025-04-23 11:44:33,,"9:43:57, 41.3706855774, 1.9959781170, 147.2436065674, 0.5088"
2025-04-23 11:44:34,"MXD#55.28,5.44,274.97,260.02,0.00,1214.48,156.24,484#55.44,5.44,242.88,249.93,0.00,1191.68,136.69,484#55.35,5.44,264.33,254.54,0.00,1265.25,145.62,484#55.44,5.45,272.12,276.73,0.00,1229.37,153.20,484#55.73,5.45,276.53,266.89,0.00,1400.00,148.26,484#56.21,5.45,279.02,267.61,0.00,1311.03,142.79,366#56.02,5.46,279.93,280.12,0.00,1342.00,139.49,366#55.80,5.47,282.95,273.01,0.00,1266.11,140.54,366#56.15,5.47,284.13,275.61,0.00,1245.71,151.96,366#TRH#750.98,128.00,26.78,38.96,26.80,37.34,26.83,37.81!","9:43:59, 41.3706855774, 1.9959774017, 147.5476074219, 0.4662"
2025-04-23 11:44:37,,"9:43:1, 41.3706855774, 1.9959793091, 147.9376983643, 0.5061"
2025-04-23 11:44:37,".00,35.97,41.83!","9:44:3, 41.3706855774, 1.9959837198, 148.3453063965, 0.5121"
2025-04-23 11:44:40,"ECS#0.18,-0.37,0.18,26.00,2.18#0.28,-0.29,0.18,26.00,2.09#0.18,-0.29,0.17,26.00,2.18#0.08,-0.33,0.17,25.00,2.09#0.18,-0.37,0.17,25.00,2.09#0.37,-0.29,0.18,24.00,2.00#0.08,-0.33,0.18,25.00,2.18#-0.01,-0.37,0.18,25.00,2.09#0.18,-0.31,0.18,25.00,2.09#0.08,-0.35,0.18,25.00,2.18#0.28,-0.35,0.18,25.00,2.09#-0.01,-0.33,0.17,24.00,2.18#0.28,-0.37,0.18,25.00,2.18#0.18,-0.37,0.18,26.00,2.09#0.18,-0.37,0.18,25.00,2.18#TRH#25.89,39.11,26.16,43.64!","9:44:7, 41.3706855774, 1.9959897995, 148.4868011475, 0.4836"
2025-04-23 11:44:43,,"9:44:9, 41.3706855774, 1.9959930182, 148.8404998779, 0.4640"
2025-04-23 11:44:44,"6.76,5.48,275.86,284.23,0.00,1338.37,134.85,367#56.41,5.49,275.64,267.97,0.00,1308.81,137.99,367#56.41,5.49,277.88,275.98,0.00,1488.94,133.49,367#56.32,5.49,276.08,273.01,0.00,1334.30,143.52,367#56.17,5.49,279.25,272.00,0.00,1369.07,135.86,367#TRH#750.98,128.00,26.80,39.04,26.81,37.44,26.83,37.97!","9:44:11, 41.3706855774, 1.9959939718, 148.7792053223, 0.4478"
2025-04-23 11:44:47,"MXA#27.66,26.11,16.50,38.53#27.73,26.02,16.44,38.28#27.72,26.10,16.47,38.17#28.25,25.83,16.37,37.79#28.18,25.80,16.36,37.80#27.63,25.84,16.34,37.58#27.72,25.94,16.45,37.89#27.52,25.86,16.35,37.83#TRH#36.02,41.89,36.08,39.13,36.25,37.12,35.98,41.89!","9:44:13, 41.3706855774, 1.9959950447, 148.7823944092, 0.5127"
2025-04-23 11:44:49,"ECS#0.18,-0.35,0.17,25.00,2.18#0.18,-0.39,0.18,24.00,2.00#0.18,-0.33,0.17,25.00,2.18#0.18,-0.33,0.17,26.00,2.18#0.08,-0.31,0.18,25.00,2.18#0.18,-0.39,0.17,25.00,2.18#-0.01,-0.35,0.00,2.18#TRH#25.91,39.27,26.16,43.77!","9:44:15, 41.3706855774, 1.9959952831, 148.8011016846, 0.5100"
2025-04-23 11:44:52,,"9:44:17, 41.3706855774, 1.9959954023, 148.5966949463, 0.4589"
2025-04-23 11:44:53,"1,269.33,284.04,0.00,1430.65,136.92,373#56.34,5.51,270.18,282.50,0.00,1317.70,143.95,379#56.47,5.52,275.86,277.86,0.00,1297.34,141.16,379#56.61,5.51,277.66,277.39,0.00,1461.48,130.63,379#56.65,5.52,277.88,294.61,0.00,1263.12,150.43,379#TRH#750.98,128.00,26.78,39.27,26.81,37.71,26.83,38.25!","9:44:19, 41.3706855774, 1.9959957600, 148.5960998535, 0.4217"
2025-04-23 11:44:56,,"9:44:21, 41.3706855774, 1.9959963560, 148.6222991943, 0.4654"
2025-04-23 11:44:59,"0.21,-0.29,0.18,26.00,2.18#0.08,-0.33,0.18,27.00,2.18#0.18,-0.37,0.18,26.00,2.09#0.18,-0.37,0.18,25.00,2.27#0.28,-0.29,0.18,25.00,2.18#TRH#25.89,39.43,26.17,43.88!","9:44:23, 41.3706855774, 1.9959965944, 148.5879974365, 0.4633"
2025-04-23 11:45:02,,"9:44:25, 41.3706855774, 1.9959965944, 148.6320037842, 0.4814"
2025-04-23 11:45:04,"23.09,142.11,372#56.73,5.54,275.42,286.26,0.00,1548.56,125.13,375#56.51,5.54,275.19,274.58,0.00,1378.37,131.69,375#56.73,5.54,276.31,284.42,0.00,1497.03,138.37,375#56.78,5.54,275.19,272.27,0.00,1410.46,134.90,375#56.66,5.55,274.53,281.83,0.00,1411.89,147.56,375#TRH#750.98,128.00,26.81,39.01,26.83,37.38,26.83,37.83!","9:44:27, 41.3706855774, 1.9959965944, 148.6136932373, 0.4999"
2025-04-23 11:45:07,,"9:44:29, 41.3706855774, 1.9959970713, 148.3665924072, 0.4568"
2025-04-23 11:45:09,"8,-0.29,0.18,24.00,2.09#0.08,-0.29,0.18,25.00,2.00#0.47,-0.27,0.18,25.00,2.09#0.37,-0.29,0.18,25.00,2.09#0.08,-0.25,0.18,26.00,2.09#0.18,-0.27,0.18,26.00,2.09#TRH#25.91,39.02,26.17,43.58!","9:44:31, 41.3706855774, 1.9959968328, 148.4450073242, 0.4485"
2025-04-23 11:45:12,,"9:44:33, 41.3706855774, 1.9959962368, 148.4060974121, 0.4231"
2025-04-23 11:45:14,"MXD#56.62,5.54,276.08,266.98,0.00,1443.79,148.96,374#56.48,5.54,230.11,271.72,0.00,1311.91,137.71,374#56.46,5.55,252.22,277.39,0.00,1349.75,144.39,374#56.42,5.54,262.50,277.76,0.00,1372.78,140.11,374#56.43,5.54,263.31,285.58,0.00,1327.55,151.81,373#56.23,5.55,263.10,273.75,0.00,1365.37,149.26,373#56.37,5.55,265.77,264.64,0.00,1507.71,141.92,373#56.41,5.54,268.70,244.41,0.00,1298.66,137.99,373#56.02,5.55,268.27,263.39,0.00,1441.35,139.97,373#56.33,5.55,268.91,276.26,0.00,1586.76,140.30,377#TRH#750.98,128.00,26.80,38.96,26.81,37.35,26.86,37.82!","9:44:35, 41.3706855774, 1.9959974289, 148.3347015381, 0.4010"
2025-04-23 11:45:17,,"9:44:37, 41.3706855774, 1.9959983826, 148.1259002686, 0.3242"
2025-04-23 11:45:17,"MXA#28.22,26.23,16.42,37.10#28.23,26.20,16.39,37.15#28.23,26.29,16.39,36.99#28.33,26.24,16.42,37.10#28.45,26.29,16.40,36.90#28.38,26.31,16.43,37.13#27.80,26.38,16.56,37.56#28.27,26.52,16.55,37.35#27.45,26.28,16.43,37.14#TRH#36.09,41.74,36.16,38.94,36.28,36.94,36.02,41.74!","9:44:39, 41.3706855774, 1.9959977865, 147.8141937256, 0.3783"
2025-04-23 11:45:20,"ECS#0.18,-0.29,0.18,25.00,2.18#0.18,-0.33,0.18,27.00,2.27#0.18,-0.33,0.18,25.00,2.18#0.18,-0.25,0.18,25.00,2.18#0.28,-0.25,0.18,25.00,2.18#0.37,-0.29,0.19,25.00,2.18#0.47,-0.31,0.18,25.00,2.09#0.18,-0.29,0.18,26.00,2.18#0.37,-0.27,0.19,26.00,2.18#0.08,-0.27,0.18,26.00,2.09#0.47,-0.31,0.19,25.00,2.18#0.18,-0.29,0.18,25.00,2.18#0.18,-0.29,0.18,26.00,2.18#-0.01,-0.31,0.18,25.00,2.09#0.18,-0.31,0.18,25.00,2.09#0.08,-0.33,0.18,25.00,2.09#TRH#25.92,39.08,26.19,43.64!","9:44:41, 41.3706855774, 1.9959967136, 147.5897064209, 0.4064"
2025-04-23 11:45:23,,"9:44:43, 41.3706855774, 1.9959942102, 147.6260986328, 0.3839"
2025-04-23 11:45:24,"MXD#56.58,5.55,274.97,270.53,0.00,1499.06,144.59,377#56.40,5.55,235.67,277.39,0.00,1489.45,140.49,377#56.21,5.55,254.47,261.35,0.00,1353.41,145.23,377#56.56,5.56,262.30,261.70,0.00,1276.87,141.30,371#56.37,5.56,263.51,265.90,0.00,1479.90,139.73,371#56.26,5.56,265.15,280.22,0.00,1449.17,146.51,371#56.25,5.56,265.56,270.62,0.00,1360.30,149.41,371#56.50,5.56,267.22,262.14,0.00,1430.65,142.21,371#56.15,5.55,267.85,282.50,0.00,1403.79,141.59,371#56.01,5.55,265.15,279.65,0.00,1448.19,147.06,371#TRH#750.98,128.00,26.81,39.44,26.83,37.96,26.86,38.50!","9:44:45, 41.3706817627, 1.9959906340, 147.6631011963, 0.3575"
2025-04-23 11:45:27,,"9:44:47, 41.3706817627, 1.9959877729, 147.8078002930, 0.3379"
2025-04-23 11:45:27,"MXA#27.90,26.26,16.54,37.38#28.40,26.42,16.54,37.14#28.40,26.51,16.55,36.86#28.53,26.37,16.47,37.14#28.10,26.32,16.40,36.96#28.16,26.10,16.29,36.58#28.01,25.99,16.30,36.62#27.86,26.20,16.42,36.92#TRH#36.09,41.94,36.19,39.27,36.34,37.29,36.05,41.94!","9:44:49, 41.3706817627, 1.9959876537, 147.8161010742, 0.3598"
2025-04-23 11:45:30,"ECS#0.18,-0.31,0.18,25.00,2.18#0.08,-0.25,0.18,25.00,2.18#0.08,-0.27,0.18,26.00,2.18#0.28,-0.29,0.18,24.00,2.09#0.37,-0.29,0.19,26.00,2.18#0.28,-0.27,0.18,24.00,2.09#0.28,-0.29,0.19,25.00,2.18#-0.01,-0.31,0.18,25.00,2.09#0.08,-0.27,0.18,26.00,2.09#0.08,-0.31,0.18,25.00,2.18#0.28,-0.31,0.18,25.00,2.18#0.28,-0.31,0.18,25.00,2.09#0.08,-0.25,0.18,25.00,2.09#0.28,-0.29,0.18,25.00,2.09#TRH#25.94,39.68,26.17,44.12!","9:44:51, 41.3706817627, 1.9959826469, 147.6295013428, 0.3628"
2025-04-23 11:45:33,,"9:44:53, 41.3706817627, 1.9959702492, 147.6602935791, 0.3821"
2025-04-23 11:45:37,"MXD#56.05,5.56,270.61,266.98,0.00,1448.68,133.08,369#56.28,5.56,233.90,271.44,0.00,1383.04,142.31,369#55.93,5.56,251.66,264.64,0.00,1357.54,124.12,366#55.84,5.57,262.70,270.80,0.00,1331.15,130.45,366#56.00,5.56,263.31,259.58,0.00,1304.83,145.03,366#56.06,5.56,268.06,262.23,0.00,1334.30,128.44,366#55.98,5.57,268.48,265.72,0.00,1334.30,129.53,366#55.95,5.57,270.18,275.52,0.00,1371.39,127.31,366#55.73,5.57,269.76,264.82,0.00,1362.14,133.62,373#55.86,5.57,269.76,","9:44:55, 41.3706817627, 1.9959659576, 147.5895996094, 0.3784"
2025-04-23 11:45:38,"MXA#28.19,26.04,16.30,36.38#28.15,26.00,16.28,36.23#28.05,25.89,16.31,36.30#27.97,25.76,16.28,36.29#27.94,25.69,16.30,36.35#27.40,25.76,16.43,36.70#27.34,25.68,16.38,36.62#27.98,25.82,16.29,36.03#27.44,25.73,16.36,36.57#TRH#36.11,41.75,36.19,38.96,36.34,37.00,36.06,41.75!","9:44:57, 41.3706817627, 1.9959640503, 147.5957946777, 0.4225"
2025-04-23 11:45:41,"ECS#0.18,-0.35,0.18,25.00,2.09#0.08,-0.33,0.18,25.00,2.18#0.37,-0.31,0.18,26.00,2.18#0.08,-0.29,0.18,24.00,2.00#0.08,-0.29,0.18,26.00,2.27#0.28,-0.31,0.18,25.00,2.18#0.08,-0.25,0.18,26.00,2.18#0.18,-0.29,0.18,26.00,2.18#0.08,-0.23,0.18,26.00,2.09#0.08,-0.23,0.18,24.00,2.09#-0.01,-0.31,0.18,25.00,2.18#0.18,-0.27,0.18,25.00,2.18#0.37,-0.23,0.19,26.00,2.18#0.08,-0.27,0.18,25.00,2.09#0.18,-0.29,0.18,26.00,2.09#0.18,-0.25,0.18,24.00,2.09#TRH#25.94,39.18,26.17,43.73!","9:44:59, 41.3706817627, 1.9959639311, 147.6596069336, 0.4830"
2025-04-23 11:45:44,,"9:44:1, 41.3706817627, 1.9959639311, 147.6053009033, 0.4676"
2025-04-23 11:45:47,"MXD#55.63,5.57,271.69,269.34,0.00,1327.55,138.04,373#55.78,5.57,231.20,265.90,0.00,1399.05,125.51,373#55.63,5.57,249.45,261.35,0.00,1250.35,134.17,373#55.51,5.57,256.96,253.85,0.00,1265.68,143.37,373#55.58,5.57,258.91,250.60,0.00,1276.44,145.57,373#55.44,5.57,259.90,245.73,0.00,1320.38,129.48,373#55.69,5.57,262.50,254.19,0.00,1336.11,136.32,373#55.55,5.57,261.89,258.01,0.00,1233.12,137.99,508#55.54,5.56,263.31,250.52,0.00,1315.03,126.75,508#55.43,5.57,2","9:45:3, 41.3706817627, 1.9959633350, 147.5970001221, 0.3479"
2025-04-23 11:45:48,"MXA#27.88,25.93,16.40,36.44#27.85,25.93,16.44,36.67#27.91,25.78,16.33,36.36#27.30,26.07,16.44,36.46#27.01,25.93,16.32,36.28#27.33,25.95,16.36,36.47#27.30,25.96,16.30,36.28#28.16,26.13,16.43,36.79#TRH#36.14,41.65,36.19,38.74,36.34,36.71,36.06,41.65!","9:45:5, 41.3706817627, 1.9959636927, 147.5957946777, 0.3137"
2025-04-23 11:45:50,"ECS#0.08,-0.27,0.18,25.00,2.09#-0.01,-0.27,0.18,25.00,2.18#0.18,-0.27,0.18,26.00,2.18#0.18,-0.23,0.18,25.00,2.18#0.28,-0.23,0.19,26.00,2.18#0.47,-0.25,0.18,25.00,2.09#0.08,-0.27,0.18,25.00,2.09#0.37,-0.27,0.18,25.00,2.18#0.08,-0.25,0.18,26.00,2.09#0.18,-0.25,0.18,26.00,2.18#0.08,-0.27,0.18,27.00,2.27#0.18,-0.25,0.18,25.00,2.18#0.18,-0.27,0.18,26.00,2.27#0.18,-0.25,0.18,25.00,2.00#TRH#25.94,38.76,26.19,43.38!","9:45:7, 41.3706817627, 1.9959640503, 147.5317993164, 0.2963"
2025-04-23 11:45:53,,"9:45:9, 41.3706817627, 1.9959647655, 147.4512939453, 0.3228"
2025-04-23 11:45:57,"MXA#28.10,26.25,16.49,36.76#28.07,26.31,16.53,36.91#27.27,26.26,16.50,36.97#27.15,26.26,16.56,36.59#27.34,26.32,16.54,36.98#27.29,26.38,16.59,37.13#28.19,26.64,16.58,36.69#27.51,26.40,16.46,36.79#TRH#36.14,41.65,36.20,38.70,36.38,36.61,36.09,41.65!","9:45:11, 41.3706817627, 1.9959641695, 147.3226928711, 0.3912"
2025-04-23 11:46:00,"ECS#0.28,-0.23,0.18,26.00,2.27#0.28,-0.29,0.18,26.00,2.27#0.37,-0.25,0.19,25.00,2.18#0.28,-0.27,0.18,26.00,2.27#0.47,-0.29,0.18,24.00,2.18#0.08,-0.25,0.18,24.00,2.18#0.37,-0.23,0.18,26.00,2.18#0.18,-0.29,0.18,24.00,2.09#0.18,-0.27,0.18,24.00,2.09#0.28,-0.27,0.18,25.00,2.18#-0.01,-0.27,0.18,25.00,2.09#-0.01,-0.27,0.18,24.00,2.18#0.18,-0.25,0.18,24.00,2.00#0.28,-0.25,0.18,26.00,2.09#0.18,-0.29,0.18,25.00,2.18#TRH#25.97,38.54,26.20,43.23!","9:45:13, 41.3706817627, 1.9959632158, 147.1831054688, 0.3468"
2025-04-23 11:46:03,,"9:45:15, 41.3706817627, 1.9959639311, 147.1905975342, 0.3562"
2025-04-23 11:46:05,"MXD#55.19,5.56,263.10,247.24,0.00,1314.58,136.97,639#55.51,5.55,222.03,242.76,0.00,1265.25,134.40,639#55.19,5.56,243.06,261.61,0.00,1185.65,137.71,639#55.14,5.56,251.29,235.31,0.00,1161.42,121.46,639#55.32,5.55,252.22,237.40,0.00,1213.66,137.34,639#55.29,5.56,252.03,246.48,0.00,1167.33,136.92,438#55.56,5.55,256.38,252.99,0.00,1208.34,137.76,438#55.52,5.55,256.19,270.89,0.00,1251.20,124.88,438#55.47,5.55,257.35,237.64,0.00,1216.54,131.03,438#55.19,5.55,257.93,238.93,0.00,1198.56,134.53,438#TRH#750.98,128.00,26.84,38.46,26.88,36.83,26.89,37.27!","9:45:17, 41.3706817627, 1.9959648848, 147.2888031006, 0.3634"
2025-04-23 11:46:08,,"9:45:19, 41.3706817627, 1.9959675074, 147.3455047607, 0.3593"
2025-04-23 11:46:08,"MXA#27.74,26.33,16.43,37.05#27.77,26.42,16.53,37.09#28.23,26.68,16.61,36.93#27.94,26.67,16.63,36.86#27.74,26.75,16.64,36.88#27.92,26.66,16.63,37.01#28.21,26.56,16.53,36.75#27.86,26.44,16.54,36.91#28.12,26.39,16.50,36.80#TRH#36.17,41.62,36.20,38.72,36.41,36.66,36.11,41.62!","9:45:21, 41.3706779480, 1.9959692955, 147.1894073486, 0.3474"
2025-04-23 11:46:14,"ECS#0.37,-0.27,0.18,25.00,2.09#0.28,-0.25,0.18,25.00,2.09#0.37,-0.23,0.18,25.00,2.18#0.18,-0.25,0.18,26.00,2.27#0.47,-0.19,0.19,25.00,2.18#0.28,-0.25,0.18,26.00,2.18#0.28,-0.25,0.18,25.00,2.18#0.28,-0.23,0.18,25.00,2.09#0.08,-0.21,0.18,25.00,2.09#0.2","9:45:23, 41.3706817627, 1.9959697723, 147.0827026367, 0.3258"
2025-04-23 11:46:15,"MXD#55.15,5.55,259.11,243.66,0.00,1102.06,138.79,358#55.13,5.54,217.23,233.18,0.00,1215.72,135.03,358#55.19,5.55,237.97,235.87,0.00,1270.83,130.67,358#55.29,5.54,246.21,231.76,0.00,1150.86,128.13,358#55.18,5.55,248.72,229.34,0.00,1224.39,132.23,318#54.93,5.54,251.47,227.48,0.00,1200.59,126.67,318#55.12,5.54,253.90,226.03,0.00,1227.30,125.60,318#55.10,5.54,253.34,228.56,0.00,1114.07,134.40,318#55.08,5.54,256.00,232.15,0.00,1127.34,132.41,318#54.86,5.54,254.09,228.33,0.00,1207.93,140.68,318#TRH#750.98,128.00,26.84,38.94,26.86,37.35,26.91,37.86!","9:45:25, 41.3706817627, 1.9959701300, 147.0540008545, 0.3291"
2025-04-23 11:46:18,"MXA#28.28,26.63,16.64,37.05#28.23,26.47,16.59,37.11#27.68,26.13,16.59,36.99#28.18,26.25,16.58,36.63#27.63,25.97,16.53,36.81#27.55,25.79,16.49,36.76#27.50,25.76,16.42,36.57#28.11,25.88,16.47,36.56#TRH#36.17,41.77,36.23,39.09,36.41,37.13,36.11,41.77!","9:45:29, 41.3706817627, 1.9959719181, 147.0724945068, 0.3321"
2025-04-23 11:46:21,"ECS#0.47,-0.25,0.19,26.00,2.18#0.28,-0.25,0.18,25.00,2.09#0.56,-0.23,0.18,26.00,2.18#0.28,-0.21,0.18,25.00,2.18#0.28,-0.23,0.19,25.00,2.09#0.18,-0.25,0.18,25.00,2.00#0.37,-0.25,0.18,25.00,2.18#0.08,-0.23,0.18,25.00,2.18#0.47,-0.23,0.18,24.00,2.09#0.08,-0.23,0.18,25.00,2.18#0.28,-0.21,0.18,25.00,2.09#0.08,-0.23,0.18,25.00,2.18#0.28,-0.19,0.18,25.00,2.18#0.37,-0.25,0.18,25.00,2.09#TRH#25.95,39.29,26.19,43.79!","9:45:31, 41.3706817627, 1.9959715605, 146.9102020264, 0.3407"
2025-04-23 11:46:24,,"9:45:33, 41.3706817627, 1.9959709644, 146.6674957275, 0.3614"
2025-04-23 11:46:25,"MXD#54.71,5.53,256.38,226.18,0.00,1059.99,137.48,233#54.81,5.54,215.04,220.29,0.00,1085.04,143.37,233#55.17,5.53,234.70,240.63,0.00,1212.43,131.16,233#54.70,5.53,243.75,236.83,0.00,1203.03,138.46,233#54.61,5.53,244.62,239.66,0.00,1063.59,131.56,233#5215.06,0.00,1069.72,137.94,165#TRH#750.98,128.00,26.84,38.80,26.86,37.22,26.89,37.63!","9:45:35, 41.3706817627, 1.9959694147, 146.5135040283, 0.3541"
2025-04-23 11:46:28,,"9:45:37, 41.3706817627, 1.9959697723, 146.5153045654, 0.3409"
2025-04-23 11:46:29,"MXA#27.49,25.64,16.48,36.60#27.54,25.73,16.46,36.51#27.33,26.06,16.50,36.58#28.14,26.25,16.61,36.99#28.13,26.26,16.59,37.07#28.06,26.08,16.50,36.69#28.13,26.21,16.47,36.55#27.55,26.31,16.66,37.06#27.42,26.36,16.53,36.57#TRH#36.20,41.62,36.23,38.77,36.42,36.78,36.12,41.62!","9:45:39, 41.3706817627, 1.9959701300, 146.5511932373, 0.2822"
2025-04-23 11:46:34,"ECS#0.28,-0.19,0.18,25.00,2.18#0.47,-0.17,0.19,25.00,2.09#0.18,-0.23,0.18,26.00,2.09#0.18,-0.21,0.18,26.00,2.18#0.18,-0.21,0.18,25.00,2.09#0.28,-0.17,0.18,26.00,2.18#0.37,-0.23,0.19,25.00,2.09#-0.01,-0.21,0.18,25.00,2.","9:45:41, 41.3706817627, 1.9959703684, 146.6302947998, 0.3217"
2025-04-23 11:46:38,"MXD#54.54,5.52,253.53,223.82,0.00,1094.26,129.48,165#54.21,5.52,212.49,227.41,0.00,1143.48,144.25,165#54.28,5.51,235.02,211.81,0.00,1112.56,137.11,165#54.42,5.52,244.10,220.73,0.00,1031.33,135.03,167#54.34,5.52,244.80,228.87,0.00,1042.56,131.38,167#54.55,5.51,245.86,228.80,0.00,1127.34,135.49,167#54.59,5.51,249.63,229.73,0.00,1225.22,137.15,167#54.78,5.51,250.37,225.49,0.00,1025.07,150.07,167#54.81,5.51,251.2","9:45:43, 41.3706817627, 1.9959709644, 146.5458068848, 0.2794"
2025-04-23 11:46:39,"MXA#28.20,26.56,16.57,36.90#28.24,26.65,16.68,36.99#28.15,26.61,16.70,37.15#27.40,26.80,16.70,37.04#27.57,26.72,16.70,37.19#28.19,26.72,16.59,36.76#28.10,26.81,16.72,37.19#28.20,26.84,16.70,37.06#TRH#36.20,41.54,36.25,38.63,36.44,36.61,36.12,41.54!","9:45:45, 41.3706817627, 1.9959719181, 146.6092071533, 0.3291"
2025-04-23 11:46:41,"ECS#0.18,-0.21,0.18,26.00,2.18#0.28,-0.23,0.18,25.00,2.09#0.47,-0.21,0.19,25.00,2.09#0.37,-0.21,0.18,26.00,2.18#0.37,-0.25,0.18,26.00,2.27#0.47,-0.21,0.18,26.00,2.18#0.28,-0.21,0.18,25.00,2.09#0.37,-0.17,0.19,25.00,2.09#0.47,-0.17,0.19,24.00,2.09#-0.01,-0.21,0.18,26.00,2.18#0.28,-0.23,0.19,25.00,2.18#0.18,-0.23,0.18,25.00,2.09#0.37,-0.29,0.19,25.00,2.18#0.28,-0.23,0.19,25.00,2.09#TRH#25.97,38.58,26.16,43.28!","9:45:47, 41.3706817627, 1.9959728718, 146.5202941895, 0.3308"
2025-04-23 11:46:44,,"9:45:49, 41.3706817627, 1.9959744215, 146.5005950928, 0.3325"
2025-04-23 11:46:45,"MXD#54.81,5.50,254.09,219.17,0.00,1078.81,144.59,170#54.69,5.50,213.02,218.73,0.00,1031.33,139.87,170#54.70,5.50,235.51,220.14,0.00,1114.82,131.07,164#54.81,5.50,242.88,216.66,0.00,1117.09,141.20,164#54.65,5.50,244.98,211.23,0.00,1131.55,129.48,164#54.66,5.50,248.91,222.23,0.00,1066.83,137.43,164#54.59,5.50,249.27,223.52,0.00,1123.15,140.68,164#54.82,5.49,251.29,225.34,0.00,1057.48,139.31,164#54.75,5.49,251.84,235.87,0.00,1166.54,133.22,159#TRH#750.98,128.00,26.86,38.47,26.88,36.85,26.92,37.33!","9:45:51, 41.3706817627, 1.9959760904, 146.5191040039, 0.3679"
2025-04-23 11:46:48,,"9:45:53, 41.3706817627, 1.9959785938, 146.6042022705, 0.3749"
2025-04-23 11:46:49,"MXA#27.50,26.68,16.69,37.09#27.25,26.71,16.65,36.69#27.57,26.77,16.60,37.09#28.24,26.94,16.71,36.74#27.27,26.79,16.65,37.02#27.61,26.81,16.65,36.83#28.24,26.95,16.75,36.85#27.58,26.70,16.68,36.99#TRH#36.20,41.60,36.28,38.75,36.45,36.69,36.16,41.60!","9:45:55, 41.3706817627, 1.9959788322, 146.6230010986, 0.3526"
2025-04-23 11:46:51,"ECS#0.56,-0.23,0.19,25.00,2.00#0.56,-0.25,0.19,25.00,2.18#0.28,-0.25,0.18,25.00,2.18#0.28,-0.19,0.18,25.00,2.18#0.37,-0.19,00.18,24.00,2.09#0.37,-0.21,0.19,26.00,2.09#0.28,-0.25,0.18,25.00,2.18#0.18,-0.25,0.18,25.00,2.09#0.18,-0.23,0.18,25.00,2.18#0.37,-0.23,0.18,25.00,2.18#0.28,-0.23,0.18,25.00,2.27#0.47,-0.21,0.19,24.00,2.09#0.28,-0.23,0.18,25.00,2.18#TRH#26.00,38.60,26.19,43.29!","9:45:57, 41.3706817627, 1.9959790707, 146.7173004150, 0.3641"
2025-04-23 11:46:54,,"9:45:59, 41.3706855774, 1.9959797859, 146.7944030762, 0.3355"
2025-04-23 11:46:55,"MXD#54.87,5.49,253.90,221.63,0.00,1099.83,142.84,159#54.78,5.50,212.49,220.66,0.00,1106.92,126.28,159#54.82,5.49,232.78,211.66,0.00,1063.95,131.69,159#54.64,5.49,242.37,219.84,0.00,1064.67,123.45,145#54.69,5.49,245.68,216.88,0.00,1043.27,147.31,145#54.69,5.48,246.93,213.68,0.00,1094.26,144.98,145#54.59,5.48,246.75,238.93,0.00,1057.84,140.49,145#54.67,5.49,250.37,225.49,0.00,1059.99,130.19,131#54.82,5.48,251.66,224.73,0.00,1139.23,142.79,131#54.71,5.48,253.15,217.62,0.00,980.61,148.76,131#TRH#750.98,128.00,26.88,38.55,26.88,36.99,26.91,37.42!","9:45:1, 41.3706855774, 1.9959802628, 146.8329925537, 0.3169"
2025-04-23 11:46:58,,"9:46:3, 41.3706855774, 1.9959795475, 146.8462066650, 0.3326"
2025-04-23 11:46:58,"MXA#27.62,26.73,16.73,37.34#27.38,26.80,16.74,37.25#27.25,26.77,16.76,37.37#28.24,26.94,16.71,36.90#28.37,26.94,16.67,36.81#27.94,26.79,16.70,36.75#28.34,27.08,16.78,36.75#27.76,26.86,16.71,36.90#TRH#36.23,41.52,36.28,38.67,36.45,36.65,36.17,41.52!","9:46:5, 41.3706855774, 1.9959785938, 146.8220977783, 0.3402"
2025-04-23 11:47:01,",0.19,26.00,2.09#0.47,-0.19,0.19,25.00,2.18#0.37,-0.17,0.19,25.00,2.09#0.28,-0.21,0.19,24.00,2.18#0.18,-0.21,0.19,24.00,2.18#0.18,-0.27,0.18,25.00,2.18#TRH#26.03,38.66,26.20,43.32!","9:46:7, 41.3706855774, 1.9959775209, 146.7958984375, 0.3912"
2025-04-23 11:47:04,,"9:46:9, 41.3706855774, 1.9959757328, 146.7216949463, 0.3552"
2025-04-23 11:47:05,".68,5.47,246.93,222.38,0.00,1116.33,140.25,120#54.92,5.48,249.45,220.96,0.00,1043.97,135.12,120#54.92,5.47,249.45,219.84,0.00,1093.52,139.54,112#54.72,5.47,252.22,216.08,0.00,1048.58,147.06,112#54.75,5.48,253.15,214.47,0.00,1033.78,133.58,112#TRH#750.98,128.00,26.89,38.84,26.88,37.26,26.92,37.77!","9:46:11, 41.3706855774, 1.9959735870, 146.7350006104, 0.3650"
2025-04-23 11:47:08,"MXA#27.72,26.88,16.80,37.32#,37.28#27.17,27.02,16.80,37.26#27.39,26.95,16.78,37.32#28.19,26.92,16.69,36.90#28.27,26.98,16.68,36.74#27.28,26.81,16.85,37.24#TRH#36.23,41.58,36.31,38.85,36.48,36.88,36.17,41.58!","9:46:13, 41.3706855774, 1.9959722757, 146.7068939209, 0.3380"
2025-04-23 11:47:10,".19,25.00,2.09#0.28,-0.19,0.18,25.00,2.09#0.37,-0.23,0.18,26.00,2.18#0.37,-0.19,0.18,25.00,2.09#0.18,-0.25,0.19,26.00,2.09#0.18,-0.21,0.18,25.00,2.09#TRH#26.00,38.94,26.19,43.53!","9:46:15, 41.3706893921, 1.9959714413, 146.6313018799, 0.3488"
2025-04-23 11:47:13,,"9:46:17, 41.3706855774, 1.9959714413, 146.6331939697, 0.3820"
2025-04-23 11:47:15,"244.27,212.38,0.00,968.41,129.09,107#54.73,5.47,243.06,219.69,0.00,1045.03,154.82,107#54.64,5.47,249.09,232.78,0.00,1114.82,128.83,104#54.65,5.47,250.00,211.09,0.00,1150.08,127.10,104#54.56,5.46,251.29,217.54,0.00,1099.46,133.22,104#TRH#750.98,128.00,26.88,38.57,26.91,36.99,26.92,37.42!","9:46:19, 41.3706855774, 1.9959713221, 146.7355041504, 0.6302"
2025-04-23 11:47:18,,"9:46:21, 41.3706855774, 1.9959707260, 146.9799041748, 0.4950"
2025-04-23 11:47:18,"6.99,16.80,36.86#28.32,27.10,16.83,36.79#28.27,27.04,16.85,36.98#27.56,26.88,16.75,37.04#28.38,27.11,16.89,37.26#TRH#36.28,41.45,36.30,38.63,36.48,36.58,36.20,41.45!","9:46:23, 41.3706855774, 1.9959706068, 146.7955932617, 0.3772"
2025-04-23 11:47:21,".00,2.09#0.28,-0.23,0.19,25.00,2.09#0.37,-0.19,0.18,25.00,2.09#0.37,-0.23,0.18,25.00,2.18#TRH#26.00,38.62,26.20,43.30!","9:46:25, 41.3706855774, 1.9959716797, 146.8121032715, 0.3621"
2025-04-23 11:47:24,,"9:46:27, 41.3706855774, 1.9959731102, 146.7839050293, 0.2983"
2025-04-23 11:47:25,"MXD#54.36,5.46,252.22,217.77,0.00,1028.89,146.71,0#54.61,5.46,211.05,213.24,0.00,1036.58,139.26,0#54.47,5.46,233.26,224.65,0.00,1032.73,144.20,0#54.82,5.46,242.54,239.17,0.00,1029.93,144.69,0#54.81,5.46,243.23,209.52,0.00,1132.69,138.46,0#54.83,5.46,247.28,251.54,0.00,1103.93,146.76,0#54.75,5.46,248.18,210.38,0.00,1026.11,132.86,0#54.50,5.45,249.27,207.97,0.00,1021.60,141.30,0#54.44,5.45,252.22,220.14,0.00,999.37,145.87,0#54.56,5.45,252.59,216.74,0.00,1150.47,132.05,0#TRH#750.98,128.00,26.89,38.61,26.91,37.03,26.94,37.54!","9:46:29, 41.3706855774, 1.9959729910, 146.8291931152, 0.3410"
2025-04-23 11:47:28,"MXA#28.20,27.18,16.89,36.89#28.24,27.09,16.88,37.02#27.54,26.93,16.87,36.85#28.05,27.09,16.90,37.26#28.13,27.14,16.89,37.13#27.77,26.93,16.82,36.97#27.34,26.96,16.83,36.95#28.49,27.15,16.86,37.32#TRH#36.28,41.49,36.33,38.68,36.52,36.68,36.22,41.49!","9:46:31, 41.3706855774, 1.9959738255, 146.7191925049, 0.3748"
2025-04-23 11:47:30,"ECS#0.37,-0.19,0.18,24.00,2.00#0.18,-0.23,0.18,25.00,2.09#0.37,-0.21,0.18,25.00,2.09#0.28,-0.25,0.18,27.00,2.27#0.28,-0.19,0.18,25.00,2.09#0.28,-0.19,0.18,25.00,2.18#0.47,-0.19,0.19,27.00,2.18#0.37,-0.23,0.18,25.00,2.09#0.28,-0.21,0.19,25.00,2.09#0.56,-0.21,0.19,25.00,2.09#0.56,-0.21,0.19,26.00,2.27#0.37,-0.23,0.18,25.00,2.18#0.28,-0.23,0.18,26.00,2.18#0.56,-0.23,0.19,26.00,2.09#TRH#26.00,38.73,26.19,43.38!","9:46:33, 41.3706855774, 1.9959747791, 146.6273956299, 0.3247"
2025-04-23 11:47:33,,"9:46:35, 41.3706855774, 1.9959754944, 146.6152954102, 0.3253"
2025-04-23 11:47:34,"MXD#54.73,5.45,252.78,216.96,0.00,1006.16,132.05,0#54.74,5.45,211.70,226.87,0.00,1092.04,129.97,0#54.54,5.45,233.74,222.23,0.00,1056.06,135.81,0#54.75,5.45,243.40,230.04,0.00,1029.24,138.27,0#54.82,5.45,245.50,215.20,0.00,1007.87,130.98,0#54.52,5.45,244.62,220.66,0.00,1032.03,135.58,0#54.66,5.45,249.82,211.45,0.00,997.35,132.77,0#54.64,5.45,251.10,213.24,0.00,1106.17,139.26,0#54.64,5.44,251.66,216.44,0.00,1046.09,135.72,0#TRH#750.98,128.00,26.88,38.67,26.91,37.07,26.94,37.60!","9:46:37, 41.3706855774, 1.9959754944, 146.7359008789, 0.3331"
2025-04-23 11:47:37,,"9:46:39, 41.3706855774, 1.9959752560, 146.7460937500, 0.3604"
2025-04-23 11:47:37,SPLRoff,"9:46:41, 41.3706855774, 1.9959750175, 146.7984924316, 0.2982"
2025-04-23 11:47:40,"ECS#0.47,-0.25,0.18,26.00,2.18#0.18,-0.25,0.18,24.00,2.09#0.37,-0.19,0.19,26.00,2.27#0.37,-0.21,0.18,25.00,2.09#0.28,-0.23,0.19,26.00,2.18#0.37,-0.23,0.19,26.00,2.18#0.47,-0.19,0.19,25.00,2.18#0.18,-0.21,0.18,26.00,2.18#0.28,-0.19,0.18,25.00,2.18#0.28,-0.21,0.18,24.00,2.09#0.18,-0.23,0.18,25.00,2.18#0.37,-0.21,0.18,24.00,2.09#0.18,-0.23,0.19,24.00,2.09#0.18,-0.25,0.18,26.00,2.18#TRH#26.02,38.70,26.22,43.40!","9:46:43, 41.3706855774, 1.9959748983, 146.7902984619, 0.3036"
2025-04-23 11:47:43,,"9:46:45, 41.3706855774, 1.9959746599, 146.7993011475, 0.2990"
2025-04-23 11:47:43,"00,952.48,146.81,503#54.77,5.44,249.63,211.73,0.00,1062.87,138.51,503#TRH#750.98,128.00,26.88,38.59,26.91,37.01,26.94,37.54!","9:46:47, 41.3706855774, 1.9959738255, 147.0204925537, 0.2962"
2025-04-23 11:47:46,,"9:46:49, 41.3706855774, 1.9959740639, 147.1443023682, 0.3457"
2025-04-23 11:47:47,"MXA#28.16,27.12,16.99,37.36#28.21,27.10,16.97,37.22#28.26,27.03,17.02,37.32#28.35,27.10,17.00,37.44#27.71,26.98,16.92,37.00#27.68,26.90,16.89,37.08#28.40,27.18,17.03,37.31#27.41,26.99,16.92,36.94#TRH#36.33,41.49,36.36,38.70,36.55,36.70,36.23,41.49!","9:46:51, 41.3706855774, 1.9959741831, 146.9922943115, 0.3166"
2025-04-23 11:47:50,"ECS#0.18,-0.23,0.19,25.00,2.09#0.28,-0.21,0.18,26.00,2.09#0.18,-0.23,0.18,24.00,2.18#-0.01,-0.23,0.18,24.00,2.09#0.37,-0.19,0.19,25.00,2.09#0.37,-0.21,0.18,26.00,2.27#0.47,-0.21,0.18,26.00,2.18#0.37,-0.19,0.18,25.00,2.09#0.28,-0.23,0.19,24.00,2.09#0.47,-0.25,0.18,25.00,2.09#0.28,-0.21,0.19,24.00,2.09#0.37,-0.23,0.18,26.00,2.27#0.37,-0.21,0.18,26.00,2.18#0.37,-0.21,0.19,26.00,2.18#0.66,-0.23,0.19,26.00,2.18#TRH#26.03,38.75,26.20,43.44!","9:46:53, 41.3706893921, 1.9959741831, 146.9358978271, 0.3134"
2025-04-23 11:47:53,,"9:46:57, 41.3706855774, 1.9959740639, 147.0057067871, 0.3313"
2025-04-23 11:47:54,"MXD#54.81,5.43,255.04,221.41,0.00,1014.37,142.69,770#54.47,5.44,211.96,215.49,0.00,1015.74,139.87,770#54.50,5.43,232.78,231.44,0.00,993.98,128.61,770#54.78,5.44,243.06,214.55,0.00,1024.37,129.26,770#54.64,5.43,242.71,215.57,0.00,959.60,138.32,770#54.59,5.44,245.50,208.11,0.00,1043.62,150.68,745#54.75,5.43,245.68,222.08,0.00,1038.68,137.76,745#54.42,5.43,250.92,227.95,0.00,1015.40,143.32,745#54.57,5.43,252.96,212.59,0.00,1005.48,137.94,745#54.92,5.43,249.63,214.76,0.00,1108.42,127.44,745#TRH#750.98,128.00,26.88,38.74,26.92,37.20,26.95,37.69!","9:46:59, 41.3706855774, 1.9959732294, 147.0713958740, 0.2675"
2025-04-23 11:47:57,,"9:46:1, 41.3706893921, 1.9959737062, 146.9024047852, 0.2685"
2025-04-23 11:47:57,"MXA#27.71,26.95,16.92,37.28#27.86,26.91,16.90,37.33#28.48,27.13,16.88,37.24#27.83,26.86,16.89,37.14#27.79,27.13,17.00,37.58#27.83,27.18,17.01,37.44#27.75,26.95,17.01,37.58#28.32,27.08,16.99,37.10#TRH#36.33,41.51,36.38,38.74,36.55,36.73,36.28,41.51!","9:47:3, 41.3706855774, 1.9959747791, 146.8217010498, 0.2816"
2025-04-23 11:48:00,"ECS#0.28,-0.25,0.18,26.00,2.27#0.28,-0.23,0.18,24.00,2.09#0.56,-0.21,0.19,26.00,2.09#0.37,-0.19,0.18,25.00,2.09#0.37,-0.23,0.18,27.00,2.27#0.47,-0.21,0.18,25.00,2.09#0.18,-0.17,0.18,26.00,2.18#0.28,-0.23,0.18,25.00,2.18#0.18,-0.25,0.18,25.00,2.09#0.18,-0.25,0.18,24.00,2.09#0.37,-0.19,0.18,27.00,2.18#0.37,-0.19,0.18,25.00,2.18#0.37,-0.23,0.19,25.00,2.18#0.37,-0.23,0.18,24.00,2.09#TRH#26.03,38.87,26.22,43.49!","9:47:5, 41.3706855774, 1.9959748983, 146.8972930908, 0.3010"
2025-04-23 11:48:03,,"9:47:7, 41.3706855774, 1.9959747791, 146.8347015381, 0.2972"
2025-04-23 11:48:04,"MXD#54.66,5.43,253.53,207.48,0.00,1039.04,130.06,681#54.75,5.43,211.05,212.88,0.00,1028.54,132.05,681#54.87,5.42,232.62,214.69,0.00,1026.11,131.43,681#54.73,5.43,242.71,211.38,0.00,1018.15,135.12,681#54.82,5.42,243.75,209.31,0.00,997.68,136.23,611#54.68,5.43,246.39,208.46,0.00,1020.57,142.35,611#54.68,5.42,250.37,210.02,0.00,1143.48,140.44,611#54.73,5.42,251.29,227.79,0.00,1040.09,135.26,611#54.73,5.42,252.22,214.69,0.00,1027.15,140.30,611#54.72,5.43,252.22,225.49,0.00,1006.16,146.76,611#TRH#750.98,128.00,26.89,38.71,26.92,37.14,26.94,37.73!","9:47:9, 41.3706855774, 1.9959741831, 146.8392028809, 0.2694"
2025-04-23 11:48:07,"MXA#28.38,26.89,16.90,37.00#28.38,26.99,16.93,36.99#27.80,27.02,17.06,37.18#28.42,27.13,17.08,37.58#27.31,26.94,16.96,37.10#27.74,26.88,16.94,37.15#27.42,26.96,16.94,37.02#27.79,27.16,17.05,37.57#TRH#36.34,41.46,36.39,38.72,36.58,36.76,36.30,41.46!","9:47:13, 41.3706893921, 1.9959733486, 146.9169006348, 0.2948"
2025-04-23 11:48:09,"ECS#0.47,-0.21,0.18,25.00,2.18#0.47,-0.21,0.19,25.00,2.09#0.28,-0.21,0.19,26.00,2.09#0.28,-0.23,0.19,26.00,2.18#0.37,-0.23,0.19,24.00,2.09#0.47,-0.23,0.19,26.00,2.18#0.28,-0.21,0.19,26.00,2.27#0.28,-0.19,0.19,27.00,2.09#0.56,-0.21,0.19,25.00,2.09#0.37,-0.21,0.18,25.00,2.09#0.47,-0.23,0.19,26.00,2.18#0.47,-0.21,0.19,25.00,2.09#0.66,-0.25,0.19,24.00,2.09#0.28,-0.19,0.20,27.00,2.18#TRH#26.03,38.92,26.22,43.55!","9:47:15, 41.3706893921, 1.9959740639, 146.9853973389, 0.3303"
2025-04-23 11:48:12,,"9:47:17, 41.3706855774, 1.9959747791, 147.0238952637, 0.3023"
2025-04-23 11:48:13,"MXD#54.88,5.42,253.90,222.69,0.00,951.83,137.15,610#54.59,5.42,210.79,218.13,0.00,987.94,146.06,610#54.66,5.42,233.58,217.10,0.00,1114.82,139.59,610#54.73,5.42,242.02,227.56,0.00,1115.20,129.26,607#54.60,5.42,244.45,213.68,0.00,1014.37,132.81,607#54.73,5.42,246.04,208.18,0.00,1038.68,153.00,607#54.67,5.41,248.72,225.87,0.00,1096.86,128.92,607#54.91,5.42,249.09,213.60,0.00,1042.56,139.49,607#54.76,5.42,251.10,215.42,0.00,1041.50,130.19,607#TRH#750.98,128.00,26.89,38.88,26.91,37.34,26.94,37.88!","9:47:19, 41.3706855774, 1.9959746599, 147.0879974365, 0.3484"
2025-04-23 11:48:16,,"9:47:21, 41.3706893921, 1.9959739447, 147.1269989014, 0.3584"
2025-04-23 11:48:17,"MXA#28.44,27.12,17.02,37.45#28.44,27.23,17.06,37.49#28.39,27.26,17.11,37.12#28.46,27.22,17.10,37.19#27.49,27.03,17.04,37.43#27.55,27.06,17.03,37.19#27.77,27.01,17.07,37.77#28.25,27.21,17.17,37.62#TRH#36.38,41.48,36.39,38.79,36.55,36.85,36.30,41.48!","9:47:23, 41.3706893921, 1.9959732294, 147.2550048828, 0.3558"
2025-04-23 11:48:19,"ECS#0.08,-0.21,0.19,26.00,2.09#0.56,-0.19,0.19,27.00,2.27#0.47,-0.21,0.19,25.00,2.18#0.28,-0.21,0.18,25.00,2.18#0.56,-0.23,0.19,26.00,2.18#0.56,-0.23,0.19,25.00,2.18#0.47,-0.27,0.19,24.00,2.09#0.56,-0.19,0.19,25.00,2.18#0.47,-0.19,0.18,25.00,2.09#0.66,-0.21,0.19,25.00,2.27#0.47,-0.25,0.19,25.00,2.09#0.37,-0.21,0.18,25.00,2.09#0.47,-0.23,0.19,25.00,2.18#0.28,-0.19,0.19,26.00,2.18#0.37,-0.23,0.19,25.00,2.09#TRH#26.05,39.04,26.23,43.66!","9:47:25, 41.3706893921, 1.9959735870, 147.2512054443, 0.3709"
2025-04-23 11:48:22,,"9:47:27, 41.3706855774, 1.9959750175, 147.2460937500, 0.3742"
2025-04-23 11:48:24,"MXD#54.51,5.41,252.03,229.18,0.00,1136.15,137.71,569#54.65,5.41,210.79,210.09,0.00,978.29,138.55,569#54.65,5.41,233.26,215.49,0.00,1007.52,129.35,569#54.69,5.41,241.00,213.60,0.00,1071.90,144.25,569#54.66,5.41,243.23,212.24,0.00,1057.84,142.45,568#54.63,5.41,245.86,213.17,0.00,1090.19,139.26,568#54.74,5.40,248.72,219.10,0.00,989.28,140.44,568#54.65,5.41,249.82,218.73,0.00,1048.58,128.18,568#54.73,5.41,251.66,218.65,0.00,1081.74,140.87,568#54.76,5.41,251.84,214.26,0.00,1095.74,137.48,565#TRH#750.98,128.00,26.91,38.94,26.92,37.43,26.94,37.94!","9:47:29, 41.3706855774, 1.9959771633, 147.3054962158, 0.3463"
2025-04-23 11:48:26,"MXA#28.60,27.18,17.05,37.20#28.64,27.27,17.07,37.12#28.19,27.09,17.08,37.26#27.93,26.95,17.06,37.19#27.93,27.26,17.20,37.77#27.94,27.30,17.20,37.58#27.45,27.25,17.23,37.70#28.32,27.28,17.23,37.49#TRH#36.34,41.43,36.44,38.73,36.59,36.81,36.30,41.43!","9:47:31, 41.3706855774, 1.9959785938, 147.2991943359, 0.3491"
2025-04-23 11:48:29,"ECS#0.56,-0.21,0.19,24.00,2.09#0.56,-0.23,0.18,25.00,2.09#0.37,-0.21,0.19,25.00,2.18#0.37,-0.23,0.19,26.00,2.09#0.28,-0.19,0.19,26.00,2.18#0.56,-0.23,0.19,25.00,2.09#0.18,-0.23,0.19,26.00,2.27#0.37,-0.19,0.19,25.00,2.09#0.47,-0.21,0.19,26.00,2.18#0.56,-0.19,0.19,25.00,2.09#0.47,-0.17,0.19,25.00,2.18#0.47,-0.17,0.19,24.00,2.18#0.47,-0.17,0.19,25.00,2.09#0.66,-0.17,0.19,25.00,2.18#TRH#26.05,39.04,26.23,43.70!","9:47:33, 41.3706855774, 1.9959791899, 147.4190063477, 0.3351"
2025-04-23 11:48:32,,"9:47:35, 41.3706855774, 1.9959800243, 147.4582061768, 0.3659"
2025-04-23 11:48:33,"MXD#54.45,5.40,252.22,212.09,0.00,1082.47,134.31,565#54.62,5.41,209.75,206.57,0.00,1026.11,133.26,565#54.59,5.41,231.83,228.02,0.00,1002.08,138.65,565#54.57,5.41,243.06,210.02,0.00,1014.37,148.36,562#54.45,5.404.12,128.65,527#TRH#750.98,128.00,26.89,38.82,26.94,37.36,26.97,37.87!","9:47:37, 41.3706855774, 1.9959806204, 147.4129943848, 0.3693"
2025-04-23 11:48:36,,"9:47:39, 41.3706855774, 1.9959808588, 147.3376007080, 0.3187"
2025-04-23 11:48:36,"MXA#28.54,27.22,17.14,37.28#28.59,27.18,17.09,37.21#27.95,26.96,17.11,37.65#28.30,27.30,17.20,37.62#28.38,27.27,17.23,37.76#28.56,27.22,17.20,37.68#27.81,26.99,17.11,37.58#28.52,27.29,17.27,37.45#TRH#36.38,41.44,36.44,38.77,36.59,36.83,36.33,41.44!","9:47:41, 41.3706855774, 1.9959808588, 147.2575073242, 0.3750"
2025-04-23 11:48:39,"ECS#0.47,-0.21,0.18,25.00,2.18#0.28,-0.21,0.19,25.00,2.09#0.28,-0.21,0.18,25.00,2.18#0.47,-0.19,0.19,25.00,2.09#0.47,-0.23,0.19,25.00,2.18#0.18,-0.21,0.19,26.00,2.18#0.47,-0.23,0.19,24.00,2.09#0.28,-0.19,0.19,26.00,2.09#0.28,-0.19,0.19,25.00,2.09#0.47,-0.21,0.19,25.00,2.00#0.47,-0.19,0.19,25.00,2.18#0.37,-0.21,0.19,26.00,2.27#0.28,-0.19,0.19,26.00,2.09#0.28,-0.23,0.18,26.00,2.09#0.37,-0.23,0.18,25.00,2.18#TRH#26.06,39.00,26.27,43.63!","9:47:43, 41.3706855774, 1.9959803820, 147.2317047119, 0.6822"
2025-04-23 11:48:42,,"9:47:45, 41.3706779480, 1.9959802628, 147.1920013428, 0.9885"
2025-04-23 11:48:43,"MXD#54.59,5.40,252.03,214.62,0.00,1069.00,130.81,527#54.71,5.40,209.75,208.11,0.00,903.19,142.35,527#54.50,5.40,232.94,211.81,0.00,1029.93,149.52,527#54.68,5.40,241.68,211.88,0.00,940.94,136.50,527#54.55,5.40,244.10,209.67,0.00,973.34,135.86,522#54.48,5.40,244.10,223.36,0.00,1038.33,142.35,522#54.45,5.40,248.00,205.59,0.00,1085.41,122.70,522#54.64,5.40,250.00,220.51,0.00,974.65,149.67,522#54.69,5.40,251.10,211.73,0.00,1025.41,140.11,522#54.56,5.40,252.40,217.84,0.00,1017.81,131.29,525#TRH#750.98,128.00,26.92,38.82,26.92,37.36,26.97,37.94!","9:47:47, 41.3706741333, 1.9959809780, 146.7687988281, 1.2793"
2025-04-23 11:48:46,"MXA#28.40,27.23,17.25,37.33#28.49,27.24,17.20,37.15#28.44,27.31,17.25,37.22#28.22,27.29,17.28,37.50#28.12,27.24,17.27,37.63#28.49,27.18,17.13,37.36#28.51,27.15,17.11,37.25#28.60,27.23,17.10,37.26#TRH#36.34,41.42,36.47,38.75,36.62,36.89,36.34,41.42!","9:47:49, 41.3706703186, 1.9959721565, 146.0655975342, 1.5055"
2025-04-23 11:48:49,"ECS#0.28,-0.21,0.18,27.00,2.27#0.37,-0.25,0.19,26.00,2.09#0.28,-0.21,0.19,25.00,2.18#0.28,-0.23,0.19,25.00,2.09#0.37,-0.27,0.19,25.00,2.00#0.47,-0.21,0.19,26.00,2.27#0.56,-0.21,0.19,25.00,2.18#0.28,-0.25,0.19,25.00,2.09#0.47,-0.19,0.19,25.00,2.09#0.56,-0.27,0.19,25.00,2.18#0.37,-0.25,0.19,26.00,2.18#0.28,-0.19,0.19,25.00,2.09#0.47,-0.25,0.19,25.00,2.09#0.18,-0.25,0.19,25.00,2.09#TRH#26.05,39.13,26.25,43.70!","9:47:51, 41.3706741333, 1.9959595203, 145.2373046875, 1.6998"
2025-04-23 11:48:52,,"9:47:53, 41.3706703186, 1.9959554672, 144.9253997803, 1.9316"
2025-04-23 11:48:52,"MXD#54.63,5.39,252.59,220.14,0.00,1020.22,135.81,525#54.58,5.40,211.70,209.88,0.00,1043.62,136.97,525#54.56,5.39,233.90,224.50,0.00,956.36,137.99,528#54.68,5.39,242.54,211.23,0.00,977.30,150.28,528#54.64,5.39,244.27,211.16,0.00,1033.78,132.14,528#54.44,5.39,246.39,214.11,0.00,1012.99,148.76,528#54.71,5.39,248.91,206.01,0.00,1025.41,145.72,528#54.50,5.39,249.63,215.93,0.00,992.29,140.25,528#54.33,5.39,248.54,221.93,0.00,1010.94,136.78,524#TRH#750.98,128.00,26.92,38.98,26.94,37.53,26.97,38.10!","9:47:55, 41.3706626892, 1.9959489107, 145.2747955322, 2.2148"
2025-04-23 11:48:55,,"9:47:57, 41.3706512451, 1.9959437847, 144.8105010986, 2.4901"
2025-04-23 11:48:56,"MXA#27.93,27.01,17.15,37.30#27.76,26.98,17.14,37.47#27.76,26.94,17.11,37.37#28.62,27.22,17.26,37.63#28.35,27.28,17.30,37.67#28.55,27.07,17.18,37.37#27.62,27.11,17.20,37.31#27.44,27.00,17.15,37.42#TRH#36.38,41.48,36.44,38.89,36.67,36.99,36.36,41.48!","9:47:59, 41.3706398010, 1.9959324598, 145.3377990723, 2.6300"
2025-04-23 11:48:58,"ECS#0.47,-0.19,0.18,25.00,2.09#0.37,-0.21,0.19,25.00,2.18#0.47,-0.21,0.19,26.00,2.18#0.37,-0.23,0.18,25.00,2.09#0.37,-0.17,0.18,26.00,2.27#0.37,-0.19,0.19,25.00,2.09#0.28,-0.21,0.18,25.00,2.18#0.47,-0.19,0.19,25.00,2.18#0.28,-0.19,0.19,25.00,2.18#0.28,-0.25,0.19,26.00,2.18#0.08,-0.19,0.18,25.00,2.09#0.28,-0.23,0.19,26.00,2.09#0.08,-0.25,0.19,26.00,2.09#0.28,-0.23,0.19,26.00,2.18#TRH#26.06,39.28,26.30,43.84!","9:47:1, 41.3706283569, 1.9959207773, 145.7438964844, 2.3749"
2025-04-23 11:49:01,,"9:48:3, 41.3706207275, 1.9959232807, 145.2478027344, 1.7202"
2025-04-23 11:49:03,"MXD#54.45,5.39,253.34,213.68,0.00,1113.31,138.83,524#54.59,5.39,211.44,208.53,0.00,1051.06,130.94,524#54.61,5.39,231.83,217.77,0.00,1052.84,135.86,524#54.33,5.39,241.17,225.26,0.00,1002.76,145.87,522#54.43,5.39,243.06,202.35,0.00,1006.16,141.59,522#54.36,5.39,245.68,212.16,0.00,979.95,144.74,522#54.51,5.39,248.00,205.66,0.00,1028.89,138.27,522#54.55,5.39,249.27,209.81,0.00,1073.71,129.53,522#54.41,5.39,250.92,216.15,0.00,916.43,129.92,521#54.69,5.39,251.66,200.44,0.00,1009.23,145.18,521#TRH#750.98,128.00,26.94,38.91,26.94,37.51,26.97,38.06!","9:48:5, 41.3706169128, 1.9959186316, 144.9378051758, 1.5423"
2025-04-23 11:49:06,"MXA#27.97,26.93,17.19,37.75#28.32,27.19,17.31,37.73#28.44,27.28,17.31,37.59#27.74,27.09,17.32,37.69#27.45,27.12,17.36,37.80#28.59,27.32,17.34,37.33#28.47,27.19,17.31,37.35#28.49,27.20,17.32,37.77#TRH#36.41,41.36,36.47,38.77,36.64,36.89,36.34,41.36!","9:48:7, 41.3706092834, 1.9959112406, 143.7411956787, 1.6052"
2025-04-23 11:49:08,"ECS#-0.01,-0.23,0.18,26.00,2.18#0.37,-0.17,0.18,25.00,2.09#0.28,-0.25,0.19,25.00,2.00#0.28,-0.23,0.19,26.00,2.27#0.28,-0.23,0.19,25.00,2.09#0.28,-0.19,0.19,25.00,2.09#0.37,-0.17,0.19,25.00,2.18#0.37,-0.21,0.18,26.00,2.00#0.47,-0.23,0.18,26.00,2.09#0.18,-0.21,0.19,26.00,2.09#0.47,-0.19,0.19,25.00,2.00#0.47,-0.23,0.19,26.00,2.09#0.18,-0.21,0.18,26.00,2.18#0.47,-0.19,0.19,24.00,2.09#0.37,-0.23,0.19,26.00,2.18#TRH#26.06,39.32,26.30,43.84!","9:48:9, 41.3706169128, 1.9959075451, 142.5222930908, 1.4699"
2025-04-23 11:49:11,,"9:48:11, 41.3706169128, 1.9958964586, 142.6260070801, 1.0764"
2025-04-23 11:49:13,"MXD#54.50,5.39,254.09,215.06,0.00,946.05,133.72,521#54.33,5.38,210.14,212.59,0.00,1004.80,141.44,520#54.59,5.39,232.30,218.95,0.00,1036.23,133.62,520#54.45,5.38,242.19,216.88,0.00,1028.89,135.26,520#54.54,5.38,244.62,225.49,0.00,1021.26,139.82,520#54.29,5.38,243.75,196.21,0.00,984.93,140.58,520#54.35,5.38,249.09,206.15,0.00,947.34,154.72,520#54.47,5.38,250.55,220.51,0.00,1045.39,133.44,522#54.61,5.38,250.18,205.59,0.00,996.00,135.03,522#54.47,5.38,252.40,215.86,0.00,959.60,149.16,522#TRH#750.98,128.00,26.92,38.94,26.94,37.59,27.00,38.08!","9:48:13, 41.3706169128, 1.9958937168, 142.7342987061, 1.0693"
2025-04-23 11:49:16,,"9:48:15, 41.3706169128, 1.9958909750, 142.6486053467, 1.2082"
2025-04-23 11:49:16,"MXA#28.49,27.18,17.34,37.71#27.67,27.00,17.27,37.59#27.94,27.03,17.23,37.25#28.54,27.22,17.36,37.69#27.79,27.05,17.26,37.32#27.45,27.04,17.30,37.34#27.78,26.98,17.29,37.38#27.78,26.95,17.26,37.27#27.91,27.06,17.32,37.20#TRH#36.41,41.34,36.48,38.77,36.64,36.89,36.38,41.34!","9:48:17, 41.3706169128, 1.9958915710, 142.9855957031, 1.3785"
2025-04-23 11:49:19,"ECS#0.47,-0.25,0.19,25.00,2.18#0.37,-0.21,0.18,26.00,2.09#0.37,-0.19,0.19,24.00,2.18#0.28,-0.19,0.18,26.00,2.18#0.18,-0.21,0.19,24.00,2.18#0.37,-0.23,0.19,25.00,2.00#0.56,-0.21,0.19,25.00,2.00#0.47,-0.23,0.19,25.00,2.09#0.28,-0.21,0.19,25.00,2.18#0.37,-0.19,0.19,25.00,2.09#0.47,-0.21,0.19,25.00,2.18#0.47,-0.21,0.19,24.00,2.09#0.28,-0.21,0.19,26.00,2.09#0.37,-0.23,0.19,25.00,2.09#0.18,-0.17,0.19,25.00,2.18#TRH#26.08,39.23,26.28,43.80!","9:48:19, 41.3706169128, 1.9958903790, 143.0596923828, 0.9097"
2025-04-23 11:49:22,,"9:48:21, 41.3706130981, 1.9958870411, 143.1054992676, 0.7453"
2025-04-23 11:49:23,"MXD#54.49,5.38,253.72,208.53,0.00,1032.38,129.00,517#54.49,5.38,209.75,223.21,0.00,1019.88,158.59,517#54.47,5.38,231.83,233.10,0.00,1005.82,141.83,517#54.56,5.38,241.17,207.41,0.00,996.00,131.92,517#54.65,5.38,243.40,208.89,0.00,967.42,139.63,517#54.35,5.38,245.86,218.95,0.00,973.66,132.99,517#54.59,5.38,246.75,218.95,0.00,1017.12,134.99,514#54.50,5.38,250.37,209.67,0.00,1023.33,130.76,514#54.54,5.37,249.82,219.32,0.00,990.28,143.52,514#54.56,5.37,252.78,235.40,0.00,1032.03,128.74,514#TRH#750.98,128.00,26.92,39.06,26.95,37.64,27.00,38.16!","9:48:23, 41.3706130981, 1.9958829880, 143.2702026367, 0.6074"
2025-04-23 11:49:26,,"9:48:25, 41.3706092834, 1.9958802462, 143.6470031738, 0.5647"
2025-04-23 11:49:26,"MXA#28.24,27.22,17.37,37.66#28.31,27.34,17.40,37.53#28.29,27.21,17.41,37.35#28.41,27.24,17.39,37.24#27.81,27.07,17.26,37.28#27.74,27.15,17.26,37.19#28.65,27.38,17.31,37.34#28.54,27.24,17.26,37.10#TRH#36.44,41.35,36.50,38.71,36.64,36.82,36.38,41.35!","9:48:27, 41.3706092834, 1.9958800077, 144.4517059326, 0.5221"
2025-04-23 11:49:29,"ECS#0.28,-0.23,0.19,27.00,2.18#0.37,-0.21,0.19,25.00,2.18#0.47,-0.19,0.19,25.00,2.18#0.66,-0.17,0.19,25.00,2.18#0.47,-0.17,0.19,25.00,2.18#0.18,-0.21,0.18,25.00,2.18#0.28,-0.21,0.18,25.00,2.18#0.18,-0.21,0.19,26.00,2.09#0.37,-0.21,0.19,26.00,2.27#0.56,-0.23,0.19,25.00,2.09#0.37,-0.19,0.19,25.00,2.09#0.28,-0.21,0.19,26.00,2.09#0.28,-0.19,0.19,26.00,2.09#0.47,-0.21,0.19,25.00,2.18#0.28,-0.23,0.19,25.00,2.18#TRH#26.09,39.21,26.31,43.75!","9:48:29, 41.3706054688, 1.9958817959, 144.6703033447, 0.4836"
2025-04-23 11:49:32,,"9:48:31, 41.3705978394, 1.9958840609, 144.5933074951, 0.4676"
2025-04-23 11:49:33,"MXD#54.42,5.37,253.34,216.74,0.00,1091.67,151.19,515#54.23,5.37,209.75,223.21,0.00,1060.71,137.34,515#54.32,5.37,232.78,217.32,0.00,999.37,139.31,515#54.47,5.37,242.02,211.88,0.00,1015.74,141.78,515#54.27,5.37,243.23,213.46,0.00,980.28,129.97,515#54.33,5.37,245.86,218.65,0.00,1063.95,141.01,515#54.57,5.37,248.18,218.73,0.00,1069.72,143.61,515#54.30,5.37,250.37,207.48,0.00,1021.26,145.03,515#54.32,5.37,250.18,216.88,0.00,1050.00,133.62,515#54.33,5.37,252.40,213.60,0.00,996.00,132.32,515#TRH#750.98,128.00,26.98,38.83,26.97,37.44,27.00,37.85!","9:48:33, 41.3705940247, 1.9958851337, 144.6683044434, 0.4519"
2025-04-23 11:49:36,,"9:48:35, 41.3705940247, 1.9958832264, 144.7962951660, 0.4309"
2025-04-23 11:49:37,"MXA#28.45,27.10,17.29,37.32#28.33,27.03,17.33,37.49#27.38,27.18,17.47,37.76#27.87,27.10,17.43,37.64#27.88,27.13,17.47,37.76#28.47,27.35,17.45,37.19#28.44,27.28,17.43,37.33#28.02,27.16,17.36,37.67#28.25,27.42,17.44,37.54#TRH#36.45,41.21,36.50,38.63,36.67,36.69,36.38,41.21!","9:48:37, 41.3705940247, 1.9958832264, 144.4261932373, 0.4007"
2025-04-23 11:49:40,"ECS#0.18,-0.21,0.18,25.00,2.09#0.37,-0.19,0.19,24.00,2.09#0.28,-0.21,0.19,25.00,2.09#0.18,-0.23,0.19,25.00,2.09#0.18,-0.21,0.19,26.00,2.18#0.18,-0.19,0.19,25.00,2.18#0.47,-0.19,0.19,26.00,2.18#0.47,-0.23,0.19,25.00,2.09#0.47,-0.19,0.19,26.00,2.18#0.47,-0.17,0.20,25.00,2.18#0.28,-0.21,0.18,25.00,2.18#0.28,-0.21,0.18,25.00,2.18#0.18,-0.19,0.19,25.00,2.09#0.08,-0.19,0.19,24.00,2.09#0.37,-0.23,0.19,25.00,2.09#0.18,-0.19,0.18,26.00,2.09#TRH#26.05,38.93,26.33,43.56!","9:48:39, 41.3705902100, 1.9958840609, 144.2969970703, 0.3762"
2025-04-23 11:49:43,,"9:48:41, 41.3705902100, 1.9958845377, 143.8977050781, 0.3580"
2025-04-23 11:49:44,"MXD#54.36,5.37,252.78,219.02,0.00,983.60,133.44,521#54.19,5.37,210.01,225.03,0.00,1037.28,132.59,521#54.37,5.37,234.06,210.80,0.00,943.50,138.65,521#54.52,5.37,242.54,202.00,0.00,1081.01,140.06,521#54.33,5.37,244.45,212.59,0.00,965.46,138.13,520#54.56,5.37,247.64,206.50,0.00,1070.45,140.25,520#54.43,5.37,248.72,213.17,0.00,959.27,138.04,520#54.38,5.37,250.37,212.96,0.00,1046.45,127.66,520#54.26,5.36,251.29,204.20,0.00,1047.51,148.21,520#54.47,5.37,250.55,203.86,0.00,961.55,152.22,520#TRH#750.98,128.00,26.95,38.71,26.98,37.29,27.03,37.78!","9:48:43, 41.3705902100, 1.9958817959, 144.2521057129, 0.3923"
2025-04-23 11:49:47,,"9:48:45, 41.3705902100, 1.9958798885, 144.6761932373, 0.3699"
2025-04-23 11:49:47,"MXA#28.48,27.24,17.33,37.25#27.67,27.23,17.47,37.74#27.74,27.21,17.49,37.78#28.56,27.39,17.47,37.93#28.61,27.42,17.42,37.66#28.56,27.44,17.46,37.78#27.54,27.28,17.34,37.31#27.46,27.23,17.38,37.42#TRH#36.45,41.25,36.55,38.61,36.70,36.73,36.39,41.25!","9:48:47, 41.3705902100, 1.9958790541, 145.0204010010, 0.4001"
2025-04-23 11:49:49,"ECS#0.28,-0.23,0.19,25.00,2.18#0.37,-0.17,0.19,25.00,2.18#0.37,-0.23,0.19,25.00,2.09#0.47,-0.21,0.19,25.00,2.09#0.47,-0.21,0.19,26.00,2.09#0.08,-0.19,0.18,26.00,2.18#0.18,-0.21,0.18,25.00,2.09#0.18,-0.19,0.18,26.00,2.09#0.18,-0.19,0.18,25.00,2.09#0.08,-0.21,0.18,25.00,2.09#0.28,-0.21,0.18,26.00,2.27#0.37,-0.23,0.18,24.00,2.09#0.18,-0.19,0.18,25.00,2.09#0.08,-0.25,0.18,25.00,2.09#TRH#26.11,39.01,26.36,43.55!","9:48:49, 41.3705863953, 1.9958794117, 145.6616058350, 0.4203"
2025-04-23 11:49:52,,"9:48:51, 41.3705863953, 1.9958808422, 146.0068969727, 0.3915"
2025-04-23 11:49:54,"MXD#54.30,5.36,253.15,215.71,0.00,959.92,129.88,515#54.25,5.37,209.88,218.65,0.00,1062.15,140.58,515#54.16,5.37,232.30,209.45,0.00,1003.78,137.71,515#54.21,5.36,242.54,214.76,0.00,1018.50,145.92,511#54.11,5.36,246.21,224.58,0.00,996.33,143.81,511#54.27,5.36,246.75,220.96,0.00,1026.11,143.18,511#54.45,5.36,248.72,206.78,0.00,992.63,142.11,511#54.37,5.36,249.63,211.52,0.00,1048.22,144.69,511#54.47,5.36,250.92,200.10,0.00,995.66,145.62,511#54.36,5.36,252.22,211.02,0.00,928.29,141.78,508#TRH#750.98,128.00,26.95,38.74,26.98,37.29,27.00,37.81!","9:48:53, 41.3705902100, 1.9958820343, 145.6564941406, 0.3807"
2025-04-23 11:49:57,"MXA#27.97,27.08,17.36,37.80#28.46,27.34,17.52,37.76#28.52,27.34,17.47,37.50#28.42,27.15,17.36,37.35#28.36,27.07,17.36,37.46#27.86,27.20,17.52,37.76#27.66,27.22,17.49,37.58#28.38,27.42,17.43,37.20#TRH#36.48,41.27,36.55,38.62,36.73,36.75,36.41,41.27!","9:48:55, 41.3705902100, 1.9958823919, 145.3132934570, 0.3669"
2025-04-23 11:49:59,"ECS#0.28,-0.19,0.18,25.00,2.18#0.37,-0.21,0.18,25.00,2.18#0.37,-0.23,0.18,26.00,2.09#0.18,-0.23,0.18,26.00,2.18#0.28,-0.19,0.18,25.00,2.18#0.28,-0.25,0.18,24.00,2.00#0.18,-0.23,0.18,25.00,2.09#0.37,-0.19,0.19,25.00,2.00#0.28,-0.21,0.18,25.00,2.09#0.28,-0.23,0.18,24.00,2.00#0.28,-0.21,0.18,26.00,2.18#0.18,-0.17,0.18,25.00,2.09#0.18,-0.19,0.18,25.00,2.18#0.37,-0.21,0.19,25.00,2.18#0.28,-0.19,0.19,24.00,2.09#TRH#26.11,39.01,26.33,43.53!","9:48:57, 41.3705902100, 1.9958828688, 145.6092987061, 0.3282"
2025-04-23 11:50:02,,"9:48:59, 41.3705902100, 1.9958810806, 145.6750946045, 0.3200"
2025-04-23 11:50:04,"MXD#54.50,5.36,254.09,200.84,0.00,920.47,135.45,508#54.45,5.36,210.40,220.44,0.00,1018.50,142.94,508#54.52,5.35,233.26,224.05,0.00,968.08,144.25,508#54.55,5.36,243.58,217.62,0.00,998.70,147.41,511#54.58,5.36,244.45,230.59,0.00,1000.05,134.17,511#54.72,5.36,244.10,212.67,0.00,973.34,125.39,511#54.46,5.35,250.37,215.20,0.00,966.77,135.81,511#54.61,5.36,251.29,222.53,0.00,1148.52,131.83,511#54.54,5.36,251.84,220.88,0.00,1021.26,135.63,513#54.48,5.35,252.78,218.43,0.00,1073.71,139.02,513#TRH#750.98,128.00,26.98,38.79,26.97,37.34,27.02,37.89!","9:48:1, 41.3705902100, 1.9958789349, 145.7012023926, 0.3436"
2025-04-23 11:50:07,,"9:49:3, 41.3705902100, 1.9958761930, 145.7348937988, 0.3042"
2025-04-23 11:50:08,"MXA#28.64,27.44,17.50,37.50#28.48,27.39,17.51,37.73#28.55,27.33,17.48,37.76#28.59,27.47,17.50,37.30#28.48,27.33,17.44,37.76#28.58,27.40,17.44,37.63#28.10,27.13,17.33,37.37#27.84,27.07,17.40,37.49#27.95,27.07,17.36,37.32#TRH#36.48,41.31,36.56,38.68,36.73,36.84,36.44,41.31!","9:49:5, 41.3705902100, 1.9958745241, 146.1777954102, 0.2993"
2025-04-23 11:50:10,"ECS#0.37,-0.17,0.18,26.00,2.09#0.08,-0.19,0.18,25.00,2.09#0.37,-0.17,0.19,25.00,2.18#0.47,-0.21,0.19,26.00,2.18#0.28,-0.21,0.18,25.00,2.18#0.18,-0.19,0.18,26.00,2.27#0.28,-0.19,0.18,26.00,2.09#0.37,-0.23,0.18,25.00,2.18#0.28,-0.23,0.18,25.00,2.09#0.37,-0.21,0.18,25.00,2.27#0.47,-0.25,0.18,26.00,2.27#0.37,-0.23,0.18,25.00,2.18#0.18,-0.23,0.18,24.00,2.18#0.37,-0.19,0.18,24.00,2.00#0.37,-0.23,0.18,25.00,2.18#0.37,-0.19,0.19,27.00,2.18#TRH#26.11,39.14,26.38,43.61!","9:49:7, 41.3705940247, 1.9958730936, 146.3444061279, 0.2733"
