2025-04-23 12:27:32,,"10:27:29, 41.3705978394, 1.9958617687, 145.5760955811, 0.0515"
2025-04-23 12:27:33,"MXA#24.79,22.90,13.69,30.17#25.02,22.98,13.72,30.40#25.27,22.93,13.71,30.41#24.95,23.14,13.74,30.49#24.89,23.24,13.77,30.59#24.77,23.20,13.80,30.82#25.54,23.47,13.89,31.21#24.76,23.40,13.79,31.10#TRH#41.00,39.80,41.06,36.19,41.25,33.85,40.92,39.80!","10:27:31, 41.3705978394, 1.9958617687, 145.5769042969, 0.0394"
2025-04-23 12:27:35,"ECS#0.28,-0.25,0.17,24.00,2.09#0.47,-0.23,0.18,25.00,2.18#0.37,-0.19,0.18,26.00,2.18#0.28,-0.23,0.18,25.00,2.09#0.28,-0.23,0.17,24.00,2.09#0.37,-0.21,0.17,24.00,2.09#0.28,-0.21,0.17,25.00,2.09#0.47,-0.23,0.17,25.00,2.09#0.28,-0.21,0.17,25.00,2.09#0.47,-0.21,0.18,25.00,2.18#0.37,-0.19,0.17,24.00,2.09#0.37,-0.21,0.16,24.00,2.09#0.47,-0.21,0.17,26.00,2.18#0.37,-0.17,0.17,25.00,2.18#TRH#29.09,34.56,29.45,39.96!","10:27:33, 41.3705978394, 1.9958617687, 145.6437988281, 0.0440"
2025-04-23 12:27:38,,"10:27:35, 41.3705978394, 1.9958615303, 145.5644989014, 0.0479"
2025-04-23 12:27:39,"MXD#50.20,5.24,253.34,190.19,0.00,926.41,136.09,547#50.01,5.24,213.29,193.96,0.00,928.61,141.40,547#50.27,5.24,236.16,190.45,0.00,941.58,139.73,547#50.25,5.24,243.93,185.93,0.00,933.33,135.68,547#50.27,5.24,246.75,204.20,0.00,873.43,145.62,547#50.50,5.24,250.55,188.02,0.00,908.09,138.46,547#50.49,5.25,252.59,192.46,0.00,850.10,123.28,547#50.65,5.25,252.78,205.80,0.00,915.19,139.35,549#50.47,5.25,255.04,188.78,0.00,959.27,140.44,549#TRH#750.98,128.00,29.80,35.61,29.80,33.70,29.83,34.09!","10:27:37, 41.3705978394, 1.9958616495, 145.5153961182, 0.0477"
2025-04-23 12:27:41,"MXA#25.10,23.61,13.91,31.52#25.03,23.58,13.89,31.79#25.73,23.83,14.03,32.18#25.79,23.80,14.00,32.22#25.86,23.89,13.98,32.12#25.87,23.94,14.02,32.26#25.82,23.72,13.92,31.84#TRH#40.98,39.82,41.09,36.32,41.27,33.99,40.92,39.82!","10:27:39, 41.3705978394, 1.9958616495, 145.5549011230, 0.0391"
2025-04-23 12:27:47,"ECS#0.47,-0.21,0.17,25.00,2.18#0.37,-0.23,0.16,24.00,2.09#0.47,-0.21,0.16,24.00,2.00#-0.11,-0.19,0.17,26.00,2.18#0.08,-0.19,0.17,25.00,2.09#0.18,-0.27,0.16,25.00,2.09#0.28,-0.23,0.17,25.00,2.18#0.18,-0.21,0.17","10:27:41, 41.3705978394, 1.9958617687, 145.5404968262, 0.0444"
2025-04-23 12:27:48,"MXD#50.51,5.24,256.19,195.08,0.00,984.93,152.79,554#50.65,5.25,216.26,193.90,0.00,915.19,140.54,554#50.60,5.25,236.82,195.81,0.00,823.48,143.61,554#50.50,5.24,245.15,204.00,0.00,1024.72,138.46,554#50.78,5.25,247.46,191.42,0.00,901.05,144.69,554#50.70,5.24,250.00,181.88,0.00,962.85,142.11,554#50.85,5.25,251.29,185.18,0.00,982.60,134.85,554#50.79,5.25,253.72,203.58,0.00,1003.78,139.82,560#50.84,5.25,252.96,192.20,0.00,855.00,131.25,560#TRH#750.98,128.00,29.83,35.69,29.84,33.74,29.89,34.07!","10:27:43, 41.3705978394, 1.9958617687, 145.5639953613, 0.0469"
2025-04-23 12:27:51,,"10:27:45, 41.3705978394, 1.9958617687, 145.5471038818, 0.0415"
2025-04-23 12:27:51,"MXA#25.84,23.86,13.94,31.67#25.79,23.82,13.97,31.70#25.90,23.86,13.99,31.58#25.86,23.87,14.03,31.67#25.65,23.90,14.03,31.68#25.71,23.99,14.06,31.84#25.10,23.81,14.00,31.67#25.90,23.97,14.00,31.68#TRH#41.03,39.83,41.09,36.30,41.30,33.99,40.92,39.83!","10:27:47, 41.3705978394, 1.9958617687, 145.5740966797, 0.0433"
2025-04-23 12:27:53,"ECS#0.37,-0.23,0.16,25.00,2.09#0.37,-0.21,0.17,26.00,2.27#0.37,-0.25,0.16,27.00,2.18#0.28,-0.21,0.17,26.00,2.18#0.28,-0.21,0.16,26.00,2.18#0.18,-0.19,0.16,25.00,2.09#0.18,-0.21,0.16,24.00,2.18#0.18,-0.23,0.16,25.00,2.09#0.08,-0.21,0.17,25.00,2.18#0.28,-0.21,0.16,24.00,2.00#0.47,-0.23,0.16,26.00,2.09#0.18,-0.23,0.17,25.00,2.18#0.37,-0.21,0.17,25.00,2.09#0.47,-0.19,0.17,24.00,2.09#TRH#29.14,34.76,29.48,40.02!","10:27:49, 41.3705978394, 1.9958618879, 145.5706024170, 0.0404"
2025-04-23 12:27:56,,"10:27:51, 41.3705940247, 1.9958618879, 145.5796051025, 0.0392"
2025-04-23 12:27:58,"MXD#50.97,5.25,254.85,183.62,0.00,903.49,124.33,561#50.95,5.25,214.23,192.13,0.00,930.49,142.40,561#50.72,5.25,236.00,203.65,0.00,944.45,144.25,561#51.00,5.25,244.98,190.32,0.00,969.72,146.81,561#50.72,5.25,246.39,188.72,0.00,920.78,134.21,561#50.78,5.25,250.00,201.05,0.00,926.41,153.36,561#50.91,5.24,251.47,201.05,0.00,952.48,124.08,561#50.67,5.25,253.15,197.88,0.00,926.72,132.59,562#50.93,5.24,254.85,193.57,0.00,964.15,151.81,562#TRH#750.98,128.00,29.84,35.79,29.83,33.88,29.88,34.25!","10:27:53, 41.3705940247, 1.9958620071, 145.5906982422, 0.0421"
2025-04-23 12:28:01,,"10:27:55, 41.3705978394, 1.9958617687, 145.5458068848, 0.0448"
2025-04-23 12:28:01,"MXA#25.84,23.84,13.99,31.69#25.95,23.93,13.95,31.70#25.80,23.69,14.02,31.71#25.58,23.82,14.02,31.71#25.86,23.79,14.03,31.81#25.98,23.83,14.01,31.77#25.40,23.84,14.06,32.12#25.98,24.02,14.14,32.02#TRH#41.05,39.81,41.14,36.32,41.31,33.99,40.97,39.81!","10:27:57, 41.3705978394, 1.9958617687, 145.5695037842, 0.0387"
2025-04-23 12:28:07,"ECS#0.28,-0.21,0.17,25.00,2.09#0.47,-0.23,0.17,26.00,2.27#0.47,-0.23,0.17,24.00,2.00#0.18,-0.23,0.16,25.00,2.09#0.08,-0.23,0.16,25.00,2.18#0.37,-0.19,0.17,25.00,2.00#0.37,-0.19,0.17,24.00,2.09#0.28,-0.21,0.17,24.00,2.09#0.18,-0.17,0.16,25.00,2.18#0.1","10:27:59, 41.3705978394, 1.9958618879, 145.5511016846, 0.0536"
2025-04-23 12:28:08,"MXD#50.88,5.25,256.77,199.02,0.00,957.65,129.22,565#50.83,5.25,213.82,197.14,0.00,858.19,135.58,565#51.02,5.25,237.64,201.05,0.00,993.98,134.71,565#50.72,5.25,244.62,187.38,0.00,930.49,133.58,565#50.87,5.25,246.39,202.82,0.00,1046.45,148.10,565#50.97,5.25,249.45,188.46,0.00,1000.73,133.99,565#50.92,5.25,250.92,190.26,0.00,1012.65,143.42,565#51.02,5.25,252.03,190.00,0.00,915.81,135.49,565#50.87,5.25,253.90,193.18,0.00,1011.28,151.96,565#50.92,5.25,253.53,200.23,0.00,947.34,132.41,565#TRH#750.98,128.00,29.89,35.76,29.86,33.85,29.92,34.21!","10:27:1, 41.3705940247, 1.9958618879, 145.5670928955, 0.0406"
2025-04-23 12:28:11,"MXA#25.78,24.10,14.16,32.11#26.05,23.98,14.14,32.08#26.04,24.10,14.15,32.00#26.03,23.88,14.09,31.80#26.05,23.93,14.10,31.93#25.60,23.94,14.14,32.44#25.74,23.89,14.09,32.28#26.13,24.15,14.15,31.90#TRH#41.06,39.79,41.16,36.38,41.38,34.01,41.02,39.79!","10:28:3, 41.3705978394, 1.9958620071, 145.5697021484, 0.0372"
2025-04-23 12:28:13,"ECS#0.28,-0.23,0.17,25.00,2.09#0.28,-0.23,0.16,25.00,2.18#0.37,-0.17,0.17,25.00,2.09#0.18,-0.21,0.17,26.00,2.18#0.08,-0.23,0.17,25.00,2.09#0.18,-0.27,0.16,24.00,2.09#0.18,-0.21,0.16,25.00,2.18#0.47,-0.21,0.17,24.00,2.09#0.18,-0.21,0.16,25.00,2.18#0.18,-0.19,0.17,25.00,2.09#0.28,-0.19,0.16,24.00,2.09#0.47,-0.19,0.17,24.00,2.18#0.18,-0.21,0.16,25.00,2.09#0.28,-0.19,0.17,25.00,2.09#TRH#29.17,34.67,29.56,39.94!","10:28:5, 41.3705978394, 1.9958620071, 145.5411071777, 0.0370"
2025-04-23 12:28:16,,"10:28:7, 41.3705978394, 1.9958618879, 145.5615997314, 0.0377"
2025-04-23 12:28:17,"MXD#50.99,5.25,257.35,200.71,0.00,964.15,131.47,563#50.88,5.25,215.44,201.80,0.00,987.60,125.22,563#50.88,5.25,236.82,188.27,0.00,879.96,138.79,563#51.13,5.25,246.93,195.94,0.00,854.71,132.59,563#51.18,5.25,248.00,203.51,0.00,901.97,145.62,563#50.94,5.25,249.09,208.96,0.00,932.38,140.58,563#51.20,5.25,253.34,199.22,0.00,950.55,143.86,566#51.14,5.25,255.23,226.64,0.00,955.38,134.03,566#51.24,5.25,254.09,187.70,0.00,917.36,133.26,566#TRH#750.98,128.00,29.88,35.83,29.89,33.91,29.91,34.23!","10:28:9, 41.3705978394, 1.9958617687, 145.5852966309, 0.0370"
2025-04-23 12:28:20,,"10:28:11, 41.3705940247, 1.9958620071, 145.6040954590, 0.0410"
2025-04-23 12:28:21,"MXA#26.19,24.14,14.15,32.00#26.14,24.13,14.22,32.15#26.18,24.13,14.22,32.14#26.19,24.18,14.19,32.14#26.22,24.13,14.24,32.24#25.63,24.01,14.21,32.45#26.36,24.25,14.31,32.69#26.32,24.14,14.27,32.74#TRH#41.08,39.75,41.16,36.28,41.36,33.90,41.02,39.75!","10:28:13, 41.3705978394, 1.9958617687, 145.6235961914, 0.0444"
2025-04-23 12:28:23,"ECS#0.28,-0.23,0.17,26.00,2.18#0.37,-0.21,0.17,25.00,2.18#0.28,-0.21,0.16,25.00,2.09#0.37,-0.17,0.16,24.00,2.18#0.28,-0.19,0.16,24.00,2.09#0.18,-0.19,0.16,25.00,2.09#0.18,-0.19,0.17,26.00,2.18#0.37,-0.19,0.18,25.00,2.18#0.18,-0.21,0.16,24.00,2.09#0.18,-0.21,0.16,24.00,2.09#0.37,-0.21,0.16,25.00,2.18#0.18,-0.23,0.16,24.00,2.09#0.18,-0.21,0.16,24.00,2.09#0.18,-0.21,0.17,24.00,2.09#0.18,-0.25,0.17,24.00,2.09#TRH#29.19,34.65,29.56,39.94!","10:28:15, 41.3705978394, 1.9958616495, 145.6152954102, 0.0374"
2025-04-23 12:28:26,,"10:28:17, 41.3705978394, 1.9958617687, 145.5628967285, 0.0360"
2025-04-23 12:28:27,"MXD#51.04,5.25,254.66,208.68,0.00,957.98,130.45,561#51.23,5.25,214.09,187.89,0.00,904.41,150.43,561#51.10,5.25,237.31,198.75,0.00,957.00,135.40,561#51.25,5.25,244.62,185.24,0.00,990.28,123.24,561#51.32,5.25,247.64,189.29,0.00,994.65,135.31,561#51.21,5.25,248.91,188.91,0.00,949.58,138.04,561#51.39,5.25,250.92,214.69,0.00,1026.11,129.09,559#51.50,5.25,252.78,185.18,0.00,894.67,128.74,559#51.25,5.25,253.34,196.94,0.00,955.71,143.76,559#51.51,5.25,254.28,200.30,0.00,894.06,152.17,559#TRH#750.98,128.00,29.92,35.68,29.94,33.74,29.94,34.08!","10:28:19, 41.3705978394, 1.9958615303, 145.5847930908, 0.0368"
2025-04-23 12:28:30,".90,41.03,39.74!","10:28:21, 41.3705978394, 1.9958616495, 145.6071929932, 0.0432"
2025-04-23 12:28:33,"ECS#0.28,-0.19,0.16,25.00,2.09#0.28,-0.25,0.17,24.00,2.09#0.18,-0.23,0.17,25.00,2.09#0.08,-0.21,0.16,24.00,2.09#0.18,-0.21,0.17,26.00,2.18#0.28,-0.21,0.16,24.00,2.09#0.28,-0.21,0.16,25.00,2.09#0.47,-0.23,0.16,25.00,2.09#0.28,-0.21,0.16,26.00,2.18#0.28,-0.19,0.16,25.00,2.18#0.37,-0.21,0.16,25.00,2.09#0.37,-0.25,0.17,25.00,2.00#0.18,-0.21,0.17,25.00,2.18#0.28,-0.21,0.16,25.00,2.18#TRH#29.19,34.55,29.61,39.83!","10:28:23, 41.3705978394, 1.9958616495, 145.6168975830, 0.0417"
2025-04-23 12:28:36,,"10:28:25, 41.3705978394, 1.9958615303, 145.6398925781, 0.0497"
2025-04-23 12:28:37,"MXD#51.51,5.25,254.85,203.79,0.00,934.60,142.31,561#51.57,5.25,214.36,201.87,0.00,927.98,142.60,561#51.83,5.25,237.48,194.03,0.00,962.52,139.40,561#51.60,5.25,244.80,199.42,0.00,873.43,133.99,561#51.56,5.25,248.36,195.35,0.00,997.01,134.03,561#51.55,5.25,248.36,191.87,0.00,878.17,134.81,560#51.44,5.25,250.37,207.97,0.00,930.18,140.54,560#51.64,5.25,251.66,191.35,0.00,1026.11,143.71,560#51.86,5.25,252.78,201.66,0.00,968.08,157.57,560#TRH#750.98,128.00,29.94,35.66,29.92,33.74,29.94,34.08!","10:28:27, 41.3705978394, 1.9958616495, 145.6437072754, 0.0451"
2025-04-23 12:28:40,,"10:28:29, 41.3705978394, 1.9958616495, 145.6454925537, 0.0441"
2025-04-23 12:28:40,"MXA#26.46,24.26,14.31,32.95#26.38,24.35,14.37,32.92#26.50,24.24,14.29,32.92#25.80,24.20,14.31,32.68#26.27,24.39,14.42,33.03#26.22,24.30,14.41,32.95#25.95,24.32,14.39,33.00#26.45,24.22,14.40,33.08#TRH#41.14,39.70,41.22,36.16,41.39,33.83,41.03,39.70!","10:28:31, 41.3705978394, 1.9958615303, 145.6407928467, 0.0387"
2025-04-23 12:28:43,"ECS#0.47,-0.23,0.17,25.00,2.09#0.37,-0.21,0.16,24.00,2.09#0.18,-0.23,0.17,25.00,2.09#0.37,-0.23,0.18,25.00,2.09#0.28,-0.23,0.16,26.00,2.18#0.18,-0.19,0.16,26.00,2.27#0.56,-0.25,0.17,25.00,2.18#0.47,-0.25,0.18,25.00,2.09#0.28,-0.21,0.18,25.00,2.09#0.28,-0.23,0.17,25.00,2.18#0.28,-0.19,0.17,26.00,2.09#0.28,-0.23,0.17,25.00,2.09#0.28,-0.25,0.17,25.00,2.09#0.37,-0.19,0.17,25.00,2.18#TRH#29.25,34.48,29.62,39.83!","10:28:33, 41.3705978394, 1.9958616495, 145.6320037842, 0.0415"
2025-04-23 12:28:46,,"10:28:35, 41.3705978394, 1.9958616495, 145.6287994385, 0.0440"
2025-04-23 12:28:46,"MXD#52.09,5.25,255.04,194.49,0.00,954.41,156.61,558#51.75,5.25,213.29,198.55,0.00,980.28,134.71,558#51.91,5.25,234.70,200.10,0.00,893.76,151.86,558#51.76,5.25,244.80,197.74,0.00,1026.11,141.20,558#51.89,5.25,247.10,190.90,0.00,939.67,156.40,558#51.76,5.25,249.09,191.42,0.00,933.02,133.49,556#51.57,5.25,252.03,209.31,0.00,910.86,137.76,556#51.47,5.25,250.92,206.99,0.00,933.65,144.78,556#51.45,5.25,250.92,189.81,0.00,966.77,150.38,556#TRH#750.98,128.00,29.95,35.59,29.95,33.64,29.95,34.01!","10:28:37, 41.3705978394, 1.9958616495, 145.6107025146, 0.0415"
2025-04-23 12:28:49,,"10:28:39, 41.3705978394, 1.9958617687, 145.6069030762, 0.0396"
2025-04-23 12:28:52,"ECS#0.37,-0.21,0.17,25.00,2.09#0.28,-0.17,0.17,26.00,2.09#0.37,-0.21,0.17,25.00,2.09#0.56,-0.14,0.17,25.00,2.09#0.08,-0.21,0.17,25.00,2.09#0.37,-0.17,0.16,25.00,2.18#0.37,-0.14,0.17,26.00,2.18#0.37,-0.17,0.16,25.00,2.09#0.18,-0.21,0.17,26.00,2.18#0.37,-0.21,0.18,25.00,2.09#0.37,-0.19,0.17,25.00,2.09#0.37,-0.19,0.16,25.00,2.09#0.28,-0.19,0.17,25.00,2.09#0.37,-0.21,0.17,25.00,2.09#TRH#29.25,34.41,29.62,39.71!","10:28:41, 41.3705978394, 1.9958616495, 145.6215057373, 0.0394"
2025-04-23 12:28:55,,"10:28:43, 41.3705978394, 1.9958616495, 145.6170959473, 0.0396"
2025-04-23 12:28:57,"MXD#51.47,5.25,255.43,190.45,0.00,879.36,142.79,554#51.70,5.25,212.36,198.41,0.00,967.42,131.12,554#51.82,5.25,236.00,205.94,0.00,946.37,151.30,554#51.73,5.25,243.06,192.66,0.00,894.06,132.32,554#51.62,5.25,247.28,192.53,0.00,1024.37,137.80,554#51.70,5.25,248.36,209.52,0.00,906.86,138.55,554#51.65,5.25,248.91,194.03,0.00,965.13,134.17,555#51.69,5.25,251.66,201.94,0.00,964.15,137.85,555#51.52,5.25,253.15,198.21,0.00,908.40,132.19,555#51.57,5.25,254.66,198.34,0.00,938.40,146.11,555#TRH#750.98,128.00,30.00,35.41,30.00,33.49,30.00,33.87!","10:28:45, 41.3705978394, 1.9958615303, 145.6282043457, 0.0396"
2025-04-23 12:29:00,"MXA#26.53,24.37,14.37,32.58#25.63,24.47,14.44,32.43#26.05,24.43,14.41,32.88#26.17,24.26,14.38,32.66#26.55,24.38,14.46,32.64#26.61,24.49,14.46,32.59#26.50,24.44,14.48,32.70#26.44,24.49,14.49,32.20#TRH#41.19,39.66,41.30,36.11,41.42,33.73,41.08,39.66!","10:28:47, 41.3705978394, 1.9958616495, 145.6466064453, 0.0393"
2025-04-23 12:29:02,"ECS#0.37,-0.19,0.17,25.00,2.18#0.47,-0.17,0.17,25.00,2.18#0.28,-0.23,0.17,26.00,2.09#0.37,-0.23,0.17,25.00,2.09#0.28,-0.25,0.17,25.00,2.09#0.18,-0.21,0.16,25.00,2.09#0.37,-0.23,0.18,25.00,2.00#0.37,-0.23,0.16,25.00,2.18#0.37,-0.23,0.16,24.00,2.00#0.47,-0.19,0.17,25.00,2.09#0.47,-0.21,0.17,25.00,2.09#0.18,-0.21,0.17,24.00,2.00#0.28,-0.21,0.16,24.00,2.09#0.18,-0.23,0.17,24.00,2.09#0.37,-0.21,0.17,25.00,2.09#TRH#29.28,34.21,29.62,39.62!","10:28:49, 41.3705978394, 1.9958615303, 145.6331939697, 0.0396"
2025-04-23 12:29:05,,"10:28:51, 41.3705978394, 1.9958615303, 145.6309967041, 0.0412"
2025-04-23 12:29:06,"MXD#51.58,5.25,254.09,200.98,0.00,977.63,146.01,553#51.46,5.25,213.15,197.47,0.00,1010.25,139.97,553#51.76,5.25,236.98,195.41,0.00,923.28,146.46,553#51.65,5.25,246.21,210.95,0.00,961.55,130.41,553#51.50,5.24,248.18,208.18,0.00,853.84,133.22,553#51.57,5.25,249.27,213.39,0.00,923.28,136.88,553#51.26,5.25,250.18,200.57,0.00,961.55,146.76,553#51.59,5.25,252.78,205.94,0.00,1000.39,143.86,553#51.62,5.25,252.78,200.57,0.00,913.64,148.61,553#TRH#750.98,128.00,30.00,35.32,30.00,33.31,30.05,33.64!","10:28:53, 41.3705978394, 1.9958614111, 145.6618957520, 0.0422"
2025-04-23 12:29:09,,"10:28:55, 41.3705978394, 1.9958616495, 145.6150054932, 0.0420"
2025-04-23 12:29:09,"MXA#26.53,24.50,14.47,32.33#26.48,24.48,14.48,32.33#26.28,24.54,14.49,32.41#25.86,24.32,14.48,32.26#25.73,24.59,14.54,32.71#25.93,24.42,14.54,32.77#26.65,24.55,14.50,32.62#26.34,24.59,14.56,32.58#TRH#41.20,39.66,41.27,36.11,41.45,33.74,41.09,39.66!","10:28:57, 41.3705978394, 1.9958616495, 145.6053009033, 0.0423"
2025-04-23 12:29:12,"ECS#0.47,-0.23,0.17,25.00,2.18#0.28,-0.23,0.16,24.00,2.18#0.37,-0.21,0.17,25.00,2.00#0.47,-0.17,0.17,26.00,2.09#0.37,-0.21,0.17,25.00,2.18#0.37,-0.25,0.17,26.00,2.18#0.28,-0.23,0.16,25.00,2.09#0.47,-0.25,0.17,24.00,2.09#0.28,-0.23,0.16,25.00,2.09#0.28,-0.23,0.17,26.00,2.18#0.28,-0.21,0.17,25.00,2.09#0.37,-0.23,0.17,26.00,2.18#0.08,-0.23,0.16,25.00,2.09#0.37,-0.23,0.17,26.00,2.27#TRH#29.28,34.21,29.66,39.54!","10:28:59, 41.3705978394, 1.9958617687, 145.5960998535, 0.0410"
2025-04-23 12:29:15,,"10:28:1, 41.3705978394, 1.9958618879, 145.5841064453, 0.0434"
2025-04-23 12:29:19,"MXD#51.69,5.25,255.43,215.71,0.00,888.33,155.19,545#51.88,5.25,214.36,198.41,0.00,920.47,138.65,545#51.67,5.25,236.98,194.29,0.00,918.60,157.46,545#51.67,5.24,245.68,196.74,0.00,938.72,138.88,545#51.63,5.25,248.36,197.81,0.00,993.64,142.21,548#51.54,5.25,250.18,199.29,0.00,897.40,157.14,548#51.79,5.25,252.59,194.16,0.00,958.95,148.21,548#51.71,5.25,253.72,212.38,0.00,973.01,145.82,548#51.65,5.25,254.47,201.19,0.00,943.50,140.77,548#51.61,5.25,255.81,185.30,0.00,991.62,151.66,548#TRH#750.98,128.00,30.06,35.32,30.00,33.3MXA#26.61,24.59,14.55,32.75#26.25,24.52,14.54,32.69#26.60,24.49,14.49,32.59#26.53,24.37,14.44,32.41#26.57,24.41,14.46,32.45#25.84,24.42,14.55,32.83#26.21,24.31,14.48,32.75#26.68,24.50,14.47,32.34#TRH#41.22,39.64,41.31,36.05,41.48,33.70,41.12,39.64!","10:29:3, 41.3705978394, 1.9958620071, 145.5827941895, 0.0425"
2025-04-23 12:29:21,"ECS#0.47,-0.19,0.17,24.00,2.09#0.37,-0.17,0.17,26.00,2.18#0.37,-0.21,0.17,25.00,2.09#0.18,-0.19,0.16,24.00,2.09#0.08,-0.19,0.16,25.00,2.18#0.28,-0.21,0.17,26.00,2.09#0.28,-0.21,0.16,25.00,2.00#0.37,-0.21,0.17,26.00,2.18#0.47,-0.19,0.16,24.00,2.09#0.18,-0.19,0.16,26.00,2.18#0.28,-0.23,0.17,25.00,2.09#0.28,-0.23,0.16,25.00,2.09#0.28,-0.23,0.16,25.00,2.18#0.18,-0.21,0.16,24.00,2.00#TRH#29.28,34.18,29.66,39.52!","10:29:5, 41.3705978394, 1.9958620071, 145.5780029297, 0.0425"
2025-04-23 12:29:24,,"10:29:7, 41.3705978394, 1.9958620071, 145.5791015625, 0.0423"
2025-04-23 12:29:26,"MXD#51.49,5.25,257.16,193.05,0.00,957.65,130.81,547#51.50,5.25,214.63,184.61,0.00,890.14,143.56,547#51.58,5.25,236.98,192.53,0.00,957.00,146.81,547#51.58,5.25,246.57,209.10,0.00,959.27,132.23,550#51.87,5.25,248.00,197.88,0.00,905.64,153.98,550#51.59,5.25,249.63,200.98,0.00,944.77,139.40,550#51.56,5.25,252.40,217.62,0.00,955.71,138.18,550#51.51,5.25,251.84,197.61,0.00,930.18,137.62,550#51.61,5.25,254.28,198.41,0.00,925.78,152.22,550#TRH#750.98,128.00,30.06,35.21,30.02,33.22,30.11,33.55!","10:29:9, 41.3705978394, 1.9958622456, 145.5697937012, 0.0430"
2025-04-23 12:29:29,,"10:29:11, 41.3705978394, 1.9958621264, 145.5746002197, 0.0409"
2025-04-23 12:29:29,"MXA#26.65,24.45,14.47,32.35#26.63,24.57,14.51,32.40#26.43,24.56,14.53,32.67#26.01,24.34,14.50,32.47#26.56,24.41,14.50,32.39#26.59,24.47,14.51,32.37#25.81,24.44,14.56,32.69#26.52,24.65,14.59,32.54#TRH#41.25,39.57,41.31,36.05,41.50,33.66,41.16,39.57!","10:29:13, 41.3705978394, 1.9958622456, 145.5476074219, 0.0442"
2025-04-23 12:29:32,"ECS#0.18,-0.23,0.16,25.00,2.18#0.28,-0.23,0.17,24.00,2.09#0.28,-0.17,0.17,24.00,2.09#0.08,-0.19,0.16,26.00,2.18#0.28,-0.21,0.17,25.00,2.00#0.18,-0.21,0.16,25.00,2.18#0.28,-0.23,0.17,24.00,2.09#0.18,-0.21,0.16,25.00,2.18#0.28,-0.21,0.17,25.00,2.09#0.28,-0.21,0.17,24.00,2.09#0.37,-0.23,0.17,25.00,2.09#0.18,-0.21,0.16,24.00,2.18#0.37,-0.25,0.17,24.00,2.09#0.28,-0.21,0.17,24.00,2.09#0.37,-0.25,0.17,24.00,2.09#TRH#29.31,34.14,29.69,39.39!","10:29:15, 41.3705978394, 1.9958621264, 145.5796051025, 0.0418"
2025-04-23 12:29:35,,"10:29:17, 41.3705978394, 1.9958621264, 145.5720977783, 0.0408"
2025-04-23 12:29:36,"MXD#51.58,5.25,254.28,204.97,0.00,1010.25,126.75,552#51.58,5.25,213.15,200.98,0.00,950.23,129.13,552#51.63,5.25,236.65,199.09,0.00,851.82,149.47,552#51.38,5.25,245.50,202.48,0.00,990.95,143.18,559#51.57,5.25,247.82,193.31,0.00,903.49,143.61,559#51.52,5.25,249.45,192.39,0.00,973.66,137.80,559#51.38,5.25,251.47,197.47,0.00,960.57,138.04,559#51.29,5.25,252.78,192.66,0.00,897.40,143.81,559#51.42,5.25,254.28,195.22,0.00,905.94,145.08,559#51.31,5.25,255.43,195.68,0.00,946.37,151.25,559#TRH#750.98,128.00,30.06,35.23,30.08,33.28,30.12,33.61!","10:29:19, 41.3705978394, 1.9958623648, 145.5569000244, 0.0387"
2025-04-23 12:29:39,,"10:29:21, 41.3705978394, 1.9958622456, 145.5471038818, 0.0376"
2025-04-23 12:29:40,"MXA#26.74,24.66,14.60,32.51#26.42,24.60,14.62,32.51#26.71,24.65,14.60,32.38#25.97,24.47,14.62,32.53#26.00,24.42,14.58,32.49#26.06,24.46,14.54,32.39#26.67,24.55,14.61,32.33#26.00,24.51,14.54,32.20#25.88,24.41,14.52,32.19#TRH#41.27,39.63,41.31,36.03,41.53,33.69,41.16,39.63!","10:29:23, 41.3705978394, 1.9958623648, 145.5417022705, 0.0386"
2025-04-23 12:29:42,"ECS#0.28,-0.19,0.17,26.00,2.18#0.28,-0.19,0.17,25.00,2.18#0.28,-0.21,0.16,26.00,2.27#0.37,-0.23,0.16,26.00,2.18#0.28,-0.27,0.17,25.00,2.18#0.37,-0.23,0.17,25.00,2.09#0.37,-0.23,0.17,25.00,2.09#0.37,-0.19,0.17,25.00,2.09#0.28,-0.23,0.16,24.00,2.09#0.28,-0.25,0.18,25.00,2.18#0.18,-0.25,0.17,24.00,2.09#0.28,-0.19,0.16,25.00,2.09#0.47,-0.23,0.18,26.00,2.18#0.47,-0.21,0.17,24.00,2.00#0.37,-0.21,0.17,26.00,2.18#0.37,-0.23,0.16,24.00,2.09#TRH#29.31,34.12,29.72,39.45!","10:29:25, 41.3705978394, 1.9958622456, 145.5518951416, 0.0358"
2025-04-23 12:29:45,,"10:29:27, 41.3705978394, 1.9958621264, 145.5496063232, 0.0346"
2025-04-23 12:29:46,"MXD#51.46,5.25,255.62,202.55,0.00,890.44,150.43,559#51.38,5.25,212.76,197.74,0.00,1001.74,129.40,559#51.25,5.25,236.65,191.29,0.00,910.86,140.39,553#51.52,5.25,245.50,201.53,0.00,931.75,135.86,553#51.48,5.25,247.82,206.57,0.00,920.47,143.42,553#51.42,5.25,249.82,207.69,0.00,956.36,154.09,553#51.37,5.25,250.92,191.68,0.00,958.95,136.41,553#51.38,5.25,252.78,199.56,0.00,997.35,127.31,553#51.21,5.25,254.47,225.26,0.00,947.65,149.31,552#51.40,5.25,253.34,198.28,0.00,913.02,134.67,552#TRH#750.98,128.00,30.06,35.25,30.12,33.33,30.14,33.61!","10:29:29, 41.3705978394, 1.9958627224, 145.5337982178, 0.0499"
2025-04-23 12:29:49,,"10:29:31, 41.3705978394, 1.9958622456, 145.5229949951, 0.0438"
2025-04-23 12:29:52,"MXA#26.71,24.35,14.55,32.40#26.69,24.57,14.66,32.53#26.72,24.57,14.60,32.42#26.43,24.64,14.66,32.22#26.41,24.57,14.67,32.45#26.70,24.46,14.63,32.41#26.04,24.38,14.65,32.37#26.75,24.64,14.63,32.41#TRH#41.28,39.63,41.38,36.12,41.55,33ECS#0.56,-0.19,0.17,25.00,2.18#0.56,-0.25,0.17,24.00,2.09#0.37,-0.23,0.17,25.00,2.00#0.28,-0.19,0.17,25.00,2.27#0.28,-0.17,0.16,25.00,2.09#0.47,-0.21,0.17,25.00,2.09#0.37,-0.21,0.17,25.00,2.09#0.28,-0.19,0.16,25.00,2.18#0.37,-0.21,0.17,25.00,2.09#0.18,-0.19,0.16,25.00,2.18#0.37,-0.19,0.17,25.00,2.09#0.37,-0.21,0.17,25.00,2.09#0.28,-0.17,0.17,25.00,2.00#0.47,-0.21,0.17,24.00,2.00#TRH#29.36,34.32,29.77,39.59!","10:29:33, 41.3705978394, 1.9958622456, 145.5599060059, 0.0480"
2025-04-23 12:29:55,,"10:29:35, 41.3705978394, 1.9958626032, 145.5345001221, 0.0470"
2025-04-23 12:29:56,"MXD#51.58,5.24,256.38,182.93,0.00,872.54,139.92,552#51.26,5.24,214.36,194.09,0.00,956.68,140.87,552#51.43,5.25,238.30,188.46,0.00,885.03,140.30,552#51.42,5.25,244.98,204.20,0.00,825.99,132.23,552#51.40,5.25,248.36,199.35,0.00,930.18,140.30,552#51.30,5.25,248.36,192.92,0.00,909.32,126.80,552#51.21,5.25,250.92,194.82,0.00,971.03,140.68,552#51.08,5.25,252.22,204.76,0.00,914.88,132.86,554#51.20,5.25,251.29,193.64,0.00,897.10,138.13,554#TRH#750.98,128.00,30.12,35.25,30.12,33.30,30.17,33.60!","10:29:37, 41.3705978394, 1.9958628416, 145.3462066650, 0.1273"
2025-04-23 12:29:59,,"10:29:39, 41.3705978394, 1.9958672523, 144.9514007568, 0.1276"
2025-04-23 12:29:59,"MXA#26.73,24.56,14.57,32.14#26.58,24.36,14.62,32.39#26.60,24.22,14.57,32.30#25.93,23.95,14.63,32.35#26.05,23.89,14.59,32.27#26.31,24.01,14.59,32.22#26.07,23.81,14.55,32.39#25.70,23.71,14.49,32.31#TRH#41.30,39.63,41.42,36.08,41.55,33.67,41.20,39.63!","10:29:41, 41.3705978394, 1.9958657026, 145.1033935547, 0.0629"
2025-04-23 12:30:02,"25.00,2.09#0.47,-0.21,0.17,24.00,2.09#0.47,-0.17,0.16,24.00,2.09#0.47,-0.23,0.17,25.00,2.09#0.47,-0.23,0.17,25.00,2.09#0.47,-0.21,0.17,24.00,2.09#0.37,-0.19,0.16,24.00,2.09#TRH#29.36,34.19,29.78,39.44!","10:29:43, 41.3705978394, 1.9958649874, 145.2241058350, 0.0540"
2025-04-23 12:30:05,,"10:29:45, 41.3705978394, 1.9958649874, 145.2425994873, 0.0469"
2025-04-23 12:30:34,"MXD#51.77,5.24,245.33,209.52,0.00,975.31,132.77,551#51.77,5.25,207.58,198.55,0.00,955.06,146.76,557#51.76,5.24,231.36,203.38,0.00,953.12,162.77,557#52.00,5.25,238.80,190.45,0.00,969.06,134.31,557#52.07,5.25,241.85,205.10,0.00,974.98MXA#26.11,24.60,14.62,32.75#26.49,24.75,14.76,33.11#26.70,24.76,14.65,32.89#26.78,24.72,14.68,32.88#26.84,24.77,14.72,32.75#26.12,24.50,14.68,32.91#TRH#41.36,39.66,41.44,36.10,41.59,33.66,41.25,39.66!","10:29:47, 41.3705978394, 1.9958643913, 145.3099060059, 0.0565"
2025-04-23 12:30:37,"ECS#0.66,-0.21,0.17,25.00,2.00#0.37,-0.21,0.18,24.00,2.09#0.56,-0.23,0.17,25.00,2.09#0.37,-0.23,0.17,24.00,2.09#0.47,-0.23,0.17,25.00,2.09#0.28,-0.25,0.17,26.00,2.18#0.47,-0.23,0.1.00,2.27#0.28,-0.21,0.17,24.00,2.09#0.28,-0.21,0.17,25.00,2.18#0.28,-0.25,0.17,24.00,2.09#0.56,-0.19,0.17,25.00,2.09#TRH#29.42,34.04,29.78,39.30!","10:29:49, 41.3705978394, 1.9958637953, 145.3878936768, 0.0515"
2025-04-23 12:30:40,,"10:29:51, 41.3705978394, 1.9958589077, 145.5303039551, 0.3345"
2025-04-23 12:30:41,"MXD#51.78,5.25,247.82,198.55,0.00,890.14,135.81,557#51.75,5.24,207.83,196.08,0.00,919.85,143.18,557#51.88,5.24,231.67,206.99,0.00,940.94,135.81,557#51.88,5.24,237.64,207.83,0.00,938.72,139.49,557#51.73,5.24,241.5129.23,142.60,552#51.97,5.24,252.40,197.74,0.00,910.25,144.20,552#TRH#750.98,128.00,30.20,34.85,30.19,32.84,30.28,33.17!","10:29:53, 41.3705940247, 1.9958562851, 145.6813049316, 0.7111"
2025-04-23 12:30:44,,"10:29:55, 41.3705940247, 1.9958597422, 145.5258941650, 0.2192"
2025-04-23 12:30:47,SPLRon,"10:29:57, 41.3705940247, 1.9958597422, 145.5614929199, 0.1913"
2025-04-23 12:30:47,"MXA#26.79,24.67,14.73,33.26#26.55,24.67,14.73,33.10#26.25,24.78,14.77,32.91#26.81,24.77,14.74,32.75#26.79,24.73,14.77,32.82#26.11,24.62,14.71,32.88#26.17,24.58,14.69,32.82#26.78,24.81,14.82,32.79#25.93,24.68,14.71,32.81#TRH#41.33,39.5ECS#0.37,-0.19,0.17,25.00,2.09#0.47,-0.21,0.17,26.00,2.09#0.28,-0.19,0.18,26.00,2.18#0.28,-0.19,0.17,25.00,2.09#0.28,-0.23,0.18,25.00,2.09#0.47,-0.25,0.17,24.00,2.09#0.28,-0.23,0.17,24.00,2.00#0.37,-0.27,0.16,25.00,2.09#0.37,-0.27,0.16,24.00,2.09#0.66,-0.17,0.18,24.00,2.09#0.28,-0.19,0.17,25.00,2.09#0.37,-0.21,0.16,24.00,2.09#0.18,-0.25,0.17,25.00,2.09#0.37,-0.23,0.17,25.00,2.09#0.37,-0.21,0.17,24.00,2.00#TRH#29.42,33.78,29.81,39.07!","10:29:59, 41.3705940247, 1.9958608150, 145.6497955322, 0.1980"
2025-04-23 12:30:50,,"10:29:1, 41.3705940247, 1.9958629608, 145.5731048584, 0.5056"
2025-04-23 12:30:55,"MXD#52.09,5.25,253.90,198.61,0.00,885.63,132.14,552#51.86,5.24,212.10,191.16,0.00,975.31,148.31,552#51.83,5.24,236.49,193.83,0.00,871.65,148.00,552#51.85,5.24,244.27,193.31,0.00,986.60,139.97,552#51.72,5.24,247.28,208.96,0.00,939.35,138.51,552#52.11,5.24,248.36,211.16,0.00,884.73,133.81,552#52.02,5.25,250.18,206.92,0.00,996.00,155.50,552#51.96,5.24,252.22,198.01,0.00,949.58,150.23","10:30:3, 41.3705940247, 1.9958621264, 145.6784973145, 0.2760"
2025-04-23 12:30:57,"8,-0.19,0.17,25.00,2.09#0.28,-0.21,0.17,25.00,2.00#0.47,-0.21,0.17,24.00,2.09#0.08,-0.23,0.17,24.00,2.09#0.37,-0.25,0.17,24.00,2.09#0.37,-0.19,0.17,26.00,2.18#TRH#29.45,33.36,29.83,38.79!","10:30:5, 41.3705940247, 1.9958617687, 145.6033020020, 0.2137"
2025-04-23 12:31:00,,"10:30:7, 41.3705940247, 1.9958710670, 145.6907958984, 0.4903"
2025-04-23 12:31:01,",148.31,556#52.12,5.24,249.63,207.83,0.00,929.23,154.77,556#52.22,5.24,252.78,205.94,0.00,908.40,134.85,556#52.07,5.24,256.19,195.22,0.00,911.79,126.92,556#52.16,5.24,254.28,201.19,0.00,837.81,132.32,553#TRH#750.98,128.00,30.27,34.40,30.27,32.27,30.28,32.58!","10:30:9, 41.3705978394, 1.9958815575, 145.3751983643, 0.6924"
2025-04-23 12:31:04,,"10:30:11, 41.3706054688, 1.9958782196, 144.9915008545, 0.7935"
2025-04-23 12:31:04,"MXA#26.97,24.87,14.84,32.90#27.02,24.92,14.87,32.79#26.94,24.99,14.92,32.93#27.13,24.92,14.92,33.14#27.13,25.06,14.94,33.22#27.09,25.03,14.91,33.38#26.49,24.877,35.71,41.67,33.26,41.31,39.42!","10:30:13, 41.3706207275, 1.9958857298, 144.6239013672, 1.3398"
2025-04-23 12:31:07,".17,25.00,2.09#0.66,-0.21,0.16,26.00,2.18#0.28,-0.25,0.16,24.00,2.09#0.37,-0.23,0.16,24.00,2.09#0.28,-0.21,0.16,25.00,2.09#0.37,-0.21,0.17,26.00,2.09#TRH#29.45,33.34,29.83,38.71!","10:30:15, 41.3706283569, 1.9958922863, 144.9725952148, 1.7596"
2025-04-23 12:31:10,,"10:30:17, 41.3706359863, 1.9958961010, 145.1670074463, 2.1005"
2025-04-23 12:31:11,"5.24,252.40,207.97,0.00,897.10,143.95,557#52.16,5.24,255.04,211.52,0.00,928.29,155.40,557#52.05,5.24,255.43,205.10,0.00,886.23,129.48,557#52.22,5.24,256.00,199.96,0.00,876.39,141.78,559#52.17,5.24,258.13,189.62,0.00,958.62,134.99,559#TRH#750.98,128.00,30.27,34.46,30.28,32.33,30.30,32.64!","10:30:19, 41.3706398010, 1.9959034920, 144.7680053711, 2.4155"
2025-04-23 12:31:14,"37,41.48,35.65,41.72,33.20,41.31,39.37!","10:30:21, 41.3706436157, 1.9959129095, 144.8692016602, 2.5285"
2025-04-23 12:31:17,".17,24.00,2.09#0.18,-0.21,0.16,25.00,2.09#0.18,-0.19,0.16,24.00,2.09#0.28,-0.21,0.16,25.00,2.09#0.18,-0.21,0.16,25.00,2.09#0.28,-0.23,0.16,24.00,2.09#0.18,-0.25,0.16,25.00,2.09#TRH#29.48,33.23,29.80,38.61!","10:30:23, 41.3706474304, 1.9959232807, 144.6591033936, 2.5752"
2025-04-23 12:31:20,,"10:30:25, 41.3706512451, 1.9959379435, 144.8861999512, 2.5674"
2025-04-23 12:31:21,"MXD#52.31,5.24,259.70,205.80,0.00,974.98,134.90,559#52.35,5.24,215.31,203.86,0.00,931.12,142.35,559#52.20,5.24,239.31,217.54,0.00,951.19,148.31,552#52.27,5.24,249.45,197.74,0.00,895.58,137.80,552#52.37,5.24,250.18,195.35,0.00,865.19,149.16,552#52.19,5.24,254.09,200.71,0.00,923.90,147.75,552#52.30,5.24,253.15,230.12,0.00,955.06,131.92,552#52.40,5.24,256.19,213.46,0.00,945.73,159.18,551#52.11,5.24,256.58,209.59,0.00,963.50,151.50,551#TRH#750.98,128.00,30.28,34.35,30.30,32.25,30.31,32.54!","10:30:27, 41.3706550598, 1.9959450960, 144.3316955566, 2.5825"
2025-04-23 12:31:24,,"10:30:29, 41.3706550598, 1.9959540367, 142.7068023682, 2.4947"
2025-04-23 12:31:24,"MXA#27.18,24.74,14.92,33.11#27.20,24.93,14.91,32.95#27.13,24.99,14.94,33.05#27.22,25.02,15.01,32.91#26.70,25.04,15.06,33.18#26.49,24.84,14.97,32.94#26.52,24.79,15.01,33.05#27.03,25.07,15.07,33.25#TRH#41.44,39.36,41.52,35.60,41.67,33.20,41.33,39.36!","10:30:31, 41.3706588745, 1.9959596395, 142.9019012451, 1.6908"
2025-04-23 12:31:27,,"10:30:33, 41.3706741333, 1.9959552288, 143.3735046387, 1.3974"
2025-04-23 12:31:31,"MXD#52.31,5.24,259.31,213.89,0.00,960.57,137.25,551#52.37,5.24,216.54,204.00,0.00,886.83,154.14,550#52.18,5.24,240.66,198.41,0.00,1000.39,144.88,550#52.36,5.24,248.00,195.35,0.00,977.30,136.64,550#52.19,5.24,250.73,198.41,0.00,986.94,147.60,550#52.02,5.24,253.15,204.97,0.00,927.03,145.28,550#52.22,5.24,255.62,195.68,0.00,991.62,148.31,550#52.51,5.23,256.58,205.87,0.00,985.93,140.16,551#52.36,5.24,256.00,206.64,0.00,947.34,151.25,551#52.24,5.24,260.89,202.14,0.00,924.84,149.62,551#TRH#750.98,128.00,30.30,34.33,30.33,32.28,30.34,32.61!","10:30:35, 41.3706779480, 1.9959617853, 143.2536926270, 1.4302"
2025-04-23 12:31:34,,"10:30:37, 41.3706817627, 1.9959557056, 144.0030059814, 1.1643"
2025-04-23 12:31:35,"MXA#27.25,24.86,15.06,33.41#26.99,25.13,15.10,33.23#27.25,25.00,15.09,33.36#26.52,24.93,15.00,33.08#27.33,25.13,15.11,32.92#26.86,25.12,15.10,33.21#26.77,25.17,15.13,33.13#27.34,25.07,15.01,32.89#26.93,24.93,15.03,32.88#TRH#41.44,39.35,41.55,35.70,41.70,33.24,41.39,39.35!","10:30:39, 41.3706817627, 1.9959473610, 144.6488037109, 0.8951"
2025-04-23 12:31:37,"7,-0.17,0.17,23.00,2.09#0.37,-0.19,0.16,25.00,2.09#0.37,-0.23,0.16,24.00,2.09#0.18,-0.17,0.16,23.00,2.00#0.28,-0.19,0.16,24.00,2.09#0.37,-0.23,0.17,25.00,2.18#0.18,-0.21,0.16,26.00,2.18#TRH#29.48,33.25,29.86,38.69!","10:30:41, 41.3706779480, 1.9959445000, 144.8345031738, 0.7740"
2025-04-23 12:31:40,,"10:30:43, 41.3706779480, 1.9959434271, 145.0498962402, 0.6594"
2025-04-23 12:31:41,"MXD#52.20,5.24,260.49,201.05,0.00,996.33,154.51,547#52.22,5.24,215.85,200.50,0.00,957.00,138.37,547#52.35,5.24,240.66,203.44,0.00,948.62,151.25,547#52.11,5.24,249.82,189.74,0.00,926.72,150.43,547#52.53,5.24,251.29,213.46,0.00,917.36,152.38,547#52.43,5.23,253.53,214.55,0.00,969.72,133.49,547#51.97,5.23,255.23,205.80,0.00,883.24,141.68,543#52.17,5.23,255.81,199.76,0.00,929.23,153.88,543#52.19,5.23,258.13,191.29,0.00,897.10,156.51,543#52.08,5.24,260.89,201.66,0.00,928.92,136.88,543#TRH#750.98,128.00,30.28,34.27,30.31,32.22,30.36,32.55!","10:30:45, 41.3706779480, 1.9959436655, 144.9488983154, 0.6938"
2025-04-23 12:31:44,,"10:30:47, 41.3706779480, 1.9959447384, 145.0800933838, 0.6753"
2025-04-23 12:31:47,"ECS#0.18,-0.21,0.16,25.00,2.18#0.28,-0.23,0.17,24.00,2.09#0.18,-0.17,0.16,23.00,2.00#0.28,-0.21,0.16,24.00,2.09#0.37,-0.19,0.16,25.00,2.18#0.18,-0.19,0.16,25.00,2.09#0.28,-0.23,0.16,24.00,2.09#0.28,-0.23,0.16,25.00,2.18#0.18,-0.21,0.16,25.00,2.09#0.28,-0.23,0.16,25.00,2.09#0.08,-0.21,0.16,25.00,2.09#0.18,-0.23,0.16,25.00,2.09#0.28,-0.23,0.16,23.00,2.18#0.28,-0.23,0.16,24.00,2.00#TRH#29.53,33.25,29.83,38.77!","10:30:49, 41.3706741333, 1.9959468842, 145.2073059082, 0.5600"
2025-04-23 12:31:50,,"10:30:51, 41.3706741333, 1.9959459305, 144.8898925781, 0.5855"
2025-04-23 12:31:51,"MXD#52.16,5.24,261.49,217.32,0.00,945.73,141.83,532#52.23,5.24,215.58,200.50,0.00,938.08,140.77,532#52.10,5.23,241.51,205.87,0.00,911.79,144.69,532#52.46,5.24,250.18,223.82,0.00,940.94,137.62,532#52.22,5.24,250.92,210.80,0.00,918.91,155.98,532#52.44,5.24,253.90,200.84,0.00,933.65,145.28,532#52.41,5.24,255.62,206.36,0.00,1003.10,141.92,530#52.27,5.23,257.16,205.03,0.00,896.18,155.50,530#52.28,5.23,256.77,200.10,0.00,966.12,155.56,530#TRH#750.98,128.00,30.31,34.33,30.33,32.28,30.36,32.63!","10:30:53, 41.3706741333, 1.9959478378, 144.2675933838, 0.6017"
2025-04-23 12:31:54,,"10:30:55, 41.3706741333, 1.9959515333, 143.7220001221, 0.5397"
2025-04-23 12:31:54,"MXA#26.73,25.20,15.20,33.40#26.55,25.14,15.20,33.27#27.44,25.23,15.20,33.00#26.97,24.98,15.13,33.30#26.94,25.05,15.16,33.22#27.54,25.34,15.15,33.13#27.37,25.30,15.21,32.96#27.09,25.26,15.24,33.26#TRH#41.47,39.31,41.53,35.72,41.75,33.33,41.39,39.31!","10:30:57, 41.3706703186, 1.9959542751, 143.4221954346, 0.5314"
2025-04-23 12:31:56,"16,24.00,2.09#0.18,-0.23,0.16,24.00,2.09#TRH#29.53,33.35,29.86,38.79!","10:30:59, 41.3706703186, 1.9959572554, 143.1165924072, 0.5248"
2025-04-23 12:31:59,,"10:30:1, 41.3706665039, 1.9959586859, 143.0677032471, 0.5130"
2025-04-23 12:32:01,"MXD#52.28,5.24,259.50,197.47,0.00,937.76,158.48,534#52.16,5.23,215.04,197.61,0.00,996.67,146.51,534#52.28,5.23,241.17,190.32,0.00,931.12,143.81,534#52.22,5.24,246.75,216.96,0.00,877.58,135.40,534#52.24,5.24,250.00,193.44,0.00,933.65,157.57,534#52.19,5.23,251.84,206.99,0.00,894.37,159.07,535#52.11,5.23,254.47,192.26,0.00,877.87,134.81,535#52.13,5.24,255.62,227.02,0.00,898.01,158.53,535#52.20,5.23,256.19,191.94,0.00,957.00,141.59,535#51.92,5.24,258.52,203.44,0.00,923.59,144.69,535#TRH#750.98,128.00,30.34,34.45,30.39,32.38,30.41,32.69!","10:31:3, 41.3706665039, 1.9959591627, 142.7599945068, 0.4890"
2025-04-23 12:32:04,"MXA#27.34,25.21,15.24,32.97#27.13,25.20,15.21,33.06#27.39,25.02,15.16,32.90#26.84,25.28,15.29,33.35#26.59,25.15,15.24,33.21#26.49,25.12,15.27,33.14#27.42,25.34,15.26,33.27#26.62,25.09,15.26,33.00#TRH#41.50,39.31,41.59,35.64,41.78,33.25,41.42,39.31!","10:31:5, 41.3706626892, 1.9959592819, 142.5675964355, 0.4918"
2025-04-23 12:32:07,"ECS#0.28,-0.21,0.16,25.00,2.27#0.28,-0.21,0.16,25.00,2.09#0.28,-0.19,0.16,24.00,2.09#0.56,-0.25,0.17,25.00,2.18#0.18,-0.19,0.16,25.00,2.18#0.28,-0.19,0.16,24.00,2.09#0.18,-0.21,0.16,24.00,2.09#0.37,-0.23,0.16,24.00,2.00#0.18,-0.23,0.16,26.00,2.09#0.37,-0.23,0.16,25.00,2.09#0.08,-0.19,0.16,24.00,2.09#0.08,-0.19,0.16,25.00,2.09#0.28,-0.19,0.17,25.00,2.18#0.28,-0.25,0.16,24.00,2.09#0.18,-0.21,0.16,24.00,2.09#TRH#29.53,33.37,29.83,38.84!","10:31:7, 41.3706665039, 1.9959595203, 142.4566955566, 0.4864"
2025-04-23 12:32:10,,"10:31:9, 41.3706665039, 1.9959588051, 142.7642059326, 0.4755"
2025-04-23 12:32:10,"5.68,539#52.09,5.23,252.78,195.15,0.00,894.06,146.51,539#52.03,5.24,254.47,192.33,0.00,1010.25,139.07,539#52.06,5.23,256.38,196.67,0.00,976.97,148.56,539#51.88,5.23,254.85,186.56,0.00,890.14,155.03,539#TRH#750.98,128.00,30.34,34.73,30.39,32.72,30.41,33.07!","10:31:11, 41.3706665039, 1.9959586859, 143.1000061035, 0.4107"
2025-04-23 12:32:13,,"10:31:13, 41.3706626892, 1.9959582090, 143.4902038574, 0.4141"
2025-04-23 12:32:14,"MXA#27.42,25.27,15.28,32.75#26.75,25.09,15.17,32.82#26.70,25.01,15.18,32.81#27.38,25.15,15.26,33.04#27.27,24.99,15.19,32.89#27.30,24.86,15.14,32.50#27.32,25.06,15.19,32.63#27.21,25.13,15.21,32.49#TRH#41.50,39.37,41.58,35.85,41.78,33.44,41.42,39.37!","10:31:15, 41.3706626892, 1.9959578514, 143.9270019531, 0.4381"
2025-04-23 12:32:16,"ECS#0.28,-0.21,0.17,24.00,2.00#0.28,-0.23,0.17,24.00,2.00#0.28,-0.25,0.17,25.00,2.09#0.18,-0.23,0.17,24.00,2.09#0.28,-0.21,0.17,26.00,2.18#0.18,-0.23,0.17,24.00,2.09#0.28,-0.19,0.18,25.00,2.09#0.18,-0.19,0.17,22.00,2.09#0.28,-0.17,0.16,24.00,2.00#0.28,-0.17,0.17,25.00,2.18#0.18,-0.19,0.17,25.00,2.09#0.28,-0.21,0.17,24.00,2.00#0.28,-0.19,0.17,26.00,2.18#0.18,-0.19,0.17,25.00,2.09#TRH#29.56,33.60,29.88,39.04!","10:31:17, 41.3706588745, 1.9959576130, 144.7964019775, 0.4309"
2025-04-23 12:32:19,,"10:31:19, 41.3706588745, 1.9959580898, 145.1992950439, 0.4308"
2025-04-23 12:32:21,"MXD#51.84,5.23,258.91,211.38,0.00,928.92,148.51,530#51.73,5.23,216.26,189.10,0.00,958.95,150.43,530#51.83,5.23,240.83,188.46,0.00,878.47,139.31,530#51.60,5.23,249.27,197.34,0.00,960.57,139.49,530#51.80,5.23,249.82,194.69,0.00,905.33,140.54,527#51.75,5.24,254.09,187.83,0.00,916.12,148.10,527#51.63,5.23,255.62,203.65,0.00,1016.09,136.23,527#51.55,5.24,257.93,203.58,0.00,914,30.41,33.05!","10:31:21, 41.3706550598, 1.9959573746, 145.5413055420, 0.4234"
2025-04-23 12:32:24,"MXA#27.28,25.07,15.23,32.41#27.15,24.89,15.14,32.21#27.15,24.85,15.16,32.19#26.68,25.09,15.24,32.46#27.19,24.85,15.16,32.14#27.20,24.80,15.15,32.08#27.25,24.94,15.13,31.94#26.57,24.98,15.31,32.45#TRH#41.52,39.23,41.59,35.66,41.80,33.23,41.45,39.23!","10:31:23, 41.3706512451, 1.9959574938, 145.6277008057, 0.4129"
2025-04-23 12:32:26,"ECS#0.28,-0.25,0.16,25.00,2.00#0.28,-0.23,0.16,25.00,2.18#0.18,-0.21,0.17,24.00,2.00#0.28,-0.25,0.17,24.00,2.00#0.47,-0.19,0.18,25.00,2.09#0.18,-0.25,0.17,25.00,2.09#0.18,-0.25,0.17,24.00,2.09#0.47,-0.23,0.18,25.00,2.09#0.37,-0.25,0.17,25.00,2.09#0.18,-0.25,0.17,24.00,2.09#0.18,-0.21,0.17,25.00,2.09#0.28,-0.21,0.17,24.00,2.09#0.28,-0.23,0.17,24.00,2.09#0.18,-0.19,0.17,24.00,2.09#TRH#29.58,33.37,29.86,38.87!","10:31:25, 41.3706512451, 1.9959558249, 145.5787963867, 0.4186"
2025-04-23 12:32:29,,"10:31:27, 41.3706550598, 1.9959554672, 145.2960052490, 0.3626"
2025-04-23 12:32:33,"MXD#51.54,5.23,260.69,209.38,0.00,918.91,132.36,534#51.47,5.23,218.20,196.47,0.00,900.44,145.67,534#51.67,5.23,242.54,197.21,0.00,927.03,123.87,534#51.61,5.23,250.55,190.13,0.00,932.38,139.54,847#51.63,5.23,253.72,207.06,0.00,857.61,136.78,847#51.52,5.23,255.04,192.26,0.00,934.60,136.64,847#51.64,5.23,256.00,187.32,0.00,899.53,136.69,847#51.78,5.23,259.31,191.94,0.00,962.85,144.69,847#51.60,5.23,259.70,186.43,0.00,909.32,148.21,847#TRH#750.98","10:31:29, 41.3706550598, 1.9959546328, 144.8981933594, 0.3569"
2025-04-23 12:32:33,"MXA#26.48,24.93,15.15,32.10#26.41,25.00,15.29,32.48#27.31,25.26,15.26,32.30#27.21,24.95,15.24,32.34#27.33,25.07,15.22,32.28#26.74,25.04,15.26,32.79#26.93,25.14,15.26,32.71#26.74,25.31,15.37,32.66#TRH#41.56,39.20,41.59,35.66,41.83,33.27,41.50,39.20!","10:31:31, 41.3706588745, 1.9959567785, 144.5489959717, 0.3406"
2025-04-23 12:32:36,"ECS#0.28,-0.21,0.17,25.00,2.09#0.18,-0.25,0.16,25.00,2.09#0.18,-0.25,0.16,24.00,2.09#0.18,-0.25,0.17,27.00,2.09#0.28,-0.23,0.17,24.00,2.18#0.18,-0.23,0.17,25.00,2.09#0.18,-0.25,0.18,26.00,2.18#0.56,-0.23,0.18,24.00,2.09#0.28,-0.23,0.17,25.00,2.09#0.28,-0.25,0.16,24.00,2.18#0.18,-0.25,0.17,25.00,2.09#0.18,-0.23,0.17,24.00,2.00#0.56,-0.23,0.18,24.00,2.09#0.47,-0.23,0.17,25.00,2.09#0.37,-0.23,0.17,24.00,2.09#TRH#29.59,33.37,29.86,38.81!","10:31:33, 41.3706588745, 1.9959560633, 144.2714996338, 0.3793"
2025-04-23 12:32:39,,"10:31:35, 41.3706588745, 1.9959435463, 144.4288940430, 0.0177"
2025-04-23 12:32:44,"MXA#27.15,25.43,15.39,32.47#26.65,25.40,15.41,32.58#26.69,25.32,15.40,32.73#27.28,25.28,15.35,32.20#27.03,25.32,15.37,32.08#26.51,25.05,15.25,31.79#26.53,24.96,15.26,31.50#26.50,24.93,15.20,31.18#26.74,25.14,15.29,30.99#TRH#41.55,39.34,41.62,35.96,41.81,33.68,41.50,39.34!","10:31:37, 41.3706588745, 1.9959431887, 144.4355926514, 0.0196"
2025-04-23 12:32:47,"ECS#0.47,-0.19,0.18,24.00,2.09#0.18,-0.21,0.17,24.00,2.00#0.28,-0.25,0.17,26.00,2.18#0.18,-0.21,0.17,26.00,2.18#0.18,-0.23,0.17,25.00,2.09#0.37,-0.25,0.17,25.00,2.00#0.28,-0.23,0.17,25.00,2.09#0.28,-0.23,0.17,24.00,2.00#0.37,-0.19,0.18,24.00,2.18#0.37,-0.21,0.17,25.00,2.09#0.37,-0.19,0.18,25.00,2.18#0.18,-0.23,0.17,25.00,2.09#0.28,-0.21,0.17,23.00,2.09#0.47,-0.21,0.18,24.00,2.00#0.47,-0.21,0.18,25.00,2.09#0.37,-0.23,0.17,26.00,2.27#TRH#29.62,33.92,29.89,39.31!","10:31:39, 41.3706588745, 1.9959433079, 144.4293975830, 0.0235"
2025-04-23 12:32:50,,"10:31:41, 41.3706588745, 1.9959433079, 144.4237976074, 0.0213"
2025-04-23 12:32:51,"MXD#51.24,5.23,259.31,183.55,0.00,806.38,127.44,856#51.17,5.23,217.78,185.61,0.00,974.98,137.80,856#51.08,5.23,239.14,193.44,0.00,851.25,152.84,856#51.18,5.23,249.27,188.27,0.00,893.46,130.89,632#51.3,5.23,258.13,182.38,0.00,866.65,139.16,630#50.88,5.23,257.55,190.58,0.00,913.02,135.45,630#TRH#750.98,128.00,30.39,34.71,30.42,32.80,30.48,33.12!","10:31:43, 41.3706588745, 1.9959433079, 144.4170074463, 0.0178"
2025-04-23 12:32:54,,"10:31:45, 41.3706588745, 1.9959429502, 144.4465942383, 0.0208"
2025-04-23 12:32:54,"MXA#26.99,25.01,15.25,30.97#26.97,25.10,15.28,31.08#26.97,25.10,15.23,31.08#26.93,24.99,15.18,30.67#26.43,24.93,15.21,31.19#26.44,25.00,15.21,31.01#26.12,24.96,15.19,30.95#26.82,25.24,15.30,31.00#TRH#41.55,39.28,41.62,35.91,41.84,33.56,41.53,39.28!","10:31:47, 41.3706588745, 1.9959436655, 144.4790039063, 0.0174"
2025-04-23 12:32:59,"ECS#0.28,-0.21,0.17,25.00,2.18#0.37,-0.23,0.18,25.00,2.27#0.18,-0.21,0.17,25.00,2.00#0.28,-0.21,0.17,25.00,2.09#0.28,-0.21,0.17,25.00,2.09#0.28,-0.23,0.18,25.00,2.09#0.18,-0.19,0.17,26.00,2.18#0.08,-0.19,0.18","10:31:49, 41.3706588745, 1.9959439039, 144.4882049561, 0.0164"
2025-04-23 12:33:00,"MXD#50.82,5.23,258.91,185.24,0.00,798.23,149.06,630#50.97,5.23,217.78,183.68,0.00,808.84,144.88,632#50.82,5.23,238.80,185.87,0.00,915.19,131.74,632#50.77,5.23,246.39,173.35,0.00,846.94,128.26,632#50.97,5.23,249.63,187.57,0.00,855.87.00,30.42,34.58,30.45,32.57,30.47,32.90!","10:31:51, 41.3706588745, 1.9959441423, 144.4524993896, 0.0181"
2025-04-23 12:33:03,,"10:31:53, 41.3706588745, 1.9959431887, 144.4886932373, 0.0189"
2025-04-23 12:33:09,"MXA#26.92,25.22,15.29,30.92#26.32,25.18,15.34,31.04#26.19,25.17,15.31,30.87#26.91,25.26,15.31,31.05#26.44,25.19,15.33,31.10#26.84,25.16,15.27,30.89#26.02,25.ECS#0.47,-0.23,0.18,25.00,2.09#0.47,-0.23,0.18,24.00,2.00#0.47,-0.21,0.18,26.00,2.18#0.18,-0.23,0.18,25.00,2.09#0.08,-0.21,0.17,25.00,2.09#0.18,-0.25,0.18,25.00,2.09#0.18,-0.21,0.17,25.00,2.09#0.08,-0.21,0.17,26.00,2.27#0.28,-0.23,0","10:31:55, 41.3706588745, 1.9959434271, 144.4644927979, 0.0159"
2025-04-23 12:33:13,"6,35.46,41.86,33.11,41.55,39.02!","10:31:57, 41.3706588745, 1.9959434271, 144.5267944336, 0.0146"
2025-04-23 12:33:16,"ECS#0.37,-0.23,0.18,24.00,2.09#0.28,-0.23,0.17,25.00,2.18#0.18,-0.25,0.17,25.00,2.09#0.28,-0.23,0.17,24.00,2.09#0.37,-0.23,0.17,25.00,2.00#0.47,-0.19,0.17,25.00,2.09#0.18,-0.25,0.17,25.00,2.09.18,-0.21,0.17,25.00,2.09#TRH#29.66,33.05,29.89,38.66!","10:31:59, 41.3706588745, 1.9959435463, 144.4158020020, 0.0227"
2025-04-23 12:33:19,,"10:31:1, 41.3706588745, 1.9959435463, 144.4830932617, 0.0149"
2025-04-23 12:33:20,"MXD#51.23,5.23,257.55,187.06,0.00,932.38,128.65,630#51.40,5.23,216.95,173.53,0.00,895.27,136.88,630#51.36,5.23,238.30,182.19,0.00,928.61,133.4472,184.93,0.00,876.39,141.44,630#51.26,5.23,249.09,177.99,0.00,821.53,142.16,630#51.29,5.23,252.59,184.11,0.00,901.05,137.94,630#51.55,5.23,253.90,197.34,0.00,895.88,137.29,628#51.29,5.23,255.04,183.24,0.00,877.87,131.03,628#TRH#750.98,128.00,30.45,34.09,30.45,32.13,30.48,32.54!","10:32:3, 41.3706588745, 1.9959434271, 144.4609069824, 0.0145"
2025-04-23 12:33:23,,"10:32:5, 41.3706588745, 1.9959434271, 144.4750061035, 0.0141"
2025-04-23 12:33:26,"MXA#26.65,25.59,15.53,31.89#27.28,25.49,15.57,32.15#27.18,25.58,15.54,31.77#26.39,25.60,15.58,32.07#27.22,25.60,15.49,31.81#27.17,25.54,15.56,31.90#27.21,25.33,15.48,31.82#27.13,25.40,15.47,31.90#TRH#41.61,39.02,41.69,35.57,41.88,338,-0.23,0.17,25.00,2.27#0.56,-0.21,0.18,25.00,2.09#0.18,-0.21,0.17,24.00,1.91#0.18,-0.21,0.17,24.00,2.18#0.28,-0.23,0.17,25.00,2.09#TRH#29.66,33.17,29.92,38.72!","10:32:7, 41.3706588745, 1.9959437847, 144.4980926514, 0.0141"
2025-04-23 12:33:29,,"10:32:9, 41.3706588745, 1.9959429502, 144.4812927246, 0.0141"
2025-04-23 12:33:30,"6.04,183.62,0.00,888.63,125.17,631#51.29,5.23,249.09,182.81,0.00,868.71,148.00,631#51.24,5.23,250.92,190.32,0.00,835.26,144.34,639#51.41,5.23,253.53,191.55,0.00,891.95,151.96,639#51.38,5.23,253.15,182.38,0.00,858.77,136.41,639#51.58,5.23,254.66,175.65,0.00,771.67,153.15,639#TRH#750.98,128.00,30.45,34.15,30.48,32.26,30.53,32.57!","10:32:11, 41.3706588745, 1.9959427118, 144.5370941162, 0.0187"
2025-04-23 12:33:33,"MXA#27.15,25.30,15.48,31.96#26.63,25.36,15.63,31.79#26.31,25.33,15.51,32.20#27.22,25.31,15.49,31.956,32.32#26.90,25.40,15.53,32.22#TRH#41.58,39.03,41.70,35.59,41.94,33.17,41.56,39.03!","10:32:13, 41.3706588745, 1.9959428310, 144.4891967773, 0.0185"
2025-04-23 12:33:36,,"10:32:15, 41.3706588745, 1.9959428310, 144.5211029053, 0.0195"
2025-04-23 12:33:40,"641#51.63,5.23,243.75,202.41,0.00,898.92,144.78,641#51.52,5.23,247.10,184.05,0.00,852.98,129.84,641#51.39,5.22,248.54,184.49,0.00,922.65,137.15,635#51.50,5.23,250.55,189.81,0.00,850.38,138.83,635#51.35,5.23,250.92,197.47,0.00,939.67,138.88,635#51.70,5.23,252.03,190.90,0.00,927.35,143.56,635#TRH#750.98,128.00,30.47,34.42,30.45,32.53,30.53,32.93!","10:32:17, 41.3706588745, 1.9959435463, 144.5202941895, 0.0182"
2025-04-23 12:33:43,,"10:32:21, 41.3706588745, 1.9959436655, 144.5225982666, 0.0191"
2025-04-23 12:33:43,"11,41.69,35.72,41.92,33.43,41.56,39.11!","10:32:23, 41.3706588745, 1.9959435463, 144.5276947021, 0.0142"
2025-04-23 12:33:46,"25.00,2.09#0.47,-0.23,0.18,25.00,2.09#0.28,-0.21,0.18,25.00,2.09#0.56,-0.23,0.18,24.00,2.09#0.37,-0.17,0.17,24.00,2.00#0.18,-0.21,0.17,26.00,2.09#0.28,-0.23,0.18,25.00,2.09#0.28,-0.19,0.18,26.00,2.18#TRH#29.70,33.64,29.92,39.07!","10:32:25, 41.3706588745, 1.9959434271, 144.5484008789, 0.0147"
2025-04-23 12:33:49,,"10:32:27, 41.3706588745, 1.9959430695, 144.5415039063, 0.0143"
2025-04-23 12:33:50,"MXD#51.48,5.23,254.85,186.50,0.00,882.04,127.11,138.93,633#51.67,5.23,234.86,186.50,0.00,923.90,141.44,633#51.54,5.23,242.19,197.34,0.00,962.85,143.22,633#51.25,5.23,243.58,180.17,0.00,865.19,137.85,633#51.47,5.23,246.39,199.35,0.00,861.68,130.72,633#51.38,5.23,248.91,183.43,0.00,834.13,144.00,633#51.18,5.23,249.82,186.37,0.00,913.95,142.98,633#51.29,5.23,250.18,187.70,0.00,850.10,125.64,633#51.48,5.23,252.22,187.83,0.00,882.04,144.78,633#TRH#750.98,128.00,30.50,34.62,30.52,32.75,30.53,33.22!","10:32:29, 41.3706588745, 1.9959440231, 144.5135955811, 0.0141"
2025-04-23 12:33:53,,"10:32:31, 41.3706588745, 1.9959442616, 144.5209960938, 0.0212"
2025-04-23 12:33:55,"ECS#0.37,-0.21,0.18,25.00,2.09#0.28,-0.21,0.17,24.00,2.09#0.28,-0.19,0.17,25.00,2.18#0.37,-0.21,0.18,24.00,2.09#0.18,-0.23,0.17,25.00,2.18#0.28,-0.17,0.18,25.00,2.09#0.28,-0.19,0.17,25.00,2.09#0.18,-0.19,0.17,25.00,2.18#0.28,-0.25,0.17,24.00,2.00#0.08,-0.21,0.17,26.00,2.18#0.18,-0.23,0.17,24.00,2.09#0.47,-0.23,0.18,25.00,2.09#0.47,-0.21,0.18,24.00,2.09#0.28,-0.19,0.17,25.00,2.09#TRH#29.70,33.83,29.95,39.28!","10:32:33, 41.3706588745, 1.9959431887, 144.6047973633, 0.0152"
2025-04-23 12:33:58,,"10:32:35, 41.3706588745, 1.9959434271, 144.5005035400, 0.0184"
2025-04-23 12:33:59,"MXD#51.24,5.23,251.84,193.31,0.00,954.09,137.25,628#51.30,5.23,211.70,212.24,0.00,834.98,135.03,628#51.16,5.23,233.42,186.75,0.00,857.32,135.40,628#50.95,5.23,241.68,191.49,0.00,867.83,130.19,628#50.95,5.23,242.88,200.71,0.00,923.59,141.01,630#50.78,5.22,245.33,195.22,0.00,872.54,138.27,630#50.92,5.23,246.57,194.09,0.00,943.18,139.07,630#51.00,5.23,248.91,189.29,0.00,870.48,141.54,630#50.83,5.23,249.45,191.35,0.00,891.65,142.69,630#TRH#750.98,128.00,30.50,34.54,30.53,32.70,30.55,33.00!","10:32:37, 41.3706588745, 1.9959443808, 144.4846954346, 0.0156"
2025-04-23 12:34:02,,"10:32:39, 41.3706588745, 1.9959443808, 144.4848937988, 0.0167"
2025-04-23 12:34:02,!,"10:32:41, 41.3706588745, 1.9959439039, 144.5157928467, 0.0151"
2025-04-23 12:34:05,"ECS#0.18,-0.19,0.17,24.00,2.18#0.18,-0.21,0.18,25.00,2.18#0.18,-0.23,0.17,25.00,2.09#0.18,-0.23,0.17,26.00,2.27#0.18,-0.17,0.18,25.00,2.09#0.37,-0.23,0.18,24.00,2.18#0.37,-0.23,0.18,26.00,2.18#0.37,-0.25,0.17,25.00,2.00#0.37,-0.23,0.17,25.00,2.09#0.18,-0.21,0.17,24.00,2.00#0.28,-0.17,0.18,25.00,2.09#0.18,-0.23,0.17,25.00,2.18#0.18,-0.21,0.17,25.00,2.09#0.47,-0.25,0.18,25.00,2.27#0.18,-0.27,0.17,24.00,2.09#TRH#29.72,33.39,29.95,38.97!","10:32:43, 41.3706588745, 1.9959437847, 144.4920043945, 0.0141"
2025-04-23 12:34:08,,"10:32:45, 41.3706588745, 1.9959437847, 144.5019073486, 0.0142"
2025-04-23 12:34:10,"36,135.63,630#50.81,5.23,241.68,185.43,0.00,939.67,141.59,630#50.95,5.22,243.75,190.19,0.00,860.23,136.88,609#51.01,5.23,245.68,207.69,0.00,853.84,126.62,609#50.88,5.23,248.18,195.15,0.00,929.86,139.54,609#50.71,5.23,250.55,191.29,0.00,941.58,139.07,609#50.69,5.23,252.78,185.05,0.00,818.47,125.77,609#50.98,5.23,253.90,194.49,0.00,858.77,135.72,609#TRH#750.98,128.00,30.50,34.33,30.56,32.46,30.55,32.85!","10:32:47, 41.3706588745, 1.9959447384, 144.4815063477, 0.0141"
2025-04-23 12:34:13,,"10:32:49, 41.3706588745, 1.9959447384, 144.4801940918, 0.0141"
2025-04-23 12:34:13,"MXA#27.17,25.55,15.64,30.78#27.05,25.60,15.71,30.91#26.81,25.55,15.70,31.15#26.18,25.32,15.62,31.01#26.52,25.65,15.72,31.51#26.22,25.54,15.70,31.37#26.40,25.39,15.73,31.47#27.00,25.28,15.58,31.21#27.13,25.33,15.57,31.11#TRH#41.66,38.97,41.73,35.66,41.95,33.38,41.61,38.97!","10:32:51, 41.3706588745, 1.9959433079, 144.5202941895, 0.0157"
2025-04-23 12:34:16,"ECS#0.28,-0.27,0.17,26.00,2.27#0.18,-0.21,0.17,24.00,2.09#0.28,-0.23,0.18,24.00,2.09#0.28,-0.21,0.17,24.00,2.09#0.18,-0.19,0.17,24.00,2.00#0.47,-0.27,0.18,24.00,2.09#0.18,-0.23,0.17,25.00,2.09#0.28,-0.21,0.17,25.00,2.00#0.47,-0.19,0.18,25.00,2.18#0.56,-0.25,0.18,24.00,2.09#0.28,-0.23,0.18,25.00,2.09#0.47,-0.21,0.18,24.00,2.00#0.56,-0.21,0.18,24.00,2.00#0.28,-0.17,0.18,25.00,2.09#0.47,-0.21,0.18,24.00,2.09#0.18,-0.17,0.17,25.00,2.09#TRH#29.72,33.41,29.95,38.97!","10:32:53, 41.3706588745, 1.9959441423, 144.5204010010, 0.0178"
2025-04-23 12:34:19,,"10:32:55, 41.3706588745, 1.9959433079, 144.5233001709, 0.0192"
2025-04-23 12:34:23,"MXD#50.89,5.23,255.43,195.54,0.00,844.93,134.40,608#50.79,5.23,213.02,181.82,0.00,951.51,128.78,608#50.51,5.23,234.70,196.14,0.00,850.96,130.72,608#50.71,5.23,244.10,186.69,0.00,856.45,149.01,610#50.85,5.23,245.15,190.13,0.00,844.08,128.22,610#50.74,5.23,246.39,191.74,0.00,890.44,135.81,610#50.81,5.23,250.00,188.97,0.00,933.65,126.80,610#50.63,5.23,250.37,201.32,0.00,851.25,130.32,610#50.71,5.23,251.47,181.33,0.00,924.84,139.97,610#50.65,5.23,251.47,187.51,0.00,911.17,137.94,615#TRH#750.98,1","10:32:57, 41.3706588745, 1.9959430695, 144.5061035156, 0.0180"
2025-04-23 12:34:23,"MXA#26.76,25.55,15.72,31.30#26.45,25.43,15.69,31.39#26.03,25.36,15.67,31.24#26.78,25.54,15.68,31.09#26.39,25.33,15.58,30.95#26.28,25.33,15.64,30.96#26.32,25.26,15.60,31.06#26.36,25.26,15.64,31.07#TRH#41.69,38.97,41.75,35.59,41.97,33.27,41.61,38.97!","10:32:59, 41.3706588745, 1.9959434271, 144.5005950928, 0.0202"
2025-04-23 12:34:26,".18,25.00,2.18#0.28,-0.21,0.17,24.00,2.09#0.47,-0.21,0.18,25.00,2.09#0.37,-0.23,0.18,24.00,2.09#0.18,-0.21,0.18,24.00,2.09#0.28,-0.21,0.17,24.00,2.09#TRH#29.73,33.29,29.97,38.90!","10:32:1, 41.3706588745, 1.9959424734, 144.5310058594, 0.0178"
2025-04-23 12:34:29,,"10:33:3, 41.3706588745, 1.9959427118, 144.5016021729, 0.0210"
2025-04-23 12:34:29,"MXD#50.96,5.23,256.00,199.83,0.00,928.92,125.01,615#50.71,5.23,214.49,177.08,0.00,837.25,133.99,615#50.74,5.23,236.65,199.22,0.00,964.15,126.88,609#51.10,5.23,244.10,185.11,0.00,898.01,127.70,609#50.75,5.23,246.93,185.93,0.00,827.67,134.99,609#51.00,5.23,248.54,190.00,0.00,957.65,134.49,609#50.81,5.23,249.63,189.81,0.00,855.00,136.27,609#50.87,5.23,250.73,184.61,0.00,880.55,145.37,609#50.88,5.23,252.59,188.40,0.00,841.22,125.90,604#TRH#750.98,128.00,30.52,34.23,30.55,32.40,30.56,32.77!","10:33:5, 41.3706588745, 1.9959425926, 144.4714050293, 0.0173"
2025-04-23 12:34:32,,"10:33:7, 41.3706588745, 1.9959424734, 144.5110931396, 0.0165"
2025-04-23 12:34:33,"MXA#26.25,25.31,15.59,31.20#26.80,25.52,15.59,31.09#26.82,25.49,15.71,31.30#26.09,25.27,15.55,31.23#26.50,25.41,15.71,31.72#26.39,25.41,15.70,31.47#26.33,25.15,15.67,31.67#26.56,25.00,15.62,31.78#TRH#41.67,38.97,41.75,35.66,41.98,33.37,41.64,38.97!","10:33:9, 41.3706588745, 1.9959424734, 144.5308074951, 0.0179"
2025-04-23 12:34:35,"ECS#0.37,-0.23,0.18,24.00,2.09#0.37,-0.25,0.17,26.00,2.18#0.37,-0.25,0.17,25.00,2.09#0.47,-0.21,0.18,24.00,2.00#0.37,-0.23,0.18,25.00,2.09#0.47,-0.23,0.18,24.00,2.09#0.37,-0.21,0.17,25.00,2.09#0.37,-0.23,0.17,24.00,2.09#0.28,-0.23,0.18,22.00,2.18#0.37,-0.21,0.18,25.00,2.00#0.37,-0.17,0.18,25.00,2.09#0.47,-0.21,0.18,25.00,2.18#0.18,-0.23,0.18,24.00,2.09#0.28,-0.27,0.17,24.00,2.00#TRH#29.77,33.47,29.94,39.01!","10:33:11, 41.3706588745, 1.9959424734, 144.5106048584, 0.0171"
2025-04-23 12:34:38,,"10:33:13, 41.3706588745, 1.9959422350, 144.4687042236, 0.0164"
2025-04-23 12:34:43,"MXD#50.98,5.23,254.09,187.76,0.00,828.51,137.62,604#51.00,5.23,213.42,186.37,0.00,811.85,127.83,604#51.03,5.23,235.67,184.74,0.00,880.55,138.37,604#51.05,5.23,244.27,204.00,0.00,817.09,145.03,600#51.23,5.23,244.98,183.06,0.00,851.82,137.29,600#50.95,5.23,247.82,196.08,0.00,866.36,147.96,600#51.16,5.23,248.91,185.43,0.00,825.43,147.66,600#51.13,5.23,251.47,182.07,0.00,819.58,136.32,600#51.08,5.23,252.03,191.,15.65,31.93#26.59,24.93,15.60,31.91#27.07,24.90,15.64,31.91#26.42,24.83,15.67,32.06#26.55,24.89,15.64,32.06#27.02,24.99,15.72,32.07#26.99,25.08,15.75,32.17#26.29,24.87,15.63,31.81#TRH#41.72,38.99,41.77,35.64,42.00,33.44,41.64,38.99!","10:33:15, 41.3706588745, 1.9959429502, 144.4981994629, 0.0167"
2025-04-23 12:34:45,"ECS#0.28,-0.21,0.18,24.00,2.09#0.08,-0.23,0.18,25.00,2.09#0.18,-0.21,0.17,24.00,2.09#0.28,-0.21,0.18,24.00,2.09#0.37,-0.25,0.18,25.00,2.09#0.28,-0.27,0.18,25.00,2.09#0.47,-0.23,0.18,25.00,2.09#0.28,-0.21,0.18,25.00,2.18#0.47,-0.19,0.18,24.00,2.09#0.28,-0.21,0.18,26.00,2.18#0.28,-0.25,0.18,25.00,2.09#0.47,-0.23,0.18,24.00,2.09#0.28,-0.21,0.18,25.00,2.18#0.37,-0.23,0.18,26.00,2.18#TRH#29.77,33.51,29.95,39.07!","10:33:19, 41.3706588745, 1.9959434271, 144.5036926270, 0.0171"
2025-04-23 12:34:48,,"10:33:21, 41.3706588745, 1.9959437847, 144.5216979980, 0.0178"
2025-04-23 12:34:49,"MXD#51.36,5.23,252.78,190.13,0.00,872.25,133.49,551#51.27,5.22,213.29,187.44,0.00,824.87,137.15,549#51.20,5.23,234.38,183.68,0.00,829.63,139.49,549#51.27,5.23,242.19,199.09,0.00,889.54,130.45,549#51.39,5.22,244.62,190.00,0.00,899.53,124.37,549#51.17,5.23,245.86,190.26,0.00,943.81,142.69,549#51.30,5.22,247.28,189.29,0.00,905.02,139.07,549#51.40,5.23,249.09,186.24,0.00,885.33,142.55,556#51.45,5.22,251.66,190.90,0.00,874.61,136.69,556#TRH#750.98,128.00,30.52,34.20,30.58,32.29,30.61,32.70!","10:33:23, 41.3706588745, 1.9959435463, 144.5102996826, 0.0150"
2025-04-23 12:34:52,,"10:33:25, 41.3706588745, 1.9959433079, 144.5097045898, 0.0154"
2025-04-23 12:34:55,"ECS#0.28,-0.21,0.18,25.00,2.09#0.18,-0.21,0.18,24.00,2.09#0.37,-0.23,0.18,25.00,2.09#0.28,-0.25,0.18,26.00,2.18#0.08,-0.21,0.17,24.00,2.00#0.18,-0.21,0.18,24.00,2.09#0.28,-0.21,0.17,25.00,2.09#0.66,-0.14,0.18,24.00,2.18#0.18,-0.25,0.17,24.00,2.18#0.28,-0.23,0.17,25.00,2.18#0.28,-0.21,0.17,24.00,2.18#0.37,-0.19,0.18,24.00,2.09#0.37,-0.23,0.18,25.00,2.18#-0.01,-0.23,0.18,25.00,2.09#0.28,-0.21,0.18,26.00,2.18#TRH#29.80,33.36,30.00,38.90!","10:33:27, 41.3706588745, 1.9959433079, 144.5332946777, 0.0177"
2025-04-23 12:34:58,,"10:33:29, 41.3706588745, 1.9959428310, 144.5021057129, 0.0177"
2025-04-23 12:35:02,"MXA#26.32,24.96,15.74,32.10#26.41,24.98,15.74,32.09#26.32,25.26,15.85,32.56#27.02,25.26,15.82,32.12#26.82,25.37,15.85,32.16#26.80,25.33,15.87,32.46#26.28,25.23,15.84,32.42#26.89,25.45,15.85,32.30#TRH#41.70,38.97,41.81,35.79,42.00,33.58,41.66,38.97!","10:33:31, 41.3706588745, 1.9959427118, 144.5363006592, 0.0164"
2025-04-23 12:35:05,"ECS#0.37,-0.21,0.17,24.00,2.00#0.47,-0.23,0.18,24.00,2.09#0.28,-0.21,0.17,24.00,2.09#0.28,-0.21,0.17,26.00,2.18#0.28,-0.21,0.18,24.00,2.09#0.18,-0.23,0.17,25.00,2.09#0.37,-0.19,0.18,24.00,2.09#0.37,-0.21,0.18,24.00,2.00#0.28,-0.19,0.18,24.00,2.09#0.08,-0.21,0.18,24.00,2.09#0.18,-0.21,0.18,26.00,2.18#0.28,-0.25,0.18,24.00,2.09#0.18,-0.25,0.17,26.00,2.18#0.18,-0.23,0.17,25.00,2.09#TRH#29.80,33.88,29.98,39.29!","10:33:35, 41.3706588745, 1.9959429502, 144.5858001709, 0.0175"
2025-04-23 12:35:08,,"10:33:37, 41.3706588745, 1.9959433079, 144.5937957764, 0.0305"
2025-04-23 12:35:09,"MXD#51.64,5.22,253.34,179.92,0.00,844.93,137.94,550#51.65,5.23,211.31,193.96,0.00,857.32,139.02,550#51.56,5.23,233.42,187.95,0.00,860.52,140.39,550#51.32,5.22,242.37,180.96,0.00,814.61,128.52,550#51.58,5.23,2432,525#TRH#750.98,128.00,30.55,34.90,30.61,33.14,30.64,33.56!","10:33:39, 41.3706588745, 1.9959431887, 144.5704956055, 0.0157"
2025-04-23 12:35:12,,"10:33:41, 41.3706588745, 1.9959435463, 144.5975952148, 0.0177"
2025-04-23 12:35:12,"MXA#27.08,25.43,15.87,32.41#27.16,25.38,15.89,32.44#27.04,25.36,15.77,32.20#26.38,25.13,15.75,32.30#26.32,25.17,15.79,32.15#26.36,25.15,15.80,32.23#26.36,25.40,15.94,32.60#26.58,25.25,15.76,32.28#TRH#41.75,39.02,41.81,35.89,42.00,33.65,41.69,39.02!","10:33:43, 41.3706588745, 1.9959439039, 144.6275939941, 0.0159"
2025-04-23 12:35:18,"ECS#0.37,-0.17,0.18,24.00,2.09#0.47,-0.19,0.17,24.00,2.00#0.28,-0.25,0.17,25.00,2.18#0.28,-0.25,0.17,25.00,2.09#0.37,-0.23,0.18,24.00,2.00#0.37,-0.23,0.17,25.00,2.18#0.37,-0.25,0.18,25.00,2.00#0.37,-0.21,0.18,27.00,2.18#0.47,-0.25,0.18,25.00,2.09#0.3","10:33:45, 41.3706588745, 1.9959439039, 144.6239929199, 0.0214"
2025-04-23 12:35:19,"MXD#51.71,5.22,250.92,184.61,0.00,947.01,143.37,525#51.61,5.23,209.75,197.94,0.00,877.87,146.66,525#51.69,5.22,232.30,191.16,0.00,901.05,150.28,525#51.38,5.23,239.31,205.45,0.00,939.99,129.09,525#51.43,5.22,241.00,191.10,0.00,914.26,143.56,525#51.43,00,887.13,150.18,524#TRH#750.98,128.00,30.55,34.94,30.59,33.20,30.62,33.62!","10:33:47, 41.3706588745, 1.9959435463, 144.5782928467, 0.0238"
2025-04-23 12:35:22,,"10:33:49, 41.3706588745, 1.9959437847, 144.5442047119, 0.0171"
2025-04-23 12:35:23,"MXA#27.10,25.12,15.77,32.24#26.50,25.17,15.88,32.76#26.59,25.21,15.80,32.60#26.16,25.10,15.80,32.41#26.49,25.21,15.79,32.20#27.17,25.34,15.90,32.64#27.04,25.29,15.94,32.52#26.63,25.05,15.79,32.64#27.09,25.21,15.94,32.58#TRH#41.77,39.04,41.78,35.99,42.05,33.79,41.67,39.04!","10:33:53, 41.3706588745, 1.9959434271, 144.5823974609, 0.0155"
2025-04-23 12:35:26,"ECS#0.18,-0.21,0.18,25.00,2.09#0.28,-0.25,0.17,24.00,2.00#0.37,-0.23,0.17,24.00,2.09#0.28,-0.21,0.18,25.00,2.00#0.28,-0.23,0.17,24.00,2.18#0.28,-0.21,0.18,25.00,2.09#0.47,-0.23,0.18,25.00,2.09#0.28,-0.21,0.18,26.00,2.18#0.28,-0.25,0.18,25.00,2.09#0.2ACK Sampler OFF","10:33:55, 41.3706588745, 1.9959436655, 144.6844024658, 0.0226"
2025-04-23 12:35:29,,"10:33:57, 41.3706588745, 1.9959424734, 144.6051940918, 0.0241"
2025-04-23 12:35:30,"139.87,525#51.67,5.22,248.72,192.39,0.00,914.26,143.95,525#TRH#750.98,128.00,30.58,34.63,30.61,32.82,30.67,33.17!","10:33:59, 41.3706588745, 1.9959431887, 144.6044006348, 0.0274"
2025-04-23 12:35:33,,"10:33:1, 41.3706588745, 1.9959437847, 144.5877075195, 0.0282"
2025-04-23 12:35:33,"MXA#27.06,25.19,15.93,32.16#26.77,25.16,15.94,32.45#26.40,25.06,15.87,32.40#26.58,25.02,15.83,32.69#26.55,25.10,15.84,32.54#27.12,25.31,15.95,32.65#27.11,25.41,15.95,32.67#27.15,25.46,15.92,32.35#TRH#41.77,38.84,41.81,35.65,42.05,33.43,41.72,38.84!","10:34:3, 41.3706588745, 1.9959442616, 144.6143951416, 0.0195"
2025-04-23 12:35:35,"ECS#0.28,-0.23,0.18,24.00,2.09#0.28,-0.21,0.18,25.00,2.09#0.28,-0.21,0.18,24.00,2.00#0.47,-0.23,0.18,25.00,2.09#0.47,-0.19,0.18,25.00,2.09#0.47,-0.17,0.19,25.00,2.18#0.18,-0.21,0.18,24.00,2.09#0.37,-0.25,0.18,25.00,2.09#0.28,-0.19,0.17,24.00,2.09#0.37,-0.23,0.18,24.00,2.00#0.37,-0.23,0.18,24.00,2.09#0.37,-0.21,0.18,26.00,2.18#0.56,-0.23,0.18,25.00,2.09#0.18,-0.19,0.18,26.00,2.18#TRH#29.86,33.62,30.00,39.27!","10:34:5, 41.3706588745, 1.9959439039, 144.5854034424, 0.0166"
2025-04-23 12:35:38,,"10:34:7, 41.3706588745, 1.9959441423, 144.5778961182, 0.0145"
2025-04-23 12:35:40,"MXD#51.80,5.22,251.66,195.68,0.00,905.33,149.52,531#51.64,5.22,211.44,182.38,0.00,846.94,131.25,531#51.63,5.22,233.42,190.00,0.00,881.15,148.00,531#51.93,5.22,242.02,192.53,0.00,852.40,137.80,531#51.64,5.22,244.62,201.05,0.00,865.19,127.79,537#51.87,5.22,246.04,192.78,0.00,864.31,142.79,537#51.89,5.22,247.46,194.16,0.00,894.67,145.28,537#51.75,5.22,250.18,201.59,0.00,933.02,143.52,537#51.88,5.22,250.37,188.40,0.00,869.59,132.77,537#51.93,5.22,252.40,188.85,0.00,839.23,134.67,537#TRH#750.98,128.00,30.59,34.55,30.62,32.82,30.62,33.19!","10:34:9, 41.3706588745, 1.9959443808, 144.5550994873, 0.0253"
2025-04-23 12:35:43,,"10:34:11, 41.3706588745, 1.9959447384, 144.5843963623, 0.0287"
2025-04-23 12:35:43,",41.84,35.71,42.05,33.43,41.72,38.86!","10:34:13, 41.3706588745, 1.9959448576, 144.5637054443, 0.0326"
2025-04-23 12:35:46,"ECS#0.47,-0.23,0.18,25.00,2.18#0.28,-0.27,0.18,24.00,2.09#0.28,-0.23,0.18,25.00,2.09#0.08,-0.25,0.18,26.00,2.09#0.28,-0.21,0.18,25.00,2.09#0.28,9#0.47,-0.21,0.18,25.00,2.09#0.18,-0.21,0.18,24.00,2.09#0.28,-0.21,0.18,25.00,2.09#0.28,-0.21,0.18,25.00,2.18#0.28,-0.23,0.18,24.00,2.00#0.37,-0.19,0.18,25.00,2.09#0.28,-0.21,0.18,24.00,2.09#0.28,-0.21,0.18,25.00,2.09#TRH#29.86,33.73,30.03,39.25!","10:34:15, 41.3706588745, 1.9959436655, 144.5491027832, 0.0407"
2025-04-23 12:35:49,,"10:34:17, 41.3706588745, 1.9959437847, 144.5910034180, 0.0260"
2025-04-23 12:35:50,"MXD#51.67,5.22,252.78,187.64,0.00,869.00,127.74,538#51.92,5.22,210.79,192.92,0.00,868.71,130.45,538#51.99,5.22,233.26,192.78,0.00,825.43,134.17,538#51.72,5.22,243.06,186.88,0.00,928.61,138.46,536#51.91,5.22,245.15,209.45,0.00,836.40,138.18,536#51.83,5.22,246.75,190.06,0.00,891.35,140.68,536#51.69,5.22,248.72,205.38,0.00,823.75,131.12,536#51.69,5.22,250.55,192.26,0.00,877.58,138.32,536#51.80,5.22,251.10,202.62,0.00,896.79,139.07,536#51.93,5.21,252.96,187.95,0.00,834.98,127.61,536#TRH#750.98,128.00,30.58,34.42,30.62,32.71,30.64,33.05!","10:34:19, 41.3706588745, 1.9959445000, 144.5756072998, 0.0194"
2025-04-23 12:35:53,,"10:34:21, 41.3706588745, 1.9959435463, 144.5646057129, 0.0171"
2025-04-23 12:35:53,".29,41.72,38.80!","10:34:23, 41.3706588745, 1.9959437847, 144.5218048096, 0.0201"
2025-04-23 12:35:56,"25.00,2.18#0.47,-0.23,0.18,25.00,2.09#0.28,-0.21,0.18,24.00,2.09#0.37,-0.25,0.18,25.00,2.09#0.18,-0.25,0.18,25.00,2.09#0.37,-0.23,0.18,25.00,2.09#0.37,-0.23,0.18,25.00,2.09#TRH#29.88,33.46,30.03,39.06!","10:34:25, 41.3706588745, 1.9959441423, 144.5160064697, 0.0205"
2025-04-23 12:35:59,,"10:34:27, 41.3706588745, 1.9959437847, 144.5980072021, 0.0224"
2025-04-23 12:36:00,".52,536#TRH#750.98,128.00,30.61,34.52,30.62,32.75,30.67,33.15!","10:34:29, 41.3706588745, 1.9959442616, 144.5832061768, 0.0205"
2025-04-23 12:36:03,,"10:34:31, 41.3706588745, 1.9959445000, 144.5514068604, 0.0201"
2025-04-23 12:36:03,".49,41.75,38.82!","10:34:33, 41.3706588745, 1.9959439039, 144.6224975586, 0.0236"
2025-04-23 12:36:06,"ECS#0.47,-0.21,0.18,24.00,2.09#0.56,-0.19,0.19,24.00,2.09#0.56,-0.19,0.19,24.00,2.00#0.37,-0.21,0.18,26.00,2.18#0.47,-0.21,00.18,25.00,2.09#0.28,-0.23,0.18,25.00,2.09#0.28,-0.27,0.17,25.00,2.09#0.18,-0.21,0.17,25.00,2.09#0.18,-0.25,0.18,25.00,2.09#0.18,-0.27,0.18,25.00,2.18#0.37,-0.23,0.18,25.00,2.18#0.28,-0.19,0.18,25.00,2.09#0.28,-0.23,0.17,24.00,2.09#TRH#29.86,33.60,30.06,39.27!","10:34:35, 41.3706588745, 1.9959445000, 144.6705017090, 0.0293"
2025-04-23 12:36:09,,"10:34:37, 41.3706588745, 1.9959445000, 144.6134033203, 0.0208"
2025-04-23 12:36:10,"MXD#51.79,5.22,252.59,191.68,0.00,947.01,128.74,536#51.82,5.21,211.18,193.90,0.00,938.08,143.95,536#51.72,5.22,233.74,200.71,0.00,909.63,139.92,541#51.76,5.21,241.51,203.79,0.00,917.98,138.65,541#51.58,5.22,244.10,193.96,0.00,883.54,142.79,541#51.72,5.22,245.86,192.39,0.00,941.26,145.57,541#51.94,5.22,247.10,197.81,0.00,909.32,146.41,541#51.85,5.22,250.37,195.22,0.00,858.77,148.06,541#51.71,5.22,251.66,197.47,0.00,856.45,136.92,540#51.87,5.21,251.66,191.87,0.00,891.65,147.41,540#TRH#750.98,128.00,30.61,34.44,30.66,32.75,30.66,33.19!","10:34:39, 41.3706588745, 1.9959452152, 144.7207031250, 0.0200"
2025-04-23 12:36:13,"MXA#27.40,25.86,16.22,32.77#27.39,25.90,16.25,32.91#27.27,25.83,16.26,32.97#26.63,25.91,16.31,32.83#27.45,25.89,16.21,32.49#27.33,25.84,16.28,32.57#27.30,25.81,16.26,32.51#27.09,25.81,16.27,32.83#TRH#41.83,38.78,41.89,35.71,42.08,33.55,41.73,38.78!","10:34:41, 41.3706588745, 1.9959448576, 144.6549987793, 0.0164"
2025-04-23 12:36:15,"ECS#0.28,-0.25,0.17,24.00,2.00#0.37,-0.23,0.18,25.00,2.18#0.56,-0.23,0.18,25.00,2.09#0.47,-0.14,0.19,25.00,2.09#0.18,-0.17,0.17,25.00,2.09#0.37,-0.27,0.18,25.00,2.09#0.18,-0.23,0.18,24.00,2.09#0.18,-0.21,0.18,24.00,2.09#0.28,-0.23,0.18,25.00,2.09#0.18,-0.19,0.18,24.00,2.00#0.18,-0.19,0.18,25.00,2.09#0.37,-0.19,0.18,25.00,2.18#0.37,-0.19,0.18,25.00,2.09#0.18,-0.21,0.18,25.00,2.18#TRH#29.89,33.70,30.08,39.33!","10:34:43, 41.3706588745, 1.9959448576, 144.6555938721, 0.0141"
2025-04-23 12:36:18,,"10:34:45, 41.3706588745, 1.9959455729, 144.7203063965, 0.0170"
2025-04-23 12:36:19,"MXD#52.00,5.22,252.40,186.81,0.00,871.65,145.37,540#51.99,5.22,211.18,190.32,0.00,858.48,144.78,537#51.94,5.22,232.78,202.00,0.00,915.19,152.22,537#51.88,5.22,241.68,193.31,0.00,903.19,158.26,537#51.71,5.22,243.75,195.41,0.00,886.83,135.95,537#51.93,5.22,244.27,192.33,0.00,892.25,148.81,537#51.84,5.22,248.36,196.41,0.00,874.02,140.82,537#51.81,5.22,249.82,187.13,0.00,850.10,132.59,542#52.00,5.21,249.82,189.81,0.00,920.47,146.41,542#TRH#750.98,128.00,30.64,34.60,30.66,32.97,30.69,33.37!","10:34:47, 41.3706588745, 1.9959443808, 144.6130981445, 0.0164"
2025-04-23 12:36:22,,"10:34:49, 41.3706588745, 1.9959441423, 144.6351013184, 0.0150"
2025-04-23 12:36:25,"ECS#0.28,-0.23,0.18,25.00,2.09#0.18,-0.21,0.18,27.00,2.18#0.18,-0.21,0.18,25.00,2.09#0.18,-0.19,0.18,24.00,2.09#0.47,-0.17,0.18,24.00,2.00#0.28,-0.14,0.18,24.00,2.09#0.37,-0.21,0.18,24.00,2.09#0.28,-0.21,0.18,25.00,2.09#0.08,-0.23,0.18,25.00,2.00#0.28,-0.17,0.18,25.00,2.00#0.47,-0.23,0.19,25.00,2.18#0.37,-0.19,0.18,26.00,2.18#0.47,-0.23,0.19,24.00,2.09#0.37,-0.21,0.18,24.00,2.09#TRH#29.89,34.08,30.08,39.58!","10:34:51, 41.3706588745, 1.9959442616, 144.6389007568, 0.0141"
2025-04-23 12:36:28,,"10:34:53, 41.3706588745, 1.9959443808, 144.6410980225, 0.0141"
2025-04-23 12:36:29,"MXD#51.81,5.22,253.53,192.46,0.00,935.55,136.60,542#51.97,5.22,209.11,198.14,0.00,914.88,147.01,542#51.65,5.22,232.78,183.99,0.00,865.19,151.45,548#51.88,5.22,240.32,191.94,0.00,928.61,138.69,548#52.06,5.22,240.15,197.27,0.00,920.78,139.02,548#51.83,5.22,244.27,188.46,0.00,889.84,143.61,548#51.73,5.22,246.04,196.61,0.00,945.41,136.50,548#51.86,5.22,248.18,197.94,0.00,964.48,141.92,550#51.87,5.21,248.18,204.27,0.00,868.71,127.18,550#TRH#750.98,128.00,30.62,34.85,30.66,33.24,30.70,33.69!","10:34:55, 41.3706588745, 1.9959439039, 144.6584014893, 0.0141"
2025-04-23 12:36:32,,"10:34:57, 41.3706588745, 1.9959440231, 144.6940002441, 0.0142"
2025-04-23 12:36:32,"MXA#26.79,25.64,16.29,32.50#26.71,25.55,16.22,32.63#26.76,25.62,16.22,32.49#27.36,25.73,16.28,32.43#27.27,25.77,16.25.49,16.30,32.56#TRH#41.83,38.78,41.92,35.90,42.11,33.74,41.78,38.78!","10:34:59, 41.3706588745, 1.9959441423, 144.6846923828, 0.0155"
2025-04-23 12:36:35,"ECS#0.18,-0.21,0.18,26.00,2.09#0.28,-0.21,0.18,25.00,2.09#0.37,-0.17,0.18,24.00,2.09#0.37,-0.17,0.18,25.00,2.18#0.37,-0.17,0.18,24.00,2.09#0.56,-0.21,0.19,24.00,2.09#0.37,-0.21,0.18,24.00,2.09#0.08,-0.19,0.17,26.00,2.18#0.37,-0.21,0.18,25.00,2.09#0.37,-0.25,0.18,25.00,2.09#0.18,-0.21,0.18,25.00,2.09#0.47,-0.23,0.18,24.00,2.09#0.37,-0.14,0.18,24.00,2.09#0.18,-0.21,0.18,26.00,2.18#0.28,-0.21,0.18,25.00,2.09#TRH#29.91,34.07,30.09,39.61!","10:35:3, 41.3706588745, 1.9959442616, 144.5997924805, 0.0141"
2025-04-23 12:36:38,,"10:35:5, 41.3706588745, 1.9959441423, 144.6596069336, 0.0145"
2025-04-23 12:36:39,"MXD#51.72,5.21,249.82,204.69,0.00,999.37,153.15,550#52.03,5.21,206.58,187.89,0.00,871.65,146.31,547#51.69,5.21,230.27,201.53,0.00,858.48,135.68,547#51.79,5.22,239.31,188.02,0.00,857.32,154.98,547#51.68,5.22,240.66,189.17,0.00,931.12,131.83,547#51.85,5.22,242.71,197.01,0.00,899.22,141.68,547#51.90,5.21,244.98,206.64,0.00,894.06,145.18,547#52.03,5.21,246.57,187.76,0.00,916.43,143.37,542#51.64,5.22,248.91,222.99,0.00,894.37,134.99,542#51.64,5.22,245.50,196.94,0.00,910.86,152.07,542#TRH#750.98,128.00,30.64,34.76,30.66,33.20,30.70,33.65!","10:35:7, 41.3706588745, 1.9959441423, 144.6510009766, 0.0145"
2025-04-23 12:36:42,,"10:35:9, 41.3706588745, 1.9959441423, 144.6753997803, 0.0141"
2025-04-23 12:36:42,"MXA#26.27,25.47,16.24,32.54#26.35,25.54,16.28,32.45#26.69,25.58,16.33,32.53#26.45,25.54,16.25,32.53#26.47,25.59,16.31,32.41#27.18,25.53,16.35,32.64#26.43,25.78,16.43,32.91#26.90,25.50,16.32,32.88#TRH#41.83,38.82,41.91,35.86,42.09,33.72,41.80,38.82!","10:35:11, 41.3706588745, 1.9959436655, 144.6585998535, 0.0153"
2025-04-23 12:36:45,"ECS#0.47,-0.21,0.19,26.00,2.09#0.28,-0.21,0.18,25.00,2.09#0.18,-0.21,0.18,26.00,2.18#0.37,-0.21,0.19,25.00,2.09#0.28,-0.23,0.19,24.00,2.09#0.28,-0.21,0.18,24.00,2.09#0.37,-0.19,0.18,25.00,2.09#0.28,-0.25,0.18,25.00,2.18#0.18,-0.25,0.18,26.00,2.18#0.28,-0.23,0.18,24.00,2.09#0.37,-0.23,0.18,25.00,2.09#0.37,-0.23,0.18,26.00,2.18#0.18,-0.21,0.18,24.00,2.18#0.37,-0.17,0.19,24.00,2.09#TRH#29.94,34.09,30.12,39.61!","10:35:15, 41.3706588745, 1.9959439039, 144.6466979980, 0.0150"
2025-04-23 12:36:48,,"10:35:17, 41.3706588745, 1.9959440231, 144.6678924561, 0.0148"
2025-04-23 12:36:48,"MXD#51.59,5.22,252.40,191.55,0.00,894.37,140.87,544#51.51,5.22,207.83,193.18,0.00,957.98,146.41,544#51.62,5.21,230.42,190.13,0.00,855.87,149.82,544#51.75,5.21,239.81,180.11,0.00,883.24,139.97,544#51.81,5.22,241.68,195.68,0.00,958.95,128.52,544#51.46,5.21,242.37,183.62,0.00,923.28,146.56,544#51.71,5.21,245.86,188.27,0.00,885.93,142.02,539#51.64,5.21,247.28,199.56,0.00,862.26,143.95,539#51.76,5.21,248.54,200.57,0.00,898.62,141.16,539#TRH#750.98,128.00,30.67,34.50,30.69,32.87,30.72,33.28!","10:35:19, 41.3706588745, 1.9959440231, 144.6548004150, 0.0141"
2025-04-23 12:36:51,,"10:35:21, 41.3706588745, 1.9959439039, 144.6378936768, 0.0141"
2025-04-23 12:36:52,"MXA#26.55,25.51,16.33,32.99#27.29,25.71,16.48,32.82#27.35,25.69,16.43,32.73#26.98,25.83,16.45,32.77#26.34,25.68,16.39,32.59#26.47,25.56,16.39,32.60#26.56,25.65,16.37,32.95#27.28,25.86,16.50,32.90#TRH#41.83,38.62,41.92,35.57,42.12,33.42,41.78,38.62!","10:35:23, 41.3706588745, 1.9959437847, 144.6728057861, 0.0148"
2025-04-23 12:36:54,"ECS#0.28,-0.23,0.18,24.00,2.09#0.28,-0.19,0.18,25.00,2.09#0.47,-0.21,0.18,25.00,2.18#0.47,-0.19,0.19,24.00,2.09#0.56,-0.21,0.19,25.00,2.18#0.28,-0.23,0.18,24.00,2.09#0.28,-0.23,0.18,25.00,2.00#0.28,-0.21,0.18,25.00,2.18#0.47,-0.21,0.18,25.00,2.09#0.37,-0.21,0.18,25.00,2.27#0.37,-0.23,0.18,25.00,2.09#0.47,-0.21,0.18,25.00,2.18#0.28,-0.25,0.18,24.00,2.18#0.28,-0.21,0.18,24.00,2.09#TRH#29.94,33.43,30.12,39.14!","10:35:25, 41.3706588745, 1.9959436655, 144.6903076172, 0.0146"
2025-04-23 12:36:57,,"10:35:27, 41.3706588745, 1.9959441423, 144.6271057129, 0.0141"
2025-04-23 12:36:59,"0,544#51.84,5.21,231.52,185.18,0.00,898.31,148.10,544#51.90,5.21,239.31,205.80,0.00,927.66,143.56,544#51.76,5.21,242.71,187.70,0.00,880.25,142.55,544#51.80,5.21,244.62,190.90,0.00,960.25,147.56,544#51.84,5.21,248.18,190.45,0.00,841.51,150.48,544#51.78,5.22,249.45,182.07,0.00,946.05,135.31,542#51.93,5.21,250.00,189.17,0.00,825.43,147.06,542#52.10,5.22,252.78,191.68,0.00,842.08,134.99,542#TRH#750.98,128.00,30.67,34.07,30.69,32.42,30.72,32.63!","10:35:29, 41.3706588745, 1.9959440231, 144.6575927734, 0.0141"
2025-04-23 12:37:02,"MXA#27.01,25.98,16.49,32.84#27.28,25.89,16.49,33.00#27.37,25.95,16.50,32.92#27.06,25.97,16.54,32.91#27.39,25.93,16.51,32.87#27.42,25.97,16.53,32.92#26.74,25.85,16.44,32.63#27.39,26.05,16.55,33.07#TRH#41.88,38.49,41.95,35.28,42.14,33.05,41.78,38.49!","10:35:31, 41.3706588745, 1.9959429502, 144.6121978760, 0.0177"
2025-04-23 12:37:04,"ECS#0.37,-0.27,0.18,24.00,2.09#0.28,-0.27,0.18,26.00,2.18#0.18,-0.19,0.18,25.00,2.09#0.28,-0.23,0.18,26.00,2.09#0.18,-0.23,0.18,26.00,2.09#0.37,-0.21,0.18,23.00,2.00#0.28,-0.23,0.18,24.00,2.09#0.47,-0.23,0.18,25.00,2.09#0.66,-0.21,0.18,25.00,2.09#0.37,-0.14,0.18,25.00,2.09#0.37,-0.25,0.18,24.00,2.09#0.37,-0.21,0.17,25.00,2.09#0.08,-0.27,0.17,25.00,2.18#0.08,-0.23,0.17,25.00,2.09#TRH#29.97,32.81,30.12,38.64!","10:35:33, 41.3706550598, 1.9959424734, 144.7485046387, 0.3015"
2025-04-23 12:37:07,,"10:35:35, 41.3706474304, 1.9959373474, 144.6159973145, 0.4091"
2025-04-23 12:37:08,"MXD#52.01,5.21,253.53,190.64,0.00,868.71,147.01,546#52.07,5.21,210.14,207.55,0.00,950.23,147.60,546#52.11,5.21,234.06,205.94,0.00,865.19,150.18,546#51.75,5.21,244.10,195.28,0.00,940.94,146.41,546#51.98,5.22,246.39,193.64,0.00,898.62,139.92,546#51.94,5.21,248.36,199.49,0.00,913.02,159.01,544#51.99,5.21,250.73,207.90,0.00,880.25,158.00,544#52.13,5.22,252.40,202.14,0.00,941.90,150.43,544#51.94,5.21,254.28,195.54,0.00,946.69,140.39,544#TRH#750.98,128.00,30.67,33.58,30.69,31.84,30.72,32.27!","10:35:37, 41.3706398010, 1.9959281683, 144.4712066650, 0.6330"
2025-04-23 12:37:11,,"10:35:39, 41.3706359863, 1.9959193468, 143.9624938965, 0.9333"
2025-04-23 12:37:11,"MXA#27.42,26.07,16.58,33.12#27.49,26.22,16.58,33.02#27.42,26.19,16.66,33.19#27.48,26.09,16.61,33.04#27.57,26.27,16.65,33.03#27.14,26.23,16.62,33.19#27.58,26.28,16.61,33.06#27.26,26.32,16.68,33.10#TRH#41.88,38.41,41.92,35.22,42.16,33.00,41.80,38.41!","10:35:41, 41.3706359863, 1.9959089756, 143.3997955322, 1.1325"
2025-04-23 12:37:14,"ECS#0.28,-0.23,0.17,24.00,2.09#0.28,-0.27,0.18,24.00,2.09#0.37,-0.23,0.17,25.00,2.09#0.18,-0.23,0.17,25.00,2.09#0.28,-0.23,0.17,25.00,2.09#0.37,-0.21,0.17,25.00,2.09#0.08,-0.25,0.18,26.00,2.18#0.37,-0.23,0.17,26.00,2.09#0.08,-0.19,0.17,24.00,2.09#0.37,-0.17,0.18,25.00,2.09#0.18,-0.23,0.17,23.00,2.18#0.08,-0.21,0.17,24.00,2.00#0.47,-0.23,0.18,24.00,2.09#0.47,-0.23,0.18,24.00,2.09#0.37,-0.19,0.17,25.00,2.09#TRH#29.94,32.63,30.17,38.45!","10:35:43, 41.3706321716, 1.9959002733, 143.5596008301, 1.3707"
2025-04-23 12:37:17,,"10:35:45, 41.3706207275, 1.9958941936, 143.2841949463, 1.6020"
2025-04-23 12:37:18,"MXD#51.75,5.21,253.53,188.27,0.00,899.53,132.32,552#51.77,5.21,211.83,202.62,0.00,929.86,136.41,552#52.07,5.21,235.67,190.00,0.00,892.25,145.72,552#51.98,5.21,244.62,198.55,0.00,933.96,144.98,552#52.11,5.21,244.98,194.62,0.00,880.25,134.90,552#51.97,5.21,249.63,186.62,0.00,896.79,142.40,555#52.16,5.21,250.92,199.76,0.00,794.46,141.83,555#52.14,5.21,252.59,206.71,0.00,886.53,136.60,555#52.05,5.22,255.04,201.46,0.00,872.84,133.72,555#52.16,5.21,255.81,192.66,0.00,934.60,145.92,555#TRH#750.98,128.00,30.69,33.40,30.70,31.75,30.73,32.16!","10:35:47, 41.3706092834, 1.9958938360, 143.9134063721, 1.7473"
2025-04-23 12:37:21,"MXA#27.49,26.27,16.62,33.15#27.47,26.28,16.65,33.19#27.57,26.08,16.57,32.84#26.98,26.17,16.70,33.20#27.04,26.13,16.70,33.07#27.58,26.30,16.71,32.84#27.41,26.35,16.73,32.95#27.71,26.13,16.61,32.80#TRH#41.88,38.45,41.97,35.24,42.14,33.06,41.78,38.45!","10:35:49, 41.3705940247, 1.9958844185, 145.2191009521, 1.8718"
2025-04-23 12:37:24,"ECS#0.28,-0.19,0.17,23.00,2.09#0.28,-0.25,0.17,24.00,2.09#0.37,-0.23,0.17,24.00,2.09#0.28,-0.25,0.17,25.00,2.09#0.28,-0.21,0.16,24.00,2.00#0.28,-0.21,0.17,24.00,2.09#0.28,-0.21,0.18,25.00,2.09#0.18,-0.21,0.17,25.00,2.18#0.28,-0.19,0.17,24.00,2.00#0.28,-0.17,0.17,25.00,2.00#0.18,-0.19,0.17,25.00,2.09#0.18,-0.21,0.17,25.00,2.09#0.18,-0.21,0.17,24.00,2.09#0.28,-0.27,0.17,26.00,2.18#TRH#29.97,32.65,30.17,38.32!","10:35:51, 41.3705902100, 1.9958872795, 144.6941070557, 1.8729"
2025-04-23 12:37:27,,"10:35:53, 41.3705863953, 1.9958876371, 144.5260009766, 1.9641"
2025-04-23 12:37:28,"MXD#52.14,5.22,255.43,197.61,0.00,912.10,151.76,555#52.19,5.21,212.62,198.14,0.00,864.31,145.23,555#52.09,5.21,235.84,221.33,0.00,880.55,141.40,555#52.24,5.21,245.50,193.31,0.00,926.41,142.94,555#52.53,5.21,247.46,186.62,0.00,955.71,145.08,553#52.37,5.22,250.00,188.85,0.00,905.94,133.49,553#52.23,5.21,252.40,199.35,0.00,921.72,159.28,553#52.20,5.21,252.59,184.80,0.00,934.60,134.40,553#52.06,5.22,255.62,194.75,0.00,903.80,143.56,553#TRH#750.98,128.00,30.69,33.64,30.72,31.87,30.75,32.33!","10:35:55, 41.3705749512, 1.9958838224, 145.3365936279, 1.7062"
2025-04-23 12:37:31,,"10:35:57, 41.3705749512, 1.9958633184, 144.8269958496, 0.7784"
2025-04-23 12:37:31,"MXA#27.35,26.26,16.69,33.18#27.55,26.05,16.62,32.90#27.60,26.08,16.59,32.84#26.93,26.21,16.62,32.79#26.97,26.15,16.65,32.93#27.66,26.43,16.79,33.29#27.39,26.28,16.75,33.11#26.71,26.08,16.66,32.77#TRH#41.88,38.41,41.98,35.30,42.14,33.09,41.78,38.41!","10:35:59, 41.3705787659, 1.9958615303, 144.7528076172, 0.6079"
2025-04-23 12:37:34,"ECS#0.08,-0.23,0.17,24.00,2.09#0.18,-0.17,0.17,25.00,2.09#0.28,-0.21,0.18,24.00,2.09#0.18,-0.21,0.17,25.00,2.00#0.28,-0.19,0.16,26.00,2.18#0.37,-0.21,0.17,25.00,2.18#0.37,-0.21,0.18,25.00,2.18#0.28,-0.19,0.17,25.00,2.09#0.56,-0.21,0.18,24.00,2.09#0.28,-0.14,0.17,25.00,2.09#0.28,-0.25,0.17,25.00,2.09#0.37,-0.23,0.17,24.00,2.09#0.08,-0.23,0.17,26.00,2.09#0.28,-0.25,0.17,26.00,2.09#0.18,-0.21,0.17,24.00,2.18#TRH#29.95,32.90,30.20,38.55!","10:35:1, 41.3705787659, 1.9958624840, 144.7303924561, 0.5522"
2025-04-23 12:37:37,,"10:36:3, 41.3705825806, 1.9958626032, 144.6914062500, 0.5725"
2025-04-23 12:37:38,"MXD#52.16,5.21,256.38,203.51,0.00,914.26,133.49,551#52.14,5.21,211.31,199.42,0.00,966.77,143.56,551#52.19,5.21,235.19,201.94,0.00,875.50,153.51,551#52.02,5.21,244.10,201.32,0.00,898.01,139.07,551#52.26,5.21,246.57,212.96,0.00,872.84,143.56,549#52.05,5.21,247.82,191.16,0.00,935.23,156.29,549#52.09,5.21,250.37,212.24,0.00,931.75,153.67,549#52.14,5.21,253.15,197.61,0.00,973.99,143.22,549#52.09,5.21,254.09,221.56,0.00,853.27,136.41,549#51.90,5.21,255.43,190.39,0.00,965.79,146.56,549#TRH#750.98,128.00,30.72,33.86,30.72,32.20,30.77,32.67!","10:36:5, 41.3705825806, 1.9958637953, 143.7823028564, 0.7361"
2025-04-23 12:37:41,,"10:36:7, 41.3705863953, 1.9958662987, 143.6349029541, 0.7854"
2025-04-23 12:37:42,"MXA#26.62,26.06,16.65,32.77#27.02,26.00,16.68,32.89#27.35,26.23,16.81,33.23#27.55,25.97,16.66,32.94#27.74,25.99,16.65,32.75#27.11,26.01,16.74,33.26#27.22,26.04,16.68,33.13#27.70,26.19,16.67,32.74#27.71,26.15,16.66,32.84#TRH#41.88,38.49,41.95,35.33,42.16,33.21,41.83,38.49!","10:36:9, 41.3705863953, 1.9958655834, 143.7852020264, 0.5885"
2025-04-23 12:37:45,"ECS#0.28,-0.25,0.16,26.00,2.00#0.28,-0.23,0.18,25.00,2.00#0.37,-0.19,0.17,25.00,2.09#0.18,-0.23,0.17,24.00,2.00#0.37,-0.25,0.18,25.00,2.09#0.37,-0.19,0.17,25.00,2.09#0.28,-0.21,0.17,24.00,2.00#0.18,-0.19,0.17,25.00,2.09#0.18,-0.23,0.17,25.00,2.18#0.18,-0.21,0.16,24.00,2.00#0.18,-0.23,0.17,24.00,2.00#0.28,-0.25,0.17,24.00,2.00#0.28,-0.21,0.17,25.00,2.00#0.28,-0.21,0.17,25.00,2.18#0.56,-0.17,0.18,26.00,2.18#0.28,-0.23,0.17,25.00,2.09#TRH#29.95,33.10,30.20,38.71!","10:36:11, 41.3705863953, 1.9958657026, 143.8883972168, 0.4968"
2025-04-23 12:37:48,,"10:36:13, 41.3705863953, 1.9958657026, 144.0054016113, 0.5293"
2025-04-23 12:37:49,"MXD#51.93,5.21,254.28,197.81,0.00,877.87,149.97,543#51.99,5.21,210.40,204.06,0.00,936.50,138.32,543#52.12,5.21,235.02,196.87,0.00,966.12,136.50,543#52.22,5.21,243.93,199.96,0.00,906.56,148.76,539#51.99,5.21,246.57,215.35,0.00,951.83,139.31,539#52.03,5.21,248.36,207.83,0.00,890.44,140.11,539#51.99,5.21,250.18,201.87,0.00,920.78,153.36,539#52.14,5.21,251.84,195.35,0.00,905.33,147.96,539#51.90,5.21,252.22,197.88,0.00,911.79,147.16,539#51.83,5.21,251.10,202.48,0.00,923.59,143.08,545#TRH#750.98,128.00,30.73,33.80,30.72,32.14,30.78,32.55!","10:36:15, 41.3705863953, 1.9958657026, 143.9906005859, 0.5587"
2025-04-23 12:37:52,,"10:36:17, 41.3705863953, 1.9958654642, 143.9915924072, 0.5675"
2025-04-23 12:37:52,"MXA#27.11,26.15,16.80,33.18#26.86,26.01,16.77,33.22#27.01,25.97,16.71,33.21#27.60,25.97,16.65,32.80#26.88,25.98,16.71,33.21#27.18,25.94,16.64,33.13#27.08,26.03,16.68,32.99#26.71,26.03,16.70,32.71#TRH#41.91,38.41,41.95,35.30,42.14,33.17,41.78,38.41!","10:36:19, 41.3705863953, 1.9958652258, 143.8009948730, 0.5764"
2025-04-23 12:37:54,"ECS#0.08,-0.23,0.17,25.00,2.18#0.18,-0.17,0.16,24.00,2.09#0.37,-0.23,0.17,26.00,2.09#0.37,-0.25,0.17,24.00,2.18#0.28,-0.21,0.17,25.00,2.09#0.08,-0.19,0.17,24.00,2.09#0.28,-0.23,0.17,24.00,2.00#0.08,-0.23,0.17,25.00,2.09#0.37,-0.21,0.16,24.00,2.09#0.28,-0.23,0.17,25.00,2.09#0.28,-0.23,0.17,25.00,2.09#0.28,-0.23,0.18,24.00,2.18#0.28,-0.25,0.17,24.00,2.09#0.18,-0.21,0.17,25.00,2.09#TRH#30.00,32.89,30.20,38.57!","10:36:21, 41.3705902100, 1.9958648682, 143.5778045654, 0.4525"
2025-04-23 12:37:57,,"10:36:23, 41.3705940247, 1.9958651066, 143.4105072021, 0.4291"
2025-04-23 12:37:58,"MXD#52.12,5.21,256.77,197.14,0.00,876.98,142.21,545#52.06,5.21,211.31,197.01,0.00,924.53,149.26,545#52.08,5.21,234.70,194.88,0.00,861.10,158.21,543#52.18,5.21,243.23,206.99,0.00,948.62,155.34,543#52.19,5.21,246.75,205.03,0.00,877.87,143.52,543#52.00,5.21,249.09,187.64,0.00,877.28,140.16,543#52.02,5.21,251.47,196.41,0.00,876.39,133.76,543#51.97,5.21,251.84,195.94,0.00,899.53,154.45,543#51.97,5.21,254.28,191.68,0.00,939.67,140.68,540#TRH#750.98,128.00,30.73,33.82,30.72,32.10,30.78,32.47!","10:36:25, 41.3705978394, 1.9958661795, 143.8746032715, 0.4071"
2025-04-23 12:38:01,,"10:36:27, 41.3705978394, 1.9958670139, 144.4122009277, 0.4130"
2025-04-23 12:38:01,"MXA#26.81,26.07,16.70,32.76#27.00,25.98,16.73,32.84#27.04,26.01,16.71,32.72#26.98,26.11,16.70,32.87#26.97,26.01,16.68,32.85#27.54,26.27,16.83,33.16#27.70,26.22,16.79,33.02#27.66,26.19,16.70,32.82#TRH#41.88,38.41,41.97,35.27,42.16,33.11,41.83,38.41!","10:36:29, 41.3706016541, 1.9958676100, 145.1880950928, 0.3892"
2025-04-23 12:38:04,"ECS#0.18,-0.21,0.17,25.00,2.18#0.37,-0.21,0.17,23.00,2.00#0.08,-0.23,0.17,25.00,2.09#0.28,-0.23,0.17,24.00,2.00#-0.01,-0.23,0.17,24.00,2.09#0.37,-0.17,0.17,24.00,2.18#0.37,-0.21,0.17,25.00,2.09#0.37,-0.19,0.18,24.00,2.00#0.18,-0.21,0.16,24.00,2.09#0.28,-0.19,0.17,24.00,2.09#0.47,-0.27,0.17,25.00,2.09#0.37,-0.21,0.16,26.00,2.18#0.37,-0.19,0.17,25.00,2.27#0.56,-0.21,0.17,24.00,2.00#TRH#30.00,32.89,30.20,38.51!","10:36:31, 41.3706016541, 1.9958674908, 145.4635925293, 0.4206"
2025-04-23 12:38:07,,"10:36:33, 41.3706016541, 1.9958666563, 145.1356048584, 0.3800"
2025-04-23 12:38:08,"MXD#52.08,5.21,255.62,203.17,0.00,885.33,158.69,540#52.16,5.21,211.44,201.46,0.00,943.50,136.09,540#52.17,5.21,233.26,195.28,0.00,956.03,150.18,547#51.97,5.21,243.06,198.95,0.00,886.83,142.60,547#51.92,5.21,245.68,190.19,0.00,953.77,141.78,547#51.93,5.21,248.91,196.47,0.00,884.13,152.84,547#51.96,5.21,249.45,189.42,0.00,941.90,154.61,547#51.99,5.21,252.59,190.90,0.00,909.94,134.81,547#52.20,5.21,254.09,207.69,0.00,957.33,127.53,540#52.02,5.21,254.66,198.55,0.00,868.42,150.79,540#TRH#750.98,128.00,30.75,33.66,30.77,32.01,30.78,32.46!","10:36:35, 41.3706016541, 1.9958660603, 144.8793945313, 0.4333"
2025-04-23 12:38:11,"MXA#27.63,26.01,16.66,32.75#27.75,26.25,16.70,32.71#27.70,26.26,16.71,32.80#27.63,26.32,16.84,33.10#27.46,26.23,16.82,33.02#27.70,26.15,16.72,32.76#27.75,26.19,16.69,32.67#27.76,26.18,16.82,33.00#TRH#41.91,38.39,41.98,35.21,42.19,33.08,41.83,38.39!","10:36:37, 41.3706016541, 1.9958665371, 144.2530975342, 0.4086"
2025-04-23 12:38:14,"ECS#0.08,-0.23,0.17,24.00,2.09#0.37,-0.19,0.17,24.00,2.18#0.28,-0.25,0.17,25.00,2.09#0.08,-0.21,0.17,25.00,2.18#0.37,-0.21,0.17,25.00,2.18#0.08,-0.19,0.17,25.00,2.00#0.08,-0.23,0.16,24.00,2.09#0.08,-0.23,0.17,24.00,2.00#0.18,-0.21,0.17,25.00,2.09#0.08,-0.23,0.17,25.00,2.09#0.28,-0.23,0.17,24.00,2.00#0.37,-0.19,0.18,24.00,2.09#0.18,-0.17,0.17,24.00,2.09#0.18,-0.17,0.17,25.00,2.09#0.37,-0.19,0.17,24.00,2.09#TRH#30.03,32.78,30.27,38.44!","10:36:39, 41.3706054688, 1.9958674908, 143.5391998291, 0.3635"
2025-04-23 12:38:17,,"10:36:41, 41.3706054688, 1.9958680868, 143.0523986816, 0.3497"
2025-04-23 12:38:19,".27,133.31,546#52.08,5.21,248.72,199.56,0.00,871.65,148.46,546#51.88,5.21,252.40,187.06,0.00,927.98,150.74,546#52.05,5.21,252.96,198.55,0.00,901.66,148.71,551#52.23,5.20,255.43,191.42,0.00,899.22,140.68,551#52.03,5.21,255.81,205.10,0.00,912.40,149.41,551#TRH#750.98,128.00,30.75,34.28,30.78,32.72,30.78,33.15!","10:36:43, 41.3706054688, 1.9958679676, 142.7055969238, 0.3382"
